"","Trial","Value_SS","Delay","Val_prc","Choice","RT","respSide","loopID","realID","Drug","Value_LL","Condition"
"1",1,20,1,1.02,0,2.2054,0,1,"Subject_1","2",20.4,2
"2",2,20,1,1.2,1,2.1766,0,1,"Subject_1","2",24,2
"3",3,100,5,1.01,1,3.182,0,1,"Subject_1","2",101,1
"4",4,20,8,2,1,2.1525,0,1,"Subject_1","2",40,2
"5",5,20,14,7,1,1.9924,0,1,"Subject_1","2",140,2
"6",6,20,1,1.1,0,2.8691,1,1,"Subject_1","2",22,2
"7",7,20,3,1.5,1,1.5741,0,1,"Subject_1","2",30,2
"8",8,20,8,5,1,2.0503,0,1,"Subject_1","2",100,2
"9",9,20,14,1.2,0,1.5964,0,1,"Subject_1","2",24,2
"10",10,100,3,1.05,0,1.7445,1,1,"Subject_1","2",105,1
"11",11,20,30,1.02,0,1.8925,0,1,"Subject_1","2",20.4,2
"12",12,100,5,4,1,1.3603,0,1,"Subject_1","2",400,1
"13",13,100,30,10,1,1.3866,0,1,"Subject_1","2",1000,1
"14",14,100,30,13,0,2.2969,0,1,"Subject_1","2",1300,1
"15",15,100,5,1.2,0,1.5348,0,1,"Subject_1","2",120,1
"16",16,100,5,2.5,1,1.462,1,1,"Subject_1","2",250,1
"17",17,20,8,1.1,0,1.4836,0,1,"Subject_1","2",22,2
"18",18,100,8,2,0,1.5879,0,1,"Subject_1","2",200,1
"19",19,20,30,2,0,2.0482,1,1,"Subject_1","2",40,2
"20",20,100,60,10,0,2.0172,0,1,"Subject_1","2",1000,1
"21",21,100,3,2,1,1.4751,0,1,"Subject_1","2",200,1
"22",22,100,5,1.05,0,1.6956,1,1,"Subject_1","2",105,1
"23",23,20,1,1.01,0,1.5412,1,1,"Subject_1","2",20.2,2
"24",24,100,5,1.5,0,1.7694,0,1,"Subject_1","2",150,1
"25",25,100,5,7,1,1.1953,1,1,"Subject_1","2",700,1
"26",26,100,60,1.05,0,1.1474,0,1,"Subject_1","2",105,1
"27",27,20,3,7,1,1.8254,0,1,"Subject_1","2",140,2
"28",28,100,3,1.02,0,1.2566,1,1,"Subject_1","2",102,1
"29",29,100,8,4,1,1.1855,0,1,"Subject_1","2",400,1
"30",30,20,60,1.01,0,1.5862,1,1,"Subject_1","2",20.2,2
"31",31,100,3,3,0,1.806,1,1,"Subject_1","2",300,1
"32",32,20,14,1.05,0,1.8105,0,1,"Subject_1","2",21,2
"33",33,20,14,1.02,0,1.7244,0,1,"Subject_1","2",20.4,2
"34",34,20,30,10,0,1.7543,0,1,"Subject_1","2",200,2
"35",35,20,14,2,0,1.4828,0,1,"Subject_1","2",40,2
"36",36,20,30,4,1,1.6531,0,1,"Subject_1","2",80,2
"37",37,20,1,1.5,1,1.8001,1,1,"Subject_1","2",30,2
"38",38,100,60,2.5,0,1.4112,1,1,"Subject_1","2",250,1
"39",39,100,30,7,0,1.8107,0,1,"Subject_1","2",700,1
"40",40,100,1,13,1,1.5307,0,1,"Subject_1","2",1300,1
"41",41,100,3,7,1,1.8003,1,1,"Subject_1","2",700,1
"42",42,100,1,1.1,0,1.232,0,1,"Subject_1","2",110,1
"43",43,20,1,3,1,1.7768,0,1,"Subject_1","2",60,2
"44",44,100,5,1.02,0,1.5626,1,1,"Subject_1","2",102,1
"45",45,20,3,1.1,0,1.5382,1,1,"Subject_1","2",22,2
"46",46,20,8,2.5,0,1.6696,1,1,"Subject_1","2",50,2
"47",47,20,30,13,0,1.4975,0,1,"Subject_1","2",260,2
"48",48,100,60,1.1,0,1.5354,0,1,"Subject_1","2",110,1
"49",49,20,60,13,0,1.5047,0,1,"Subject_1","2",260,2
"50",50,20,14,10,1,1.525,0,1,"Subject_1","2",200,2
"51",51,100,14,2.5,0,1.5375,1,1,"Subject_1","2",250,1
"52",52,100,5,2,0,1.2817,0,1,"Subject_1","2",200,1
"53",53,100,1,1.5,0,1.1085,0,1,"Subject_1","2",150,1
"54",54,100,30,1.1,0,1.3466,0,1,"Subject_1","2",110,1
"55",55,100,30,2.5,0,1.3102,1,1,"Subject_1","2",250,1
"56",56,100,30,2,0,1.3077,0,1,"Subject_1","2",200,1
"57",57,20,14,3,0,1.5404,0,1,"Subject_1","2",60,2
"58",58,100,1,5,1,1.5833,1,1,"Subject_1","2",500,1
"59",59,20,8,1.8,0,1.264,0,1,"Subject_1","2",36,2
"60",60,100,14,1.02,0,1.6455,1,1,"Subject_1","2",102,1
"61",61,20,60,3,0,1.3919,1,1,"Subject_1","2",60,2
"62",62,20,30,2.5,0,1.4176,1,1,"Subject_1","2",50,2
"63",63,100,8,13,0,1.1633,0,1,"Subject_1","2",1300,1
"64",64,100,30,1.05,0,1.2966,1,1,"Subject_1","2",105,1
"65",65,20,60,10,0,1.1348,1,1,"Subject_1","2",200,2
"66",66,100,5,1.8,1,1.315,1,1,"Subject_1","2",180,1
"67",67,100,3,1.01,1,1.3566,1,1,"Subject_1","2",101,1
"68",68,100,60,1.2,0,1.4896,1,1,"Subject_1","2",120,1
"69",69,20,5,2.5,0,1.4745,0,1,"Subject_1","2",50,2
"70",70,20,5,4,1,1.4501,1,1,"Subject_1","2",80,2
"71",71,100,14,3,0,1.1377,0,1,"Subject_1","2",300,1
"72",72,100,30,1.01,0,1.3285,1,1,"Subject_1","2",101,1
"73",73,20,5,1.8,0,1.2221,1,1,"Subject_1","2",36,2
"74",74,20,5,5,0,1.5314,1,1,"Subject_1","2",100,2
"75",75,20,60,1.8,0,1.7566,1,1,"Subject_1","2",36,2
"76",76,20,14,13,1,1.7035,1,1,"Subject_1","2",260,2
"77",77,100,30,5,1,2.2313,1,1,"Subject_1","2",500,1
"78",78,20,8,10,1,1.5946,0,1,"Subject_1","2",200,2
"79",79,20,14,1.5,0,1.6675,1,1,"Subject_1","2",30,2
"80",80,100,60,1.02,0,1.5512,1,1,"Subject_1","2",102,1
"81",81,20,14,1.01,0,1.6675,1,1,"Subject_1","2",20.2,2
"82",82,100,8,10,1,1.9021,1,1,"Subject_1","2",1000,1
"83",83,20,8,3,0,1.3178,0,1,"Subject_1","2",60,2
"84",84,100,60,13,1,1.608,0,1,"Subject_1","2",1300,1
"85",85,20,5,1.2,0,1.3266,0,1,"Subject_1","2",24,2
"86",86,20,30,1.01,0,1.131,1,1,"Subject_1","2",20.2,2
"87",87,100,14,7,1,1.423,1,1,"Subject_1","2",700,1
"88",88,100,60,2,0,1.6955,1,1,"Subject_1","2",200,1
"89",89,100,14,10,1,1.6644,1,1,"Subject_1","2",1000,1
"90",90,20,3,4,1,1.6735,0,1,"Subject_1","2",80,2
"91",91,100,14,1.2,0,1.3471,0,1,"Subject_1","2",120,1
"92",92,20,5,1.02,0,1.2303,1,1,"Subject_1","2",20.4,2
"93",93,20,30,5,0,1.5985,1,1,"Subject_1","2",100,2
"94",94,20,3,3,1,1.5695,1,1,"Subject_1","2",60,2
"95",95,20,60,1.1,1,1.5393,0,1,"Subject_1","2",22,2
"96",96,20,8,1.02,0,1.3781,1,1,"Subject_1","2",20.4,2
"97",97,20,60,2,0,1.7717,0,1,"Subject_1","2",40,2
"98",98,100,60,5,0,1.828,0,1,"Subject_1","2",500,1
"99",99,100,30,4,0,1.905,0,1,"Subject_1","2",400,1
"100",100,100,30,3,0,1.4922,1,1,"Subject_1","2",300,1
"101",101,100,14,1.1,0,1.4445,1,1,"Subject_1","2",110,1
"102",102,100,8,5,1,1.7262,1,1,"Subject_1","2",500,1
"103",103,100,8,3,0,2.38,0,1,"Subject_1","2",300,1
"104",104,100,60,1.01,0,1.356,1,1,"Subject_1","2",101,1
"105",105,100,60,4,0,1.9855,1,1,"Subject_1","2",400,1
"106",106,20,14,1.1,0,1.4942,1,1,"Subject_1","2",22,2
"107",107,20,1,1.8,0,1.2273,1,1,"Subject_1","2",36,2
"108",108,20,5,3,1,1.4486,0,1,"Subject_1","2",60,2
"109",109,20,14,2.5,0,1.5809,0,1,"Subject_1","2",50,2
"110",110,100,1,2,1,1.1405,0,1,"Subject_1","2",200,1
"111",111,100,14,13,0,1.587,0,1,"Subject_1","2",1300,1
"112",112,100,30,1.8,0,1.5871,1,1,"Subject_1","2",180,1
"113",113,100,3,1.8,0,1.5676,0,1,"Subject_1","2",180,1
"114",114,100,1,1.8,1,1.6439,0,1,"Subject_1","2",180,1
"115",115,100,1,10,1,1.5823,0,1,"Subject_1","2",1000,1
"116",116,20,5,1.1,0,1.426,1,1,"Subject_1","2",22,2
"117",117,20,8,1.01,0,1.3668,0,1,"Subject_1","2",20.2,2
"118",118,100,30,1.02,0,1.2625,0,1,"Subject_1","2",102,1
"119",119,100,14,1.01,0,1.084,0,1,"Subject_1","2",101,1
"120",120,100,1,1.2,1,1.6248,0,1,"Subject_1","2",120,1
"121",121,100,3,5,1,1.1316,0,1,"Subject_1","2",500,1
"122",122,100,3,10,1,1.3973,0,1,"Subject_1","2",1000,1
"123",123,20,60,5,0,1.6427,0,1,"Subject_1","2",100,2
"124",124,20,5,1.05,0,1.2418,0,1,"Subject_1","2",21,2
"125",125,20,30,1.2,0,1.2433,1,1,"Subject_1","2",24,2
"126",126,100,1,3,1,1.7215,1,1,"Subject_1","2",300,1
"127",127,20,60,1.2,0,1.7404,1,1,"Subject_1","2",24,2
"128",128,100,1,1.01,0,1.7449,1,1,"Subject_1","2",101,1
"129",129,20,8,4,0,1.7565,1,1,"Subject_1","2",80,2
"130",130,20,30,1.8,0,1.129,1,1,"Subject_1","2",36,2
"131",131,20,3,10,1,1.6159,0,1,"Subject_1","2",200,2
"132",132,20,60,1.05,0,1.488,0,1,"Subject_1","2",21,2
"133",133,100,8,1.2,0,1.4471,1,1,"Subject_1","2",120,1
"134",134,20,3,1.01,0,1.3326,1,1,"Subject_1","2",20.2,2
"135",135,100,8,1.8,0,1.5436,1,1,"Subject_1","2",180,1
"136",136,100,60,3,0,1.274,1,1,"Subject_1","2",300,1
"137",137,20,3,13,1,1.1187,0,1,"Subject_1","2",260,2
"138",138,20,3,1.02,0,1.3195,0,1,"Subject_1","2",20.4,2
"139",139,20,8,13,0,1.5185,1,1,"Subject_1","2",260,2
"140",140,20,30,1.05,0,1.9328,0,1,"Subject_1","2",21,2
"141",141,100,14,1.5,0,1.6379,0,1,"Subject_1","2",150,1
"142",142,20,30,1.5,0,1.6003,0,1,"Subject_1","2",30,2
"143",143,20,14,4,0,1.6042,0,1,"Subject_1","2",80,2
"144",144,20,14,1.8,0,1.1396,0,1,"Subject_1","2",36,2
"145",145,20,5,7,1,1.2977,1,1,"Subject_1","2",140,2
"146",146,100,5,5,1,1.3019,0,1,"Subject_1","2",500,1
"147",147,20,3,2,1,1.4843,1,1,"Subject_1","2",40,2
"148",148,20,5,1.01,0,1.3814,0,1,"Subject_1","2",20.2,2
"149",149,20,3,1.05,0,1.5092,0,1,"Subject_1","2",21,2
"150",150,100,14,2,0,1.302,1,1,"Subject_1","2",200,1
"151",151,100,3,13,1,1.4755,1,1,"Subject_1","2",1300,1
"152",152,20,1,2,1,1.3601,0,1,"Subject_1","2",40,2
"153",153,20,60,7,0,2.0414,1,1,"Subject_1","2",140,2
"154",154,100,3,1.1,0,1.7893,0,1,"Subject_1","2",110,1
"155",155,20,60,4,0,1.6879,1,1,"Subject_1","2",80,2
"156",156,100,8,2.5,0,1.8964,0,1,"Subject_1","2",250,1
"157",157,100,8,1.05,0,1.5455,1,1,"Subject_1","2",105,1
"158",158,20,60,2.5,0,1.3254,0,1,"Subject_1","2",50,2
"159",159,100,14,1.8,0,1.5634,1,1,"Subject_1","2",180,1
"160",160,100,1,1.02,1,1.363,0,1,"Subject_1","2",102,1
"161",161,100,8,1.02,0,1.214,1,1,"Subject_1","2",102,1
"162",162,100,60,1.8,0,1.2808,1,1,"Subject_1","2",180,1
"163",163,100,8,1.01,0,1.4397,0,1,"Subject_1","2",101,1
"164",164,100,8,1.1,0,1.5322,1,1,"Subject_1","2",110,1
"165",165,100,3,4,1,1.4991,1,1,"Subject_1","2",400,1
"166",166,20,3,1.8,0,1.2881,1,1,"Subject_1","2",36,2
"167",167,100,14,5,1,1.736,0,1,"Subject_1","2",500,1
"168",168,100,14,1.05,0,1.2524,0,1,"Subject_1","2",105,1
"169",169,100,5,1.1,0,1.1959,0,1,"Subject_1","2",110,1
"170",170,100,14,4,1,1.6708,1,1,"Subject_1","2",400,1
"171",171,20,1,4,1,1.4613,0,1,"Subject_1","2",80,2
"172",172,20,8,1.2,0,1.2208,0,1,"Subject_1","2",24,2
"173",173,100,5,10,1,1.6368,1,1,"Subject_1","2",1000,1
"174",174,20,5,13,0,1.7442,1,1,"Subject_1","2",260,2
"175",175,20,30,3,0,1.3246,1,1,"Subject_1","2",60,2
"176",176,100,60,1.5,0,1.4178,0,1,"Subject_1","2",150,1
"177",177,20,8,7,1,2.0835,0,1,"Subject_1","2",140,2
"178",178,100,8,1.5,0,1.5214,1,1,"Subject_1","2",150,1
"179",179,100,30,1.2,0,1.7597,0,1,"Subject_1","2",120,1
"180",180,20,1,1.05,1,1.9387,1,1,"Subject_1","2",21,2
"181",181,20,5,10,1,2.1786,1,1,"Subject_1","2",200,2
"182",182,100,5,13,1,1.3766,0,1,"Subject_1","2",1300,1
"183",183,100,60,7,0,1.4504,0,1,"Subject_1","2",700,1
"184",184,100,1,7,1,1.6592,1,1,"Subject_1","2",700,1
"185",185,20,1,2.5,1,1.3239,1,1,"Subject_1","2",50,2
"186",186,100,3,2.5,1,1.2568,0,1,"Subject_1","2",250,1
"187",187,20,1,13,1,1.4268,1,1,"Subject_1","2",260,2
"188",188,100,8,7,1,1.8025,1,1,"Subject_1","2",700,1
"189",189,20,3,1.2,0,1.6204,1,1,"Subject_1","2",24,2
"190",190,100,5,3,0,1.292,1,1,"Subject_1","2",300,1
"191",191,100,1,1.05,1,1.2462,0,1,"Subject_1","2",105,1
"192",192,20,3,2.5,1,1.3205,1,1,"Subject_1","2",50,2
"193",193,20,5,1.5,0,1.5912,0,1,"Subject_1","2",30,2
"194",194,20,1,10,1,1.7695,0,1,"Subject_1","2",200,2
"195",195,20,5,2,0,1.5386,1,1,"Subject_1","2",40,2
"196",196,100,1,4,1,1.4276,1,1,"Subject_1","2",400,1
"197",197,20,30,7,0,1.2205,1,1,"Subject_1","2",140,2
"198",198,100,3,1.2,1,1.4801,0,1,"Subject_1","2",120,1
"199",199,20,60,1.02,0,1.3983,0,1,"Subject_1","2",20.4,2
"200",200,100,1,2.5,0,1.3073,0,1,"Subject_1","2",250,1
"201",201,20,1,5,1,1.574,1,1,"Subject_1","2",100,2
"202",202,100,3,1.5,1,1.1764,0,1,"Subject_1","2",150,1
"203",203,20,3,5,1,1.3057,0,1,"Subject_1","2",100,2
"204",204,20,1,7,1,1.1113,1,1,"Subject_1","2",140,2
"205",205,20,8,1.5,0,1.6099,0,1,"Subject_1","2",30,2
"206",206,100,30,1.5,0,1.5863,1,1,"Subject_1","2",150,1
"207",207,20,60,1.5,0,1.222,0,1,"Subject_1","2",30,2
"208",208,20,8,1.05,0,1.3986,0,1,"Subject_1","2",21,2
"209",209,20,30,1.1,0,1.519,0,1,"Subject_1","2",22,2
"210",210,20,14,5,1,1.1648,1,1,"Subject_1","2",100,2
"211",1,100,5,13,1,2.3137,1,2,"Subject_2","2",1300,1
"212",2,20,8,1.01,0,4.9737,0,2,"Subject_2","2",20.2,2
"213",3,20,14,7,1,2.6218,0,2,"Subject_2","2",140,2
"214",4,20,3,10,1,2.4755,0,2,"Subject_2","2",200,2
"215",5,100,8,1.01,0,2.1955,0,2,"Subject_2","2",101,1
"216",6,20,5,5,1,2.637,0,2,"Subject_2","2",100,2
"217",7,100,8,1.1,1,2.6812,1,2,"Subject_2","2",110,1
"218",8,100,3,7,1,1.6728,1,2,"Subject_2","2",700,1
"219",9,20,3,1.2,0,2.9054,0,2,"Subject_2","2",24,2
"220",10,20,5,4,1,2.2301,1,2,"Subject_2","2",80,2
"221",11,20,14,1.02,0,3.7748,0,2,"Subject_2","2",20.4,2
"222",12,100,8,3,1,1.6703,0,2,"Subject_2","2",300,1
"223",13,100,60,2.5,1,2.6396,0,2,"Subject_2","2",250,1
"224",14,100,1,1.5,1,3.5816,0,2,"Subject_2","2",150,1
"225",15,100,60,13,1,1.4563,1,2,"Subject_2","2",1300,1
"226",16,100,14,4,1,2.8562,0,2,"Subject_2","2",400,1
"227",17,20,14,2.5,1,2.376,0,2,"Subject_2","2",50,2
"228",18,20,30,1.02,0,2.7,0,2,"Subject_2","2",20.4,2
"229",19,20,60,1.05,0,2.465,1,2,"Subject_2","2",21,2
"230",20,100,3,2,1,3.8717,1,2,"Subject_2","2",200,1
"231",21,100,3,5,1,1.6551,0,2,"Subject_2","2",500,1
"232",22,100,14,1.02,1,2.4917,1,2,"Subject_2","2",102,1
"233",23,100,60,1.2,1,1.5844,1,2,"Subject_2","2",120,1
"234",24,100,30,1.01,1,1.7134,0,2,"Subject_2","2",101,1
"235",25,100,3,1.02,0,2.4105,0,2,"Subject_2","2",102,1
"236",26,100,14,1.01,0,1.5058,0,2,"Subject_2","2",101,1
"237",27,20,30,1.1,0,2.5571,1,2,"Subject_2","2",22,2
"238",28,20,3,5,1,1.9632,0,2,"Subject_2","2",100,2
"239",29,20,3,2.5,1,1.8957,1,2,"Subject_2","2",50,2
"240",30,20,5,2,1,2.4477,1,2,"Subject_2","2",40,2
"241",31,100,30,2,1,1.7804,0,2,"Subject_2","2",200,1
"242",32,100,30,3,1,4.4102,0,2,"Subject_2","2",300,1
"243",33,20,1,2.5,1,2.0683,1,2,"Subject_2","2",50,2
"244",34,20,14,1.1,0,2.4921,1,2,"Subject_2","2",22,2
"245",35,100,3,3,1,1.5801,0,2,"Subject_2","2",300,1
"246",36,20,1,4,1,1.8586,1,2,"Subject_2","2",80,2
"247",37,100,1,1.2,1,1.6542,1,2,"Subject_2","2",120,1
"248",38,20,1,3,1,2.1374,1,2,"Subject_2","2",60,2
"249",39,100,1,1.1,0,4.4099,1,2,"Subject_2","2",110,1
"250",40,100,5,5,1,2.085,1,2,"Subject_2","2",500,1
"251",41,20,14,10,1,2.4943,1,2,"Subject_2","2",200,2
"252",42,100,30,1.05,0,2.5566,0,2,"Subject_2","2",105,1
"253",43,20,60,1.01,0,4.8184,1,2,"Subject_2","2",20.2,2
"254",44,20,1,1.2,1,3.428,0,2,"Subject_2","2",24,2
"255",45,20,8,1.05,0,3.0137,1,2,"Subject_2","2",21,2
"256",46,20,5,13,1,1.7901,1,2,"Subject_2","2",260,2
"257",47,100,14,1.5,1,3.0518,1,2,"Subject_2","2",150,1
"258",48,100,5,1.8,1,2.1705,1,2,"Subject_2","2",180,1
"259",49,20,5,1.05,0,1.9945,0,2,"Subject_2","2",21,2
"260",50,100,3,2.5,1,1.4814,0,2,"Subject_2","2",250,1
"261",51,20,60,1.1,0,2.4866,0,2,"Subject_2","2",22,2
"262",52,100,8,7,1,1.0947,0,2,"Subject_2","2",700,1
"263",53,20,30,3,1,1.2333,1,2,"Subject_2","2",60,2
"264",54,100,8,13,1,1.1521,0,2,"Subject_2","2",1300,1
"265",55,100,1,1.05,1,2.1186,1,2,"Subject_2","2",105,1
"266",56,20,30,10,1,1.3533,1,2,"Subject_2","2",200,2
"267",57,100,3,1.05,1,2.262,0,2,"Subject_2","2",105,1
"268",58,100,5,10,1,1.4643,0,2,"Subject_2","2",1000,1
"269",59,100,1,3,1,2.1718,0,2,"Subject_2","2",300,1
"270",60,20,8,13,1,0.9013,1,2,"Subject_2","2",260,2
"271",61,20,60,2,1,0.9955,0,2,"Subject_2","2",40,2
"272",62,100,1,4,1,2.1512,1,2,"Subject_2","2",400,1
"273",63,20,30,1.5,1,2.0747,1,2,"Subject_2","2",30,2
"274",64,100,60,4,1,1.8274,0,2,"Subject_2","2",400,1
"275",65,20,60,1.2,1,1.2658,1,2,"Subject_2","2",24,2
"276",66,100,8,2.5,1,1.1686,1,2,"Subject_2","2",250,1
"277",67,100,14,1.8,1,1.85,1,2,"Subject_2","2",180,1
"278",68,20,1,1.5,1,1.3573,0,2,"Subject_2","2",30,2
"279",69,100,8,4,1,1.2248,0,2,"Subject_2","2",400,1
"280",70,20,30,5,1,3.545,0,2,"Subject_2","2",100,2
"281",71,20,3,1.01,0,2.3147,0,2,"Subject_2","2",20.2,2
"282",72,100,1,2.5,1,2.2363,0,2,"Subject_2","2",250,1
"283",73,100,60,1.02,1,5.2686,0,2,"Subject_2","2",102,1
"284",74,100,1,5,1,1.2643,1,2,"Subject_2","2",500,1
"285",75,100,60,2,1,1.6629,1,2,"Subject_2","2",200,1
"286",76,100,1,1.02,1,2.2673,1,2,"Subject_2","2",102,1
"287",77,100,14,1.2,1,2.1839,1,2,"Subject_2","2",120,1
"288",78,100,14,1.1,1,1.5659,0,2,"Subject_2","2",110,1
"289",79,20,14,5,1,1.7089,0,2,"Subject_2","2",100,2
"290",80,100,14,3,1,1.3565,1,2,"Subject_2","2",300,1
"291",81,100,5,1.1,1,1.3159,0,2,"Subject_2","2",110,1
"292",82,20,60,1.5,1,1.0635,1,2,"Subject_2","2",30,2
"293",83,20,30,7,1,1.0423,0,2,"Subject_2","2",140,2
"294",84,100,8,1.2,1,2.1189,1,2,"Subject_2","2",120,1
"295",85,100,30,1.1,1,1.2032,1,2,"Subject_2","2",110,1
"296",86,100,60,1.1,1,1.4111,0,2,"Subject_2","2",110,1
"297",87,20,60,13,1,0.9361,0,2,"Subject_2","2",260,2
"298",88,100,30,1.8,1,0.7828,1,2,"Subject_2","2",180,1
"299",89,20,3,7,1,0.6258,0,2,"Subject_2","2",140,2
"300",90,100,3,13,1,0.7955,1,2,"Subject_2","2",1300,1
"301",91,100,60,3,1,1.0226,1,2,"Subject_2","2",300,1
"302",92,20,8,2.5,1,1.2189,1,2,"Subject_2","2",50,2
"303",93,100,60,1.5,1,1.4022,1,2,"Subject_2","2",150,1
"304",94,100,30,4,1,1.0112,0,2,"Subject_2","2",400,1
"305",95,20,14,2,0,1.4857,0,2,"Subject_2","2",40,2
"306",96,100,5,1.5,1,0.7208,0,2,"Subject_2","2",150,1
"307",97,100,3,1.8,1,0.9353,0,2,"Subject_2","2",180,1
"308",98,100,5,1.01,0,0.84,1,2,"Subject_2","2",101,1
"309",99,100,60,1.8,1,0.8199,0,2,"Subject_2","2",180,1
"310",100,20,3,1.05,0,1.7015,1,2,"Subject_2","2",21,2
"311",101,20,5,1.5,1,1.1905,0,2,"Subject_2","2",30,2
"312",102,100,1,13,1,0.8299,0,2,"Subject_2","2",1300,1
"313",103,100,14,1.05,1,1.0107,0,2,"Subject_2","2",105,1
"314",104,20,3,1.8,1,1.2647,0,2,"Subject_2","2",36,2
"315",105,100,30,1.5,1,1.1669,1,2,"Subject_2","2",150,1
"316",106,100,14,10,1,1.562,0,2,"Subject_2","2",1000,1
"317",107,100,30,7,1,0.957,1,2,"Subject_2","2",700,1
"318",108,20,5,1.02,0,0.8611,1,2,"Subject_2","2",20.4,2
"319",109,20,30,2,1,0.9397,0,2,"Subject_2","2",40,2
"320",110,100,8,5,1,0.777,0,2,"Subject_2","2",500,1
"321",111,100,30,1.02,1,1.3252,1,2,"Subject_2","2",102,1
"322",112,20,8,1.5,1,1.0055,1,2,"Subject_2","2",30,2
"323",113,20,8,7,1,0.6798,0,2,"Subject_2","2",140,2
"324",114,100,3,1.5,1,0.9752,1,2,"Subject_2","2",150,1
"325",115,100,5,1.05,1,1.282,0,2,"Subject_2","2",105,1
"326",116,100,5,2.5,1,0.9123,0,2,"Subject_2","2",250,1
"327",117,100,3,1.01,1,1.3587,1,2,"Subject_2","2",101,1
"328",118,20,14,1.8,1,1.7217,1,2,"Subject_2","2",36,2
"329",119,20,1,1.1,1,1.1523,0,2,"Subject_2","2",22,2
"330",120,20,14,1.05,1,1.9617,0,2,"Subject_2","2",21,2
"331",121,20,3,1.02,0,2.7062,0,2,"Subject_2","2",20.4,2
"332",122,20,3,1.1,1,2.8997,0,2,"Subject_2","2",22,2
"333",123,100,5,7,1,1.1994,1,2,"Subject_2","2",700,1
"334",124,20,14,3,1,1.2324,0,2,"Subject_2","2",60,2
"335",125,20,1,1.01,1,0.8738,0,2,"Subject_2","2",20.2,2
"336",126,20,60,10,1,1.0936,0,2,"Subject_2","2",200,2
"337",127,100,30,1.2,1,1.5572,1,2,"Subject_2","2",120,1
"338",128,100,5,1.2,1,1.1648,1,2,"Subject_2","2",120,1
"339",129,20,60,4,1,1.2131,1,2,"Subject_2","2",80,2
"340",130,20,8,1.8,1,1.0018,0,2,"Subject_2","2",36,2
"341",131,20,3,13,1,1.197,0,2,"Subject_2","2",260,2
"342",132,100,1,1.01,0,1.4181,0,2,"Subject_2","2",101,1
"343",133,100,8,1.5,1,1.2684,0,2,"Subject_2","2",150,1
"344",134,20,5,7,1,0.9466,1,2,"Subject_2","2",140,2
"345",135,20,1,1.8,1,0.8673,1,2,"Subject_2","2",36,2
"346",136,100,60,5,1,1.0533,0,2,"Subject_2","2",500,1
"347",137,20,30,1.01,0,1.3134,1,2,"Subject_2","2",20.2,2
"348",138,100,8,2,1,1.2761,1,2,"Subject_2","2",200,1
"349",139,20,8,10,1,1.0878,0,2,"Subject_2","2",200,2
"350",140,100,5,1.02,0,1.9984,0,2,"Subject_2","2",102,1
"351",141,20,60,3,1,0.8892,1,2,"Subject_2","2",60,2
"352",142,100,3,10,1,1.1131,0,2,"Subject_2","2",1000,1
"353",143,20,8,4,1,0.8611,0,2,"Subject_2","2",80,2
"354",144,100,1,10,1,0.7136,0,2,"Subject_2","2",1000,1
"355",145,20,5,1.2,1,0.8056,0,2,"Subject_2","2",24,2
"356",146,20,5,2.5,1,1.7742,1,2,"Subject_2","2",50,2
"357",147,100,5,4,1,0.5747,0,2,"Subject_2","2",400,1
"358",148,20,30,1.05,1,1.0512,0,2,"Subject_2","2",21,2
"359",149,100,60,1.01,1,0.9905,1,2,"Subject_2","2",101,1
"360",150,100,60,1.05,1,2.3692,1,2,"Subject_2","2",105,1
"361",151,100,8,10,1,3.3245,0,2,"Subject_2","2",1000,1
"362",152,100,14,13,1,0.6485,1,2,"Subject_2","2",1300,1
"363",153,20,60,1.8,1,0.9533,0,2,"Subject_2","2",36,2
"364",154,20,60,1.02,0,1.3885,0,2,"Subject_2","2",20.4,2
"365",155,100,30,13,1,0.8677,1,2,"Subject_2","2",1300,1
"366",156,100,5,3,1,1.0989,0,2,"Subject_2","2",300,1
"367",157,20,30,4,1,0.705,1,2,"Subject_2","2",80,2
"368",158,20,3,4,1,1.5353,0,2,"Subject_2","2",80,2
"369",159,100,60,10,1,0.8978,1,2,"Subject_2","2",1000,1
"370",160,20,1,10,1,0.8661,0,2,"Subject_2","2",200,2
"371",161,20,8,1.1,1,1.346,0,2,"Subject_2","2",22,2
"372",162,20,8,3,1,1.0615,1,2,"Subject_2","2",60,2
"373",163,100,1,2,1,0.9221,1,2,"Subject_2","2",200,1
"374",164,20,60,7,1,0.9636,1,2,"Subject_2","2",140,2
"375",165,20,3,2,1,1.0115,1,2,"Subject_2","2",40,2
"376",166,100,30,10,1,0.6256,1,2,"Subject_2","2",1000,1
"377",167,100,30,5,1,1.0161,1,2,"Subject_2","2",500,1
"378",168,20,1,7,1,1.0047,0,2,"Subject_2","2",140,2
"379",169,20,1,1.05,1,0.7609,1,2,"Subject_2","2",21,2
"380",170,20,14,4,1,1.4693,0,2,"Subject_2","2",80,2
"381",171,20,30,1.2,1,2.0563,0,2,"Subject_2","2",24,2
"382",172,20,1,13,1,1.4496,1,2,"Subject_2","2",260,2
"383",173,100,8,1.05,1,1.3017,1,2,"Subject_2","2",105,1
"384",174,20,8,1.02,0,2.0061,0,2,"Subject_2","2",20.4,2
"385",175,100,30,2.5,1,1.1655,0,2,"Subject_2","2",250,1
"386",176,100,1,1.8,1,1.0643,1,2,"Subject_2","2",180,1
"387",177,20,30,1.8,1,2.8043,0,2,"Subject_2","2",36,2
"388",178,20,5,1.01,1,2.9111,0,2,"Subject_2","2",20.2,2
"389",179,100,8,1.8,1,2.385,0,2,"Subject_2","2",180,1
"390",180,100,14,2,1,1.3149,1,2,"Subject_2","2",200,1
"391",181,20,14,1.01,0,2.6878,1,2,"Subject_2","2",20.2,2
"392",182,20,1,2,1,1.7503,1,2,"Subject_2","2",40,2
"393",183,20,8,5,1,1.6826,0,2,"Subject_2","2",100,2
"394",184,20,30,13,1,0.9616,1,2,"Subject_2","2",260,2
"395",185,100,3,1.1,1,1.7719,1,2,"Subject_2","2",110,1
"396",186,100,3,1.2,1,1.2762,1,2,"Subject_2","2",120,1
"397",187,20,14,1.2,1,2.192,0,2,"Subject_2","2",24,2
"398",188,100,14,2.5,1,1.2831,1,2,"Subject_2","2",250,1
"399",189,20,14,1.5,1,1.6941,0,2,"Subject_2","2",30,2
"400",190,100,1,7,1,1.1024,0,2,"Subject_2","2",700,1
"401",191,20,5,3,1,1.3411,1,2,"Subject_2","2",60,2
"402",192,20,8,1.2,1,1.8147,0,2,"Subject_2","2",24,2
"403",193,20,1,5,1,0.9612,0,2,"Subject_2","2",100,2
"404",194,20,3,1.5,0,0.7127,0,2,"Subject_2","2",30,2
"405",195,20,60,2.5,1,2.6145,1,2,"Subject_2","2",50,2
"406",196,100,60,7,1,2.794,1,2,"Subject_2","2",700,1
"407",197,20,5,1.8,1,1.2451,1,2,"Subject_2","2",36,2
"408",198,20,1,1.02,0,2.6187,0,2,"Subject_2","2",20.4,2
"409",199,20,14,13,1,1.6859,1,2,"Subject_2","2",260,2
"410",200,20,5,1.1,1,4.3177,0,2,"Subject_2","2",22,2
"411",201,20,30,2.5,1,0.8474,0,2,"Subject_2","2",50,2
"412",202,100,3,4,1,1.0101,1,2,"Subject_2","2",400,1
"413",203,100,5,2,1,0.9882,1,2,"Subject_2","2",200,1
"414",204,20,8,2,1,2.1102,1,2,"Subject_2","2",40,2
"415",205,100,14,5,1,1.2488,1,2,"Subject_2","2",500,1
"416",206,20,60,5,1,1.2303,0,2,"Subject_2","2",100,2
"417",207,20,3,3,1,0.9866,0,2,"Subject_2","2",60,2
"418",208,100,8,1.02,1,1.1972,0,2,"Subject_2","2",102,1
"419",209,100,14,7,1,0.6863,0,2,"Subject_2","2",700,1
"420",210,20,5,10,1,0.9036,1,2,"Subject_2","2",200,2
"421",1,100,3,13,1,2.6452,0,3,"Subject_3","1",1300,1
"422",2,20,1,1.01,1,2.6909,0,3,"Subject_3","1",20.2,2
"423",3,20,14,2,1,1.8471,0,3,"Subject_3","1",40,2
"424",4,100,30,2.5,1,1.9988,1,3,"Subject_3","1",250,1
"425",5,20,30,3,1,1.4545,1,3,"Subject_3","1",60,2
"426",6,100,30,1.8,1,1.3129,1,3,"Subject_3","1",180,1
"427",7,100,3,2.5,1,1.217,1,3,"Subject_3","1",250,1
"428",8,20,3,13,1,1.2484,1,3,"Subject_3","1",260,2
"429",9,20,60,2.5,1,1.4775,0,3,"Subject_3","1",50,2
"430",10,100,14,5,1,1.6723,1,3,"Subject_3","1",500,1
"431",11,100,8,1.1,1,1.8987,0,3,"Subject_3","1",110,1
"432",12,20,30,13,1,1.7767,1,3,"Subject_3","1",260,2
"433",13,100,8,3,1,1.4263,0,3,"Subject_3","1",300,1
"434",14,100,14,3,1,1.2934,0,3,"Subject_3","1",300,1
"435",15,100,30,3,1,1.5115,0,3,"Subject_3","1",300,1
"436",16,20,3,1.01,1,1.8324,1,3,"Subject_3","1",20.2,2
"437",17,100,3,1.5,1,1.7388,0,3,"Subject_3","1",150,1
"438",18,100,8,1.5,1,1.3373,0,3,"Subject_3","1",150,1
"439",19,20,1,3,1,1.5094,0,3,"Subject_3","1",60,2
"440",20,20,60,13,1,0.9111,1,3,"Subject_3","1",260,2
"441",21,20,30,5,1,1.1846,0,3,"Subject_3","1",100,2
"442",22,20,3,3,1,1.6286,1,3,"Subject_3","1",60,2
"443",23,100,1,5,1,1.3959,1,3,"Subject_3","1",500,1
"444",24,20,8,1.2,1,1.9021,1,3,"Subject_3","1",24,2
"445",25,20,14,1.01,0,1.7626,0,3,"Subject_3","1",20.2,2
"446",26,100,60,10,1,1.259,1,3,"Subject_3","1",1000,1
"447",27,20,5,2.5,1,0.9832,1,3,"Subject_3","1",50,2
"448",28,100,5,1.01,1,1.9453,1,3,"Subject_3","1",101,1
"449",29,100,3,5,1,1.1045,1,3,"Subject_3","1",500,1
"450",30,20,5,4,1,0.9966,0,3,"Subject_3","1",80,2
"451",31,20,30,4,1,0.9773,1,3,"Subject_3","1",80,2
"452",32,100,8,1.02,0,2.3281,1,3,"Subject_3","1",102,1
"453",33,20,30,1.02,0,2.0949,1,3,"Subject_3","1",20.4,2
"454",34,20,8,1.01,0,1.8579,1,3,"Subject_3","1",20.2,2
"455",35,20,14,1.5,1,1.0354,0,3,"Subject_3","1",30,2
"456",36,100,60,2.5,1,0.95,1,3,"Subject_3","1",250,1
"457",37,20,60,1.02,0,1.5773,1,3,"Subject_3","1",20.4,2
"458",38,20,8,10,1,0.9784,1,3,"Subject_3","1",200,2
"459",39,20,5,3,1,1.1572,0,3,"Subject_3","1",60,2
"460",40,100,30,4,1,1.5719,0,3,"Subject_3","1",400,1
"461",41,20,5,13,1,0.7449,1,3,"Subject_3","1",260,2
"462",42,100,60,5,1,0.8443,1,3,"Subject_3","1",500,1
"463",43,20,3,7,1,1.0969,1,3,"Subject_3","1",140,2
"464",44,20,5,1.01,1,1.7297,0,3,"Subject_3","1",20.2,2
"465",45,100,3,1.02,1,1.808,1,3,"Subject_3","1",102,1
"466",46,20,14,1.05,1,1.6318,0,3,"Subject_3","1",21,2
"467",47,20,14,5,1,1.9943,0,3,"Subject_3","1",100,2
"468",48,20,1,2,1,0.9293,0,3,"Subject_3","1",40,2
"469",49,20,1,1.05,1,1.2189,1,3,"Subject_3","1",21,2
"470",50,100,5,3,1,0.803,1,3,"Subject_3","1",300,1
"471",51,20,60,4,1,1.2104,1,3,"Subject_3","1",80,2
"472",52,20,5,2,1,0.7019,0,3,"Subject_3","1",40,2
"473",53,20,14,1.02,1,1.8717,0,3,"Subject_3","1",20.4,2
"474",54,100,1,1.05,1,1.1337,0,3,"Subject_3","1",105,1
"475",55,100,14,1.01,0,2.5223,1,3,"Subject_3","1",101,1
"476",56,100,30,2,1,1.0792,1,3,"Subject_3","1",200,1
"477",57,100,8,10,1,0.8854,0,3,"Subject_3","1",1000,1
"478",58,20,3,2,1,0.756,1,3,"Subject_3","1",40,2
"479",59,100,5,2.5,1,0.7978,1,3,"Subject_3","1",250,1
"480",60,20,14,1.8,1,1.3118,0,3,"Subject_3","1",36,2
"481",61,20,1,5,1,1.0691,0,3,"Subject_3","1",100,2
"482",62,20,60,1.01,0,1.556,1,3,"Subject_3","1",20.2,2
"483",63,20,8,1.8,1,1.174,0,3,"Subject_3","1",36,2
"484",64,100,14,1.02,0,2.0809,0,3,"Subject_3","1",102,1
"485",65,100,1,2.5,1,0.8389,1,3,"Subject_3","1",250,1
"486",66,20,1,10,1,0.7708,1,3,"Subject_3","1",200,2
"487",67,20,8,1.02,1,1.618,1,3,"Subject_3","1",20.4,2
"488",68,100,8,7,1,0.7209,0,3,"Subject_3","1",700,1
"489",69,100,14,2,1,0.7282,0,3,"Subject_3","1",200,1
"490",70,100,3,2,1,0.6941,1,3,"Subject_3","1",200,1
"491",71,100,60,1.8,1,1.0242,0,3,"Subject_3","1",180,1
"492",72,20,5,7,1,0.644,0,3,"Subject_3","1",140,2
"493",73,100,8,4,1,1.0667,1,3,"Subject_3","1",400,1
"494",74,20,5,1.05,1,2.3215,1,3,"Subject_3","1",21,2
"495",75,20,14,4,1,0.9302,0,3,"Subject_3","1",80,2
"496",76,20,1,2.5,1,1.1668,0,3,"Subject_3","1",50,2
"497",77,100,1,2,1,0.6028,0,3,"Subject_3","1",200,1
"498",78,100,8,1.01,0,1.6505,1,3,"Subject_3","1",101,1
"499",79,100,14,7,1,0.8001,1,3,"Subject_3","1",700,1
"500",80,20,30,2,1,0.833,0,3,"Subject_3","1",40,2
"501",81,20,8,5,1,1.1513,0,3,"Subject_3","1",100,2
"502",82,100,5,4,1,1.2803,1,3,"Subject_3","1",400,1
"503",83,100,5,1.1,1,0.9084,0,3,"Subject_3","1",110,1
"504",84,20,3,1.5,1,0.8023,1,3,"Subject_3","1",30,2
"505",85,20,30,1.05,0,1.8062,0,3,"Subject_3","1",21,2
"506",86,100,5,1.02,1,1.3946,0,3,"Subject_3","1",102,1
"507",87,20,14,3,1,1.4318,0,3,"Subject_3","1",60,2
"508",88,20,1,13,1,0.8725,1,3,"Subject_3","1",260,2
"509",89,100,8,5,1,1.0346,0,3,"Subject_3","1",500,1
"510",90,20,14,1.1,1,2.6739,0,3,"Subject_3","1",22,2
"511",91,20,8,2.5,1,0.8456,0,3,"Subject_3","1",50,2
"512",92,20,14,2.5,1,0.7963,0,3,"Subject_3","1",50,2
"513",93,20,3,4,1,1.0376,1,3,"Subject_3","1",80,2
"514",94,100,60,4,1,0.815,1,3,"Subject_3","1",400,1
"515",95,100,5,10,1,0.6062,0,3,"Subject_3","1",1000,1
"516",96,20,8,3,1,0.7035,0,3,"Subject_3","1",60,2
"517",97,100,60,3,1,0.5548,0,3,"Subject_3","1",300,1
"518",98,20,8,4,1,0.6566,1,3,"Subject_3","1",80,2
"519",99,100,30,1.05,1,3.0779,1,3,"Subject_3","1",105,1
"520",100,100,1,13,1,0.723,1,3,"Subject_3","1",1300,1
"521",101,20,8,1.1,1,1.5463,1,3,"Subject_3","1",22,2
"522",102,100,30,1.1,1,0.7112,1,3,"Subject_3","1",110,1
"523",103,100,5,2,1,0.9346,1,3,"Subject_3","1",200,1
"524",104,20,5,1.2,1,0.931,0,3,"Subject_3","1",24,2
"525",105,100,30,13,1,0.7858,0,3,"Subject_3","1",1300,1
"526",106,20,1,4,1,0.945,1,3,"Subject_3","1",80,2
"527",107,20,1,7,1,0.6055,1,3,"Subject_3","1",140,2
"528",108,20,3,10,1,0.5502,0,3,"Subject_3","1",200,2
"529",109,20,60,2,1,0.5788,0,3,"Subject_3","1",40,2
"530",110,20,30,7,1,0.6693,1,3,"Subject_3","1",140,2
"531",111,100,14,4,1,0.8178,1,3,"Subject_3","1",400,1
"532",112,20,30,1.8,1,0.8037,0,3,"Subject_3","1",36,2
"533",113,100,8,1.2,1,0.7382,1,3,"Subject_3","1",120,1
"534",114,20,5,1.8,1,0.7529,1,3,"Subject_3","1",36,2
"535",115,100,5,1.2,1,0.5901,1,3,"Subject_3","1",120,1
"536",116,100,30,10,1,0.7439,0,3,"Subject_3","1",1000,1
"537",117,20,60,7,1,0.6119,0,3,"Subject_3","1",140,2
"538",118,20,60,3,1,0.7478,0,3,"Subject_3","1",60,2
"539",119,100,3,1.05,1,0.8523,0,3,"Subject_3","1",105,1
"540",120,100,5,1.5,1,0.803,1,3,"Subject_3","1",150,1
"541",121,20,1,1.1,1,0.8937,1,3,"Subject_3","1",22,2
"542",122,100,30,1.01,1,1.1815,0,3,"Subject_3","1",101,1
"543",123,100,14,1.1,1,0.9684,1,3,"Subject_3","1",110,1
"544",124,100,3,1.1,1,1.0464,0,3,"Subject_3","1",110,1
"545",125,100,14,1.5,1,0.8271,1,3,"Subject_3","1",150,1
"546",126,100,8,1.8,1,0.8352,0,3,"Subject_3","1",180,1
"547",127,100,1,1.01,1,1.3613,1,3,"Subject_3","1",101,1
"548",128,20,8,2,1,1.2093,0,3,"Subject_3","1",40,2
"549",129,100,60,1.01,0,1.1662,1,3,"Subject_3","1",101,1
"550",130,20,3,1.1,1,1.3243,0,3,"Subject_3","1",22,2
"551",131,20,8,1.5,1,0.7405,1,3,"Subject_3","1",30,2
"552",132,100,14,10,1,0.8346,1,3,"Subject_3","1",1000,1
"553",133,20,60,5,1,0.691,0,3,"Subject_3","1",100,2
"554",134,20,5,1.5,1,1.1601,0,3,"Subject_3","1",30,2
"555",135,20,14,13,1,0.6669,1,3,"Subject_3","1",260,2
"556",136,100,8,2,1,0.6956,1,3,"Subject_3","1",200,1
"557",137,20,60,1.2,1,1.053,1,3,"Subject_3","1",24,2
"558",138,100,1,1.1,1,1.2883,1,3,"Subject_3","1",110,1
"559",139,100,30,1.02,1,1.5513,1,3,"Subject_3","1",102,1
"560",140,100,1,10,1,0.9829,1,3,"Subject_3","1",1000,1
"561",141,20,14,10,1,1.7897,0,3,"Subject_3","1",200,2
"562",142,20,3,1.05,1,2.0085,1,3,"Subject_3","1",21,2
"563",143,100,1,1.02,1,1.2585,1,3,"Subject_3","1",102,1
"564",144,20,3,1.02,0,2.2259,1,3,"Subject_3","1",20.4,2
"565",145,20,14,7,1,1.8694,1,3,"Subject_3","1",140,2
"566",146,20,30,1.2,1,1.0346,0,3,"Subject_3","1",24,2
"567",147,20,60,1.05,0,1.4454,1,3,"Subject_3","1",21,2
"568",148,100,3,1.01,1,2.2229,0,3,"Subject_3","1",101,1
"569",149,20,8,13,1,0.7742,0,3,"Subject_3","1",260,2
"570",150,100,60,7,1,0.9041,1,3,"Subject_3","1",700,1
"571",151,100,5,1.8,1,0.8527,1,3,"Subject_3","1",180,1
"572",152,20,5,10,1,1.1575,0,3,"Subject_3","1",200,2
"573",153,20,8,1.05,1,1.7902,0,3,"Subject_3","1",21,2
"574",154,100,14,1.2,1,0.7075,0,3,"Subject_3","1",120,1
"575",155,20,1,1.02,1,1.5015,1,3,"Subject_3","1",20.4,2
"576",156,100,3,1.2,1,0.7996,1,3,"Subject_3","1",120,1
"577",157,100,14,1.8,1,0.759,1,3,"Subject_3","1",180,1
"578",158,100,8,13,1,0.8323,1,3,"Subject_3","1",1300,1
"579",159,100,3,4,1,0.6775,0,3,"Subject_3","1",400,1
"580",160,20,5,1.02,0,1.654,1,3,"Subject_3","1",20.4,2
"581",161,20,60,1.1,0,1.8452,0,3,"Subject_3","1",22,2
"582",162,100,14,2.5,1,0.8443,1,3,"Subject_3","1",250,1
"583",163,100,60,13,1,0.7794,1,3,"Subject_3","1",1300,1
"584",164,100,3,1.8,1,0.8387,1,3,"Subject_3","1",180,1
"585",165,100,14,13,1,0.8728,1,3,"Subject_3","1",1300,1
"586",166,100,30,1.2,1,1.5067,0,3,"Subject_3","1",120,1
"587",167,100,3,3,1,0.6045,1,3,"Subject_3","1",300,1
"588",168,100,3,7,1,0.6316,1,3,"Subject_3","1",700,1
"589",169,100,60,1.1,1,0.7303,0,3,"Subject_3","1",110,1
"590",170,20,3,2.5,1,0.7654,1,3,"Subject_3","1",50,2
"591",171,20,30,2.5,1,0.6713,0,3,"Subject_3","1",50,2
"592",172,20,1,1.8,1,0.5923,1,3,"Subject_3","1",36,2
"593",173,20,3,1.8,1,1.113,0,3,"Subject_3","1",36,2
"594",174,20,60,1.8,1,0.6739,0,3,"Subject_3","1",36,2
"595",175,20,30,1.1,0,2.0752,1,3,"Subject_3","1",22,2
"596",176,20,60,1.5,1,1.659,1,3,"Subject_3","1",30,2
"597",177,100,1,1.8,1,0.7591,0,3,"Subject_3","1",180,1
"598",178,20,5,5,1,0.8267,1,3,"Subject_3","1",100,2
"599",179,100,1,3,1,0.7226,1,3,"Subject_3","1",300,1
"600",180,100,8,1.05,1,1.4372,0,3,"Subject_3","1",105,1
"601",181,100,60,1.05,0,1.6034,1,3,"Subject_3","1",105,1
"602",182,100,60,1.2,1,1.6217,1,3,"Subject_3","1",120,1
"603",183,20,60,10,1,1.1443,0,3,"Subject_3","1",200,2
"604",184,100,14,1.05,0,2.0408,1,3,"Subject_3","1",105,1
"605",185,100,8,2.5,1,0.9742,1,3,"Subject_3","1",250,1
"606",186,100,1,7,1,0.7563,1,3,"Subject_3","1",700,1
"607",187,20,3,1.2,1,0.6627,1,3,"Subject_3","1",24,2
"608",188,100,3,10,1,0.8906,1,3,"Subject_3","1",1000,1
"609",189,20,30,10,1,0.8251,1,3,"Subject_3","1",200,2
"610",190,100,5,7,1,0.9077,0,3,"Subject_3","1",700,1
"611",191,20,5,1.1,1,1.2942,1,3,"Subject_3","1",22,2
"612",192,100,5,5,1,0.7399,1,3,"Subject_3","1",500,1
"613",193,20,8,7,1,1.5811,0,3,"Subject_3","1",140,2
"614",194,20,30,1.01,1,0.7806,1,3,"Subject_3","1",20.2,2
"615",195,100,1,1.5,1,0.94,0,3,"Subject_3","1",150,1
"616",196,100,60,1.5,1,0.676,1,3,"Subject_3","1",150,1
"617",197,100,60,1.02,0,1.7092,0,3,"Subject_3","1",102,1
"618",198,100,30,5,1,0.8868,1,3,"Subject_3","1",500,1
"619",199,100,5,1.05,1,1.5235,1,3,"Subject_3","1",105,1
"620",200,20,1,1.2,1,1.0324,1,3,"Subject_3","1",24,2
"621",201,100,1,4,1,0.8006,1,3,"Subject_3","1",400,1
"622",202,100,1,1.2,1,0.6611,1,3,"Subject_3","1",120,1
"623",203,20,1,1.5,1,1.2291,0,3,"Subject_3","1",30,2
"624",204,100,30,1.5,1,0.9392,1,3,"Subject_3","1",150,1
"625",205,20,30,1.5,1,0.8785,1,3,"Subject_3","1",30,2
"626",206,100,5,13,1,0.8674,1,3,"Subject_3","1",1300,1
"627",207,20,3,5,1,0.6893,1,3,"Subject_3","1",100,2
"628",208,100,60,2,1,0.7444,1,3,"Subject_3","1",200,1
"629",209,100,30,7,1,0.6603,0,3,"Subject_3","1",700,1
"630",210,20,14,1.2,1,1.4022,1,3,"Subject_3","1",24,2
"631",1,20,30,2.5,1,4.6474,0,4,"Subject_4","1",50,2
"632",2,100,14,1.1,0,2.6939,1,4,"Subject_4","1",110,1
"633",3,100,60,2,1,3.4842,0,4,"Subject_4","1",200,1
"634",4,20,1,1.01,0,2.8993,0,4,"Subject_4","1",20.2,2
"635",5,20,3,3,1,2.6703,0,4,"Subject_4","1",60,2
"636",6,20,3,1.02,0,2.0864,1,4,"Subject_4","1",20.4,2
"637",7,100,3,1.01,0,2.1951,0,4,"Subject_4","1",101,1
"638",8,20,8,10,1,3.5183,0,4,"Subject_4","1",200,2
"639",9,20,60,5,0,3.6455,0,4,"Subject_4","1",100,2
"640",10,100,8,5,1,3.0348,1,4,"Subject_4","1",500,1
"641",11,20,30,1.01,0,2.8992,0,4,"Subject_4","1",20.2,2
"642",12,100,3,1.05,0,2.3678,1,4,"Subject_4","1",105,1
"643",13,20,5,1.05,0,1.5393,1,4,"Subject_4","1",21,2
"644",14,20,5,2,0,1.8798,0,4,"Subject_4","1",40,2
"645",15,100,30,7,1,2.0461,0,4,"Subject_4","1",700,1
"646",16,20,60,10,0,3.952,1,4,"Subject_4","1",200,2
"647",17,100,14,1.02,0,2.1844,1,4,"Subject_4","1",102,1
"648",18,20,30,1.8,0,1.9182,1,4,"Subject_4","1",36,2
"649",19,100,30,1.5,0,2.2765,0,4,"Subject_4","1",150,1
"650",20,20,3,7,1,1.7072,0,4,"Subject_4","1",140,2
"651",21,100,8,3,1,1.6524,0,4,"Subject_4","1",300,1
"652",22,20,1,1.05,0,3.1408,1,4,"Subject_4","1",21,2
"653",23,20,1,1.1,0,1.4797,1,4,"Subject_4","1",22,2
"654",24,20,14,2.5,0,2.8501,1,4,"Subject_4","1",50,2
"655",25,100,30,1.01,0,2.2484,1,4,"Subject_4","1",101,1
"656",26,20,60,1.5,0,5.7604,0,4,"Subject_4","1",30,2
"657",27,20,3,2.5,1,1.8262,1,4,"Subject_4","1",50,2
"658",28,100,5,7,1,2.1673,1,4,"Subject_4","1",700,1
"659",29,20,60,2.5,0,3.2188,1,4,"Subject_4","1",50,2
"660",30,20,14,1.5,0,2.2453,1,4,"Subject_4","1",30,2
"661",31,100,14,2.5,1,1.9519,0,4,"Subject_4","1",250,1
"662",32,100,8,1.5,1,3.8677,0,4,"Subject_4","1",150,1
"663",33,20,60,1.01,0,1.3566,1,4,"Subject_4","1",20.2,2
"664",34,20,5,3,1,3.0761,0,4,"Subject_4","1",60,2
"665",35,100,60,7,1,3.7191,1,4,"Subject_4","1",700,1
"666",36,100,14,13,1,1.9132,1,4,"Subject_4","1",1300,1
"667",37,20,5,2.5,1,3.0873,1,4,"Subject_4","1",50,2
"668",38,100,8,1.05,0,3.421,1,4,"Subject_4","1",105,1
"669",39,20,60,13,1,3.7436,1,4,"Subject_4","1",260,2
"670",40,20,1,2,1,2.2983,0,4,"Subject_4","1",40,2
"671",41,100,30,1.8,0,2.3513,1,4,"Subject_4","1",180,1
"672",42,20,1,7,1,2.0041,0,4,"Subject_4","1",140,2
"673",43,20,8,2.5,0,1.7638,1,4,"Subject_4","1",50,2
"674",44,20,1,3,1,2.4749,1,4,"Subject_4","1",60,2
"675",45,100,1,2.5,1,1.4503,0,4,"Subject_4","1",250,1
"676",46,20,5,5,1,3.238,0,4,"Subject_4","1",100,2
"677",47,20,5,13,1,1.4949,1,4,"Subject_4","1",260,2
"678",48,20,5,7,1,1.4535,1,4,"Subject_4","1",140,2
"679",49,20,8,2,0,3.0288,0,4,"Subject_4","1",40,2
"680",50,100,8,10,1,1.1834,1,4,"Subject_4","1",1000,1
"681",51,100,14,10,1,1.95,0,4,"Subject_4","1",1000,1
"682",52,20,30,1.05,0,1.1325,0,4,"Subject_4","1",21,2
"683",53,20,3,1.01,0,1.9281,0,4,"Subject_4","1",20.2,2
"684",54,100,60,1.2,0,1.5051,1,4,"Subject_4","1",120,1
"685",55,100,1,13,1,1.3375,0,4,"Subject_4","1",1300,1
"686",56,100,3,2,1,2.005,0,4,"Subject_4","1",200,1
"687",57,20,14,13,1,1.643,1,4,"Subject_4","1",260,2
"688",58,20,1,1.8,0,2.5847,0,4,"Subject_4","1",36,2
"689",59,20,1,2.5,1,2.0402,1,4,"Subject_4","1",50,2
"690",60,20,3,1.1,0,1.7914,0,4,"Subject_4","1",22,2
"691",61,20,3,1.2,0,3.0625,1,4,"Subject_4","1",24,2
"692",62,20,8,5,1,1.5355,1,4,"Subject_4","1",100,2
"693",63,20,60,2,0,2.79,0,4,"Subject_4","1",40,2
"694",64,100,30,13,1,2.1075,1,4,"Subject_4","1",1300,1
"695",65,100,8,1.02,0,1.6023,1,4,"Subject_4","1",102,1
"696",66,20,14,1.8,0,1.8284,0,4,"Subject_4","1",36,2
"697",67,20,30,3,0,1.8477,0,4,"Subject_4","1",60,2
"698",68,20,1,1.02,0,2.6319,1,4,"Subject_4","1",20.4,2
"699",69,20,30,2,0,1.545,0,4,"Subject_4","1",40,2
"700",70,20,30,1.1,0,1.4864,0,4,"Subject_4","1",22,2
"701",71,20,14,1.1,0,1.4781,0,4,"Subject_4","1",22,2
"702",72,100,8,1.2,0,2.151,0,4,"Subject_4","1",120,1
"703",73,20,14,1.01,1,2.0204,0,4,"Subject_4","1",20.2,2
"704",74,20,3,10,1,2.4502,1,4,"Subject_4","1",200,2
"705",75,20,3,2,1,3.2011,1,4,"Subject_4","1",40,2
"706",76,20,3,1.5,0,2.999,0,4,"Subject_4","1",30,2
"707",77,20,1,10,1,1.5414,0,4,"Subject_4","1",200,2
"708",78,20,3,4,1,2.5063,1,4,"Subject_4","1",80,2
"709",79,20,30,10,0,2.3978,0,4,"Subject_4","1",200,2
"710",80,100,14,1.5,0,2.8973,0,4,"Subject_4","1",150,1
"711",81,20,8,13,1,2.6941,1,4,"Subject_4","1",260,2
"712",82,100,5,1.01,0,0.8819,0,4,"Subject_4","1",101,1
"713",83,100,5,10,1,1.5457,0,4,"Subject_4","1",1000,1
"714",84,100,30,3,1,2.4154,0,4,"Subject_4","1",300,1
"715",85,20,5,4,1,1.8653,0,4,"Subject_4","1",80,2
"716",86,20,30,1.2,0,2.2353,1,4,"Subject_4","1",24,2
"717",87,100,5,2,1,2.8447,1,4,"Subject_4","1",200,1
"718",88,100,30,1.2,0,2.7468,0,4,"Subject_4","1",120,1
"719",89,20,14,7,1,4.8558,0,4,"Subject_4","1",140,2
"720",90,20,14,2,0,1.6717,1,4,"Subject_4","1",40,2
"721",91,20,14,1.02,0,1.4161,0,4,"Subject_4","1",20.4,2
"722",92,20,5,1.8,0,1.8479,1,4,"Subject_4","1",36,2
"723",93,100,14,5,1,1.6384,0,4,"Subject_4","1",500,1
"724",94,20,30,5,1,2.202,1,4,"Subject_4","1",100,2
"725",95,20,3,1.05,0,2.5689,1,4,"Subject_4","1",21,2
"726",96,20,5,1.5,0,1.9725,1,4,"Subject_4","1",30,2
"727",97,100,30,2.5,1,3.0803,0,4,"Subject_4","1",250,1
"728",98,100,3,5,1,1.5031,0,4,"Subject_4","1",500,1
"729",99,100,30,1.05,0,1.5244,1,4,"Subject_4","1",105,1
"730",100,20,1,5,1,1.6713,1,4,"Subject_4","1",100,2
"731",101,100,8,2,1,1.4482,0,4,"Subject_4","1",200,1
"732",102,100,60,4,1,1.2795,1,4,"Subject_4","1",400,1
"733",103,100,60,3,1,3.4714,0,4,"Subject_4","1",300,1
"734",104,20,8,1.5,1,2.5388,1,4,"Subject_4","1",30,2
"735",105,100,8,7,1,2.0029,0,4,"Subject_4","1",700,1
"736",106,20,5,1.1,0,1.3122,0,4,"Subject_4","1",22,2
"737",107,100,8,1.1,0,1.4997,1,4,"Subject_4","1",110,1
"738",108,20,14,4,0,1.8332,0,4,"Subject_4","1",80,2
"739",109,20,1,4,1,2.5205,1,4,"Subject_4","1",80,2
"740",110,20,8,1.05,0,1.8953,1,4,"Subject_4","1",21,2
"741",111,100,60,1.1,0,1.3429,1,4,"Subject_4","1",110,1
"742",112,20,14,5,1,3.4771,0,4,"Subject_4","1",100,2
"743",113,20,5,1.2,0,1.4978,0,4,"Subject_4","1",24,2
"744",114,100,5,1.05,0,2.256,1,4,"Subject_4","1",105,1
"745",115,100,5,5,1,1.0879,1,4,"Subject_4","1",500,1
"746",116,100,1,3,1,1.4106,1,4,"Subject_4","1",300,1
"747",117,20,60,1.05,0,1.3737,0,4,"Subject_4","1",21,2
"748",118,100,3,10,1,1.0738,1,4,"Subject_4","1",1000,1
"749",119,100,14,1.05,0,0.9246,0,4,"Subject_4","1",105,1
"750",120,20,8,1.8,0,1.1235,0,4,"Subject_4","1",36,2
"751",121,20,60,1.2,0,0.9688,0,4,"Subject_4","1",24,2
"752",122,100,60,1.02,0,1.1987,1,4,"Subject_4","1",102,1
"753",123,20,5,1.01,0,1.0069,0,4,"Subject_4","1",20.2,2
"754",124,100,5,1.2,0,2.743,1,4,"Subject_4","1",120,1
"755",125,100,8,1.01,0,0.8893,1,4,"Subject_4","1",101,1
"756",126,20,14,3,0,1.786,0,4,"Subject_4","1",60,2
"757",127,100,1,1.1,0,0.9493,0,4,"Subject_4","1",110,1
"758",128,100,5,13,0,1.1357,0,4,"Subject_4","1",1300,1
"759",129,100,1,1.8,1,1.5724,0,4,"Subject_4","1",180,1
"760",130,100,14,4,1,0.9954,0,4,"Subject_4","1",400,1
"761",131,20,1,1.5,1,0.8135,0,4,"Subject_4","1",30,2
"762",132,100,5,4,1,1.203,0,4,"Subject_4","1",400,1
"763",133,20,3,1.8,0,1.6559,0,4,"Subject_4","1",36,2
"764",134,100,60,5,1,1.6676,1,4,"Subject_4","1",500,1
"765",135,20,8,7,1,1.9939,1,4,"Subject_4","1",140,2
"766",136,100,3,1.5,1,1.171,1,4,"Subject_4","1",150,1
"767",137,100,30,2,0,2.1186,1,4,"Subject_4","1",200,1
"768",138,20,30,1.02,0,1.6859,0,4,"Subject_4","1",20.4,2
"769",139,100,1,5,1,2.3156,1,4,"Subject_4","1",500,1
"770",140,20,14,1.2,0,2.539,1,4,"Subject_4","1",24,2
"771",141,100,5,1.5,1,0.7579,1,4,"Subject_4","1",150,1
"772",142,100,3,1.02,0,0.9579,0,4,"Subject_4","1",102,1
"773",143,20,8,1.2,0,2.4212,1,4,"Subject_4","1",24,2
"774",144,100,3,1.2,1,1.5524,1,4,"Subject_4","1",120,1
"775",145,20,3,13,1,1.5435,1,4,"Subject_4","1",260,2
"776",146,100,3,4,1,1.0305,0,4,"Subject_4","1",400,1
"777",147,100,5,1.8,1,1.3052,1,4,"Subject_4","1",180,1
"778",148,20,8,4,0,1.4602,0,4,"Subject_4","1",80,2
"779",149,20,5,10,1,1.7463,1,4,"Subject_4","1",200,2
"780",150,100,3,2.5,1,1.514,0,4,"Subject_4","1",250,1
"781",151,100,1,4,1,1.2877,1,4,"Subject_4","1",400,1
"782",152,20,30,13,0,1.9912,0,4,"Subject_4","1",260,2
"783",153,20,60,1.02,0,2.3305,1,4,"Subject_4","1",20.4,2
"784",154,20,14,10,1,2.0425,1,4,"Subject_4","1",200,2
"785",155,20,8,1.1,0,0.8825,0,4,"Subject_4","1",22,2
"786",156,20,30,4,1,1.251,0,4,"Subject_4","1",80,2
"787",157,100,3,1.1,1,0.9104,0,4,"Subject_4","1",110,1
"788",158,20,60,3,0,1.6116,1,4,"Subject_4","1",60,2
"789",159,20,5,1.02,0,2.342,0,4,"Subject_4","1",20.4,2
"790",160,100,60,1.05,0,1.2321,0,4,"Subject_4","1",105,1
"791",161,100,1,1.2,0,2.3142,1,4,"Subject_4","1",120,1
"792",162,100,60,13,1,4.4904,0,4,"Subject_4","1",1300,1
"793",163,20,14,1.05,0,0.9076,0,4,"Subject_4","1",21,2
"794",164,100,14,1.8,1,1.9067,1,4,"Subject_4","1",180,1
"795",165,20,3,5,1,1.1727,1,4,"Subject_4","1",100,2
"796",166,20,30,1.5,0,1.5129,1,4,"Subject_4","1",30,2
"797",167,20,60,1.1,0,1.2745,1,4,"Subject_4","1",22,2
"798",168,20,1,13,0,1.1281,0,4,"Subject_4","1",260,2
"799",169,100,14,2,1,1.543,1,4,"Subject_4","1",200,1
"800",170,100,30,10,1,2.0133,0,4,"Subject_4","1",1000,1
"801",171,100,5,3,1,1.4478,0,4,"Subject_4","1",300,1
"802",172,20,60,7,0,7.0729,0,4,"Subject_4","1",140,2
"803",173,100,8,1.8,1,1.4161,0,4,"Subject_4","1",180,1
"804",174,100,1,10,1,1.5016,1,4,"Subject_4","1",1000,1
"805",175,100,14,1.01,0,1.2725,0,4,"Subject_4","1",101,1
"806",176,100,60,2.5,0,2.3133,1,4,"Subject_4","1",250,1
"807",177,20,8,1.01,0,1.0075,0,4,"Subject_4","1",20.2,2
"808",178,100,3,7,1,1.9635,1,4,"Subject_4","1",700,1
"809",179,100,1,1.05,0,1.1668,1,4,"Subject_4","1",105,1
"810",180,100,8,4,1,1.943,0,4,"Subject_4","1",400,1
"811",181,100,3,1.8,1,1.4674,1,4,"Subject_4","1",180,1
"812",182,20,60,1.8,0,0.959,1,4,"Subject_4","1",36,2
"813",183,100,5,1.02,0,0.991,0,4,"Subject_4","1",102,1
"814",184,100,5,2.5,1,1.5446,0,4,"Subject_4","1",250,1
"815",185,100,8,13,1,1.5744,1,4,"Subject_4","1",1300,1
"816",186,100,30,1.02,0,1.1053,1,4,"Subject_4","1",102,1
"817",187,100,3,13,1,0.5607,0,4,"Subject_4","1",1300,1
"818",188,100,60,1.8,1,1.1487,1,4,"Subject_4","1",180,1
"819",189,100,60,1.5,0,1.394,1,4,"Subject_4","1",150,1
"820",190,100,30,4,1,1.8123,0,4,"Subject_4","1",400,1
"821",191,100,14,7,0,1.6769,0,4,"Subject_4","1",700,1
"822",192,100,60,10,1,1.444,0,4,"Subject_4","1",1000,1
"823",193,20,8,1.02,0,1.2843,1,4,"Subject_4","1",20.4,2
"824",194,100,14,3,1,1.8792,0,4,"Subject_4","1",300,1
"825",195,20,1,1.2,0,1.3543,0,4,"Subject_4","1",24,2
"826",196,100,30,5,1,2.0477,1,4,"Subject_4","1",500,1
"827",197,20,60,4,0,1.5258,1,4,"Subject_4","1",80,2
"828",198,100,8,2.5,0,1.6427,1,4,"Subject_4","1",250,1
"829",199,100,3,3,1,1.2098,0,4,"Subject_4","1",300,1
"830",200,100,5,1.1,0,1.5166,0,4,"Subject_4","1",110,1
"831",201,100,30,1.1,0,1.9049,0,4,"Subject_4","1",110,1
"832",202,100,60,1.01,0,1.3267,0,4,"Subject_4","1",101,1
"833",203,20,30,7,0,1.5634,0,4,"Subject_4","1",140,2
"834",204,100,1,7,1,1.8051,1,4,"Subject_4","1",700,1
"835",205,100,1,1.02,0,1.377,0,4,"Subject_4","1",102,1
"836",206,20,8,3,0,0.9899,0,4,"Subject_4","1",60,2
"837",207,100,14,1.2,0,1.3146,1,4,"Subject_4","1",120,1
"838",208,100,1,2,1,1.2668,1,4,"Subject_4","1",200,1
"839",209,100,1,1.01,0,1.453,1,4,"Subject_4","1",101,1
"840",210,100,1,1.5,1,1.4233,0,4,"Subject_4","1",150,1
"841",1,20,8,10,1,1.7087,1,5,"Subject_5","1",200,2
"842",2,20,60,5,0,2.0876,0,5,"Subject_5","1",100,2
"843",3,100,60,7,1,2.0801,0,5,"Subject_5","1",700,1
"844",4,100,5,1.2,1,3.0385,1,5,"Subject_5","1",120,1
"845",5,20,30,10,1,2.7852,0,5,"Subject_5","1",200,2
"846",6,20,1,2,1,1.9232,0,5,"Subject_5","1",40,2
"847",7,100,5,7,1,2.053,0,5,"Subject_5","1",700,1
"848",8,100,30,1.1,0,5.251,1,5,"Subject_5","1",110,1
"849",9,100,5,2,1,3.3145,0,5,"Subject_5","1",200,1
"850",10,20,30,3,1,3.8292,1,5,"Subject_5","1",60,2
"851",11,20,60,1.01,0,2.2878,1,5,"Subject_5","1",20.2,2
"852",12,100,1,2,1,2.5328,0,5,"Subject_5","1",200,1
"853",13,100,5,10,1,1.8434,0,5,"Subject_5","1",1000,1
"854",14,100,60,13,1,1.5717,1,5,"Subject_5","1",1300,1
"855",15,20,8,1.02,0,1.6775,0,5,"Subject_5","1",20.4,2
"856",16,100,14,4,1,1.6966,0,5,"Subject_5","1",400,1
"857",17,100,5,1.02,0,2.8782,1,5,"Subject_5","1",102,1
"858",18,20,1,1.5,1,1.7577,0,5,"Subject_5","1",30,2
"859",19,100,5,3,1,2.5943,0,5,"Subject_5","1",300,1
"860",20,100,14,1.1,0,1.7724,1,5,"Subject_5","1",110,1
"861",21,20,8,1.05,0,2.5317,0,5,"Subject_5","1",21,2
"862",22,100,3,7,1,2.3319,1,5,"Subject_5","1",700,1
"863",23,100,1,1.1,1,2.1171,1,5,"Subject_5","1",110,1
"864",24,20,3,5,1,2.0965,0,5,"Subject_5","1",100,2
"865",25,20,1,13,1,1.3905,0,5,"Subject_5","1",260,2
"866",26,100,14,1.5,1,3.2065,1,5,"Subject_5","1",150,1
"867",27,100,3,10,1,1.5902,1,5,"Subject_5","1",1000,1
"868",28,100,8,1.2,0,2.6259,0,5,"Subject_5","1",120,1
"869",29,100,8,5,1,2.2941,1,5,"Subject_5","1",500,1
"870",30,20,30,7,1,2.2875,0,5,"Subject_5","1",140,2
"871",31,100,3,1.1,1,2.8656,1,5,"Subject_5","1",110,1
"872",32,20,5,1.1,0,4.1165,0,5,"Subject_5","1",22,2
"873",33,100,60,4,1,4.7865,0,5,"Subject_5","1",400,1
"874",34,20,3,1.1,0,2.5566,1,5,"Subject_5","1",22,2
"875",35,100,3,1.5,1,1.7458,1,5,"Subject_5","1",150,1
"876",36,100,14,1.2,0,2.1301,1,5,"Subject_5","1",120,1
"877",37,20,60,3,1,3.9654,0,5,"Subject_5","1",60,2
"878",38,20,60,1.1,0,3.029,0,5,"Subject_5","1",22,2
"879",39,20,14,4,1,2.886,0,5,"Subject_5","1",80,2
"880",40,20,60,4,1,1.3817,1,5,"Subject_5","1",80,2
"881",41,20,3,10,1,1.4793,1,5,"Subject_5","1",200,2
"882",42,20,14,1.1,0,1.887,1,5,"Subject_5","1",22,2
"883",43,20,1,1.01,1,3.0443,0,5,"Subject_5","1",20.2,2
"884",44,100,8,2,1,3.3847,1,5,"Subject_5","1",200,1
"885",45,20,14,2,0,2.2887,0,5,"Subject_5","1",40,2
"886",46,20,3,4,1,1.5993,0,5,"Subject_5","1",80,2
"887",47,20,30,2,0,4.0979,1,5,"Subject_5","1",40,2
"888",48,20,1,10,1,1.6913,0,5,"Subject_5","1",200,2
"889",49,20,1,1.8,1,2.1391,0,5,"Subject_5","1",36,2
"890",50,100,60,1.8,0,3.4849,1,5,"Subject_5","1",180,1
"891",51,100,14,2.5,1,1.754,0,5,"Subject_5","1",250,1
"892",52,100,30,1.8,1,3.3712,1,5,"Subject_5","1",180,1
"893",53,100,3,1.8,1,1.7237,0,5,"Subject_5","1",180,1
"894",54,20,60,1.5,0,2.2715,0,5,"Subject_5","1",30,2
"895",55,100,8,7,1,1.6355,1,5,"Subject_5","1",700,1
"896",56,20,3,1.5,1,1.5973,1,5,"Subject_5","1",30,2
"897",57,100,5,13,1,1.2802,1,5,"Subject_5","1",1300,1
"898",58,20,8,1.5,1,2.743,0,5,"Subject_5","1",30,2
"899",59,100,60,1.2,0,1.8342,0,5,"Subject_5","1",120,1
"900",60,20,5,1.8,1,2.2727,0,5,"Subject_5","1",36,2
"901",61,100,5,1.05,0,1.4239,0,5,"Subject_5","1",105,1
"902",62,20,1,4,1,1.6408,1,5,"Subject_5","1",80,2
"903",63,100,1,1.02,0,1.4304,0,5,"Subject_5","1",102,1
"904",64,100,1,4,1,1.2769,1,5,"Subject_5","1",400,1
"905",65,100,60,2,0,1.9462,0,5,"Subject_5","1",200,1
"906",66,20,8,2,0,2.0273,1,5,"Subject_5","1",40,2
"907",67,100,8,1.5,1,1.7573,0,5,"Subject_5","1",150,1
"908",68,20,5,1.5,0,2.309,0,5,"Subject_5","1",30,2
"909",69,20,1,7,1,2.1622,1,5,"Subject_5","1",140,2
"910",70,20,30,1.1,0,2.2851,1,5,"Subject_5","1",22,2
"911",71,20,5,1.05,0,1.4905,1,5,"Subject_5","1",21,2
"912",72,100,30,3,1,2.0168,0,5,"Subject_5","1",300,1
"913",73,20,8,5,1,1.6927,0,5,"Subject_5","1",100,2
"914",74,100,30,1.5,1,3.6522,0,5,"Subject_5","1",150,1
"915",75,20,30,2.5,0,2.9989,1,5,"Subject_5","1",50,2
"916",76,20,1,2.5,1,1.9913,1,5,"Subject_5","1",50,2
"917",77,20,30,4,1,4.8089,0,5,"Subject_5","1",80,2
"918",78,100,14,1.8,1,1.58,1,5,"Subject_5","1",180,1
"919",79,20,1,1.1,1,3.1082,0,5,"Subject_5","1",22,2
"920",80,20,60,13,1,2.5293,1,5,"Subject_5","1",260,2
"921",81,100,5,1.8,1,1.265,1,5,"Subject_5","1",180,1
"922",82,100,30,1.02,0,2.0864,1,5,"Subject_5","1",102,1
"923",83,100,30,7,1,1.9404,1,5,"Subject_5","1",700,1
"924",84,20,60,1.2,0,1.9062,0,5,"Subject_5","1",24,2
"925",85,100,8,1.8,1,2.16,0,5,"Subject_5","1",180,1
"926",86,100,5,5,1,1.2298,1,5,"Subject_5","1",500,1
"927",87,100,8,3,1,1.3821,1,5,"Subject_5","1",300,1
"928",88,20,8,7,1,1.7122,0,5,"Subject_5","1",140,2
"929",89,100,30,10,1,1.9061,0,5,"Subject_5","1",1000,1
"930",90,20,5,10,1,1.21,1,5,"Subject_5","1",200,2
"931",91,20,8,1.01,0,1.631,1,5,"Subject_5","1",20.2,2
"932",92,20,3,1.05,0,2.4479,1,5,"Subject_5","1",21,2
"933",93,20,5,4,1,1.2738,1,5,"Subject_5","1",80,2
"934",94,20,30,1.05,0,1.2966,1,5,"Subject_5","1",21,2
"935",95,20,3,2.5,0,2.997,0,5,"Subject_5","1",50,2
"936",96,100,1,10,1,1.8939,0,5,"Subject_5","1",1000,1
"937",97,100,3,1.2,1,2.493,0,5,"Subject_5","1",120,1
"938",98,100,60,1.02,0,2.1932,1,5,"Subject_5","1",102,1
"939",99,20,60,1.8,0,2.3952,0,5,"Subject_5","1",36,2
"940",100,100,60,1.1,0,1.6792,1,5,"Subject_5","1",110,1
"941",101,20,60,1.02,0,2.4459,1,5,"Subject_5","1",20.4,2
"942",102,20,1,1.2,1,2.6066,1,5,"Subject_5","1",24,2
"943",103,100,8,13,1,1.4167,0,5,"Subject_5","1",1300,1
"944",104,20,5,13,1,1.5536,0,5,"Subject_5","1",260,2
"945",105,100,30,1.01,0,1.6524,0,5,"Subject_5","1",101,1
"946",106,100,3,1.02,1,5.6478,0,5,"Subject_5","1",102,1
"947",107,20,5,5,1,2.7636,0,5,"Subject_5","1",100,2
"948",108,20,14,1.2,0,2.7533,0,5,"Subject_5","1",24,2
"949",109,100,8,1.1,0,2.0488,1,5,"Subject_5","1",110,1
"950",110,20,8,4,1,3.5373,1,5,"Subject_5","1",80,2
"951",111,100,1,1.5,1,3.0482,0,5,"Subject_5","1",150,1
"952",112,20,5,1.02,0,2.1398,1,5,"Subject_5","1",20.4,2
"953",113,100,5,1.1,0,3.1591,1,5,"Subject_5","1",110,1
"954",114,100,60,3,0,2.0498,1,5,"Subject_5","1",300,1
"955",115,20,3,13,1,1.7129,0,5,"Subject_5","1",260,2
"956",116,100,14,13,1,1.8565,0,5,"Subject_5","1",1300,1
"957",117,20,14,1.5,1,3.0378,1,5,"Subject_5","1",30,2
"958",118,100,14,1.05,1,1.273,0,5,"Subject_5","1",105,1
"959",119,100,14,5,1,1.8821,1,5,"Subject_5","1",500,1
"960",120,20,5,2,1,1.5546,0,5,"Subject_5","1",40,2
"961",121,100,8,4,1,1.7953,0,5,"Subject_5","1",400,1
"962",122,20,8,1.1,0,1.1174,1,5,"Subject_5","1",22,2
"963",123,100,60,2.5,1,2.4334,0,5,"Subject_5","1",250,1
"964",124,20,3,1.8,1,2.8374,0,5,"Subject_5","1",36,2
"965",125,100,60,10,1,1.4645,0,5,"Subject_5","1",1000,1
"966",126,20,14,1.05,0,1.2161,1,5,"Subject_5","1",21,2
"967",127,100,3,5,1,1.2299,0,5,"Subject_5","1",500,1
"968",128,20,5,7,1,1.3587,1,5,"Subject_5","1",140,2
"969",129,20,14,13,1,1.829,0,5,"Subject_5","1",260,2
"970",130,20,14,2.5,1,1.2456,1,5,"Subject_5","1",50,2
"971",131,20,60,1.05,0,2.5954,1,5,"Subject_5","1",21,2
"972",132,100,30,13,1,1.4306,1,5,"Subject_5","1",1300,1
"973",133,100,60,1.01,0,1.6594,1,5,"Subject_5","1",101,1
"974",134,20,3,3,1,2.2919,1,5,"Subject_5","1",60,2
"975",135,20,14,5,1,1.3714,0,5,"Subject_5","1",100,2
"976",136,20,14,1.01,0,3.6795,1,5,"Subject_5","1",20.2,2
"977",137,20,3,2,1,1.5911,1,5,"Subject_5","1",40,2
"978",138,20,30,5,1,1.5127,0,5,"Subject_5","1",100,2
"979",139,100,3,1.01,0,1.2293,1,5,"Subject_5","1",101,1
"980",140,20,5,1.01,0,1.1932,0,5,"Subject_5","1",20.2,2
"981",141,100,1,5,1,1.2702,1,5,"Subject_5","1",500,1
"982",142,20,8,13,1,1.5863,0,5,"Subject_5","1",260,2
"983",143,100,1,3,1,1.2364,0,5,"Subject_5","1",300,1
"984",144,100,30,1.05,0,3.0433,0,5,"Subject_5","1",105,1
"985",145,20,30,1.2,0,1.645,0,5,"Subject_5","1",24,2
"986",146,20,1,3,1,1.6939,1,5,"Subject_5","1",60,2
"987",147,100,8,2.5,1,1.6179,1,5,"Subject_5","1",250,1
"988",148,20,30,1.8,0,1.3395,1,5,"Subject_5","1",36,2
"989",149,20,14,7,1,2.2883,0,5,"Subject_5","1",140,2
"990",150,100,3,13,1,1.2323,0,5,"Subject_5","1",1300,1
"991",151,20,60,2,0,1.6771,0,5,"Subject_5","1",40,2
"992",152,100,1,1.01,1,3.4969,1,5,"Subject_5","1",101,1
"993",153,100,30,2.5,1,3.3442,1,5,"Subject_5","1",250,1
"994",154,20,1,1.02,0,1.0997,1,5,"Subject_5","1",20.4,2
"995",155,100,5,2.5,1,2.7669,1,5,"Subject_5","1",250,1
"996",156,100,1,13,1,1.1785,1,5,"Subject_5","1",1300,1
"997",157,20,1,1.05,1,1.9541,1,5,"Subject_5","1",21,2
"998",158,100,3,2,1,1.4833,1,5,"Subject_5","1",200,1
"999",159,20,8,1.8,0,4.3755,0,5,"Subject_5","1",36,2
"1000",160,20,30,1.01,0,1.3426,1,5,"Subject_5","1",20.2,2
"1001",161,100,60,5,1,3.8442,1,5,"Subject_5","1",500,1
"1002",162,100,5,4,1,1.5189,0,5,"Subject_5","1",400,1
"1003",163,20,30,13,1,1.7308,0,5,"Subject_5","1",260,2
"1004",164,100,3,1.05,0,2.1925,0,5,"Subject_5","1",105,1
"1005",165,100,30,4,1,2.348,1,5,"Subject_5","1",400,1
"1006",166,20,3,7,1,1.5954,0,5,"Subject_5","1",140,2
"1007",167,20,60,10,1,2.771,1,5,"Subject_5","1",200,2
"1008",168,100,60,1.05,0,2.1361,1,5,"Subject_5","1",105,1
"1009",169,100,30,5,1,1.2688,0,5,"Subject_5","1",500,1
"1010",170,20,30,1.5,0,3.7429,0,5,"Subject_5","1",30,2
"1011",171,20,14,1.8,0,1.7564,0,5,"Subject_5","1",36,2
"1012",172,100,30,1.2,0,3.594,1,5,"Subject_5","1",120,1
"1013",173,20,1,5,1,2.348,1,5,"Subject_5","1",100,2
"1014",174,20,30,1.02,0,1.8322,1,5,"Subject_5","1",20.4,2
"1015",175,100,60,1.5,1,4.715,0,5,"Subject_5","1",150,1
"1016",176,100,14,2,1,2.6305,0,5,"Subject_5","1",200,1
"1017",177,100,1,1.05,1,2.9444,0,5,"Subject_5","1",105,1
"1018",178,20,60,7,1,1.6004,0,5,"Subject_5","1",140,2
"1019",179,100,3,2.5,1,1.7947,0,5,"Subject_5","1",250,1
"1020",180,100,1,1.8,1,2.6771,0,5,"Subject_5","1",180,1
"1021",181,20,14,1.02,0,2.0265,0,5,"Subject_5","1",20.4,2
"1022",182,100,3,3,1,1.4179,0,5,"Subject_5","1",300,1
"1023",183,100,8,1.05,0,2.9076,0,5,"Subject_5","1",105,1
"1024",184,100,14,1.02,0,1.5566,0,5,"Subject_5","1",102,1
"1025",185,20,60,2.5,0,3.3683,0,5,"Subject_5","1",50,2
"1026",186,20,3,1.02,0,1.9813,0,5,"Subject_5","1",20.4,2
"1027",187,20,14,3,1,3.9729,0,5,"Subject_5","1",60,2
"1028",188,20,5,1.2,1,3.0136,1,5,"Subject_5","1",24,2
"1029",189,100,1,2.5,1,1.8252,0,5,"Subject_5","1",250,1
"1030",190,100,1,7,1,1.4251,1,5,"Subject_5","1",700,1
"1031",191,20,5,2.5,1,1.9221,1,5,"Subject_5","1",50,2
"1032",192,20,8,3,1,2.0332,0,5,"Subject_5","1",60,2
"1033",193,100,8,1.02,0,1.4247,0,5,"Subject_5","1",102,1
"1034",194,20,8,2.5,0,2.7215,0,5,"Subject_5","1",50,2
"1035",195,100,14,7,1,1.383,0,5,"Subject_5","1",700,1
"1036",196,100,14,10,1,1.1253,0,5,"Subject_5","1",1000,1
"1037",197,20,5,3,1,1.5661,1,5,"Subject_5","1",60,2
"1038",198,100,30,2,1,1.8333,0,5,"Subject_5","1",200,1
"1039",199,100,5,1.5,1,2.3837,1,5,"Subject_5","1",150,1
"1040",200,20,14,10,1,1.8426,0,5,"Subject_5","1",200,2
"1041",201,100,14,1.01,0,6.1935,0,5,"Subject_5","1",101,1
"1042",202,100,14,3,1,1.2292,0,5,"Subject_5","1",300,1
"1043",203,100,3,4,1,1.3405,0,5,"Subject_5","1",400,1
"1044",204,100,8,1.01,0,1.3349,0,5,"Subject_5","1",101,1
"1045",205,20,8,1.2,0,1.3786,0,5,"Subject_5","1",24,2
"1046",206,20,3,1.01,0,1.3412,0,5,"Subject_5","1",20.2,2
"1047",207,100,1,1.2,1,1.6062,1,5,"Subject_5","1",120,1
"1048",208,100,8,10,1,1.5126,1,5,"Subject_5","1",1000,1
"1049",209,100,5,1.01,0,1.8648,0,5,"Subject_5","1",101,1
"1050",210,20,3,1.2,1,1.8401,0,5,"Subject_5","1",24,2
"1051",1,100,30,1.5,1,1.8893,1,6,"Subject_6","1",150,1
"1052",2,100,3,3,1,2.2324,1,6,"Subject_6","1",300,1
"1053",3,20,8,1.02,0,1.9057,0,6,"Subject_6","1",20.4,2
"1054",4,100,30,1.02,1,1.7993,0,6,"Subject_6","1",102,1
"1055",5,100,8,7,1,1.2616,1,6,"Subject_6","1",700,1
"1056",6,100,1,2.5,1,1.4372,0,6,"Subject_6","1",250,1
"1057",7,100,14,4,1,1.3462,1,6,"Subject_6","1",400,1
"1058",8,100,5,4,1,1.2532,1,6,"Subject_6","1",400,1
"1059",9,20,8,2.5,1,2.062,0,6,"Subject_6","1",50,2
"1060",10,20,5,1.1,0,1.6538,0,6,"Subject_6","1",22,2
"1061",11,20,8,4,0,1.6643,0,6,"Subject_6","1",80,2
"1062",12,100,14,2,1,1.0606,0,6,"Subject_6","1",200,1
"1063",13,100,1,1.02,0,1.2455,0,6,"Subject_6","1",102,1
"1064",14,20,8,13,1,1.081,1,6,"Subject_6","1",260,2
"1065",15,100,3,1.01,0,1.8183,1,6,"Subject_6","1",101,1
"1066",16,20,30,1.5,1,1.1095,0,6,"Subject_6","1",30,2
"1067",17,20,60,1.1,0,1.6064,0,6,"Subject_6","1",22,2
"1068",18,20,60,1.2,0,1.7025,0,6,"Subject_6","1",24,2
"1069",19,20,1,1.2,0,1.3078,0,6,"Subject_6","1",24,2
"1070",20,20,30,10,1,1.1413,1,6,"Subject_6","1",200,2
"1071",21,20,14,1.8,1,1.7655,1,6,"Subject_6","1",36,2
"1072",22,20,14,10,1,1.0872,0,6,"Subject_6","1",200,2
"1073",23,100,1,1.2,1,1.3068,1,6,"Subject_6","1",120,1
"1074",24,100,30,1.1,0,1.2769,1,6,"Subject_6","1",110,1
"1075",25,20,3,10,1,1.0385,0,6,"Subject_6","1",200,2
"1076",26,20,5,13,1,1.768,0,6,"Subject_6","1",260,2
"1077",27,100,5,3,1,1.3269,1,6,"Subject_6","1",300,1
"1078",28,100,1,1.8,1,1.2792,1,6,"Subject_6","1",180,1
"1079",29,20,1,2.5,1,1.2628,1,6,"Subject_6","1",50,2
"1080",30,100,3,5,1,1.1504,1,6,"Subject_6","1",500,1
"1081",31,20,1,1.1,0,0.9692,0,6,"Subject_6","1",22,2
"1082",32,100,3,2.5,1,0.6785,1,6,"Subject_6","1",250,1
"1083",33,100,30,1.01,0,0.8392,0,6,"Subject_6","1",101,1
"1084",34,20,30,4,1,1.4611,0,6,"Subject_6","1",80,2
"1085",35,20,1,1.01,0,1.1094,1,6,"Subject_6","1",20.2,2
"1086",36,100,14,7,1,1.051,0,6,"Subject_6","1",700,1
"1087",37,100,14,1.1,0,1.5899,1,6,"Subject_6","1",110,1
"1088",38,100,3,13,1,0.7616,1,6,"Subject_6","1",1300,1
"1089",39,20,1,1.02,0,1.3709,1,6,"Subject_6","1",20.4,2
"1090",40,100,1,2,1,0.9165,0,6,"Subject_6","1",200,1
"1091",41,20,1,1.5,0,1.3947,0,6,"Subject_6","1",30,2
"1092",42,100,60,3,1,1.1515,0,6,"Subject_6","1",300,1
"1093",43,20,1,3,1,0.9063,0,6,"Subject_6","1",60,2
"1094",44,100,3,4,1,0.8318,1,6,"Subject_6","1",400,1
"1095",45,20,14,2,0,1.3165,1,6,"Subject_6","1",40,2
"1096",46,100,30,2.5,1,0.8399,1,6,"Subject_6","1",250,1
"1097",47,100,1,4,1,0.8987,0,6,"Subject_6","1",400,1
"1098",48,100,3,10,0,1.8101,1,6,"Subject_6","1",1000,1
"1099",49,20,3,3,1,1.4558,0,6,"Subject_6","1",60,2
"1100",50,100,8,3,1,1.0609,1,6,"Subject_6","1",300,1
"1101",51,20,1,2,1,1.2762,0,6,"Subject_6","1",40,2
"1102",52,100,14,1.5,1,1.4497,0,6,"Subject_6","1",150,1
"1103",53,20,60,1.05,0,1.0234,1,6,"Subject_6","1",21,2
"1104",54,20,60,13,1,1.4755,0,6,"Subject_6","1",260,2
"1105",55,20,3,1.01,0,0.9118,1,6,"Subject_6","1",20.2,2
"1106",56,20,5,3,1,1.5925,0,6,"Subject_6","1",60,2
"1107",57,20,5,2,1,0.8456,0,6,"Subject_6","1",40,2
"1108",58,20,8,5,1,0.7968,1,6,"Subject_6","1",100,2
"1109",59,100,30,3,1,0.8326,0,6,"Subject_6","1",300,1
"1110",60,100,1,1.01,0,0.9244,1,6,"Subject_6","1",101,1
"1111",61,20,3,4,1,1,1,6,"Subject_6","1",80,2
"1112",62,100,14,13,1,1.0101,1,6,"Subject_6","1",1300,1
"1113",63,20,30,13,1,0.9155,0,6,"Subject_6","1",260,2
"1114",64,20,3,7,1,1.1954,0,6,"Subject_6","1",140,2
"1115",65,100,8,1.8,1,1.0116,1,6,"Subject_6","1",180,1
"1116",66,100,5,1.2,1,1.3406,1,6,"Subject_6","1",120,1
"1117",67,20,3,13,1,1.14,1,6,"Subject_6","1",260,2
"1118",68,20,3,1.1,0,1.6916,1,6,"Subject_6","1",22,2
"1119",69,20,1,10,1,1.5113,1,6,"Subject_6","1",200,2
"1120",70,20,3,1.5,0,1.4261,0,6,"Subject_6","1",30,2
"1121",71,100,60,1.01,0,1.173,0,6,"Subject_6","1",101,1
"1122",72,20,60,4,1,1.0298,1,6,"Subject_6","1",80,2
"1123",73,20,5,1.05,0,1.1494,1,6,"Subject_6","1",21,2
"1124",74,100,14,1.01,0,0.993,0,6,"Subject_6","1",101,1
"1125",75,100,5,5,1,0.9884,0,6,"Subject_6","1",500,1
"1126",76,20,3,1.8,1,1.4846,0,6,"Subject_6","1",36,2
"1127",77,100,14,10,1,1.1396,0,6,"Subject_6","1",1000,1
"1128",78,100,30,13,1,1.0134,1,6,"Subject_6","1",1300,1
"1129",79,20,14,1.05,0,1.259,0,6,"Subject_6","1",21,2
"1130",80,100,8,4,1,0.8752,1,6,"Subject_6","1",400,1
"1131",81,100,1,13,1,0.6407,0,6,"Subject_6","1",1300,1
"1132",82,20,5,2.5,1,1.3832,0,6,"Subject_6","1",50,2
"1133",83,100,14,1.8,1,0.8154,0,6,"Subject_6","1",180,1
"1134",84,20,5,5,1,1.4954,1,6,"Subject_6","1",100,2
"1135",85,20,1,1.05,0,1.4657,0,6,"Subject_6","1",21,2
"1136",86,20,8,1.1,0,1.1646,0,6,"Subject_6","1",22,2
"1137",87,20,60,2,0,1.2222,1,6,"Subject_6","1",40,2
"1138",88,20,14,13,1,1.303,1,6,"Subject_6","1",260,2
"1139",89,100,3,1.1,0,1.4699,1,6,"Subject_6","1",110,1
"1140",90,100,8,2,1,1.266,0,6,"Subject_6","1",200,1
"1141",91,20,14,1.01,0,0.9902,1,6,"Subject_6","1",20.2,2
"1142",92,20,5,1.02,0,1.4083,1,6,"Subject_6","1",20.4,2
"1143",93,20,14,2.5,0,1.7119,0,6,"Subject_6","1",50,2
"1144",94,20,60,1.02,0,0.989,0,6,"Subject_6","1",20.4,2
"1145",95,20,30,7,1,1.0585,0,6,"Subject_6","1",140,2
"1146",96,20,5,1.8,1,1.0839,0,6,"Subject_6","1",36,2
"1147",97,20,3,1.02,0,1.148,1,6,"Subject_6","1",20.4,2
"1148",98,100,8,1.5,1,1.217,1,6,"Subject_6","1",150,1
"1149",99,100,60,13,1,0.8358,1,6,"Subject_6","1",1300,1
"1150",100,100,3,2,1,1.1132,0,6,"Subject_6","1",200,1
"1151",101,20,5,10,1,0.9598,0,6,"Subject_6","1",200,2
"1152",102,20,1,5,1,1.3193,0,6,"Subject_6","1",100,2
"1153",103,100,60,1.02,0,0.7541,0,6,"Subject_6","1",102,1
"1154",104,20,30,1.2,0,1.4917,1,6,"Subject_6","1",24,2
"1155",105,100,14,3,1,1.0742,0,6,"Subject_6","1",300,1
"1156",106,20,8,1.5,0,1.5025,0,6,"Subject_6","1",30,2
"1157",107,20,5,1.01,0,1.1948,1,6,"Subject_6","1",20.2,2
"1158",108,100,5,10,1,1.0223,1,6,"Subject_6","1",1000,1
"1159",109,20,8,1.05,0,1.2303,1,6,"Subject_6","1",21,2
"1160",110,100,8,5,1,1.1357,0,6,"Subject_6","1",500,1
"1161",111,20,3,1.2,1,1.2559,1,6,"Subject_6","1",24,2
"1162",112,20,14,1.2,0,1.6094,1,6,"Subject_6","1",24,2
"1163",113,20,5,7,1,1.0413,0,6,"Subject_6","1",140,2
"1164",114,20,30,1.02,0,1.1853,0,6,"Subject_6","1",20.4,2
"1165",115,20,8,1.8,0,1.3474,1,6,"Subject_6","1",36,2
"1166",116,20,8,1.01,0,1.3274,0,6,"Subject_6","1",20.2,2
"1167",117,100,5,1.5,0,1.6776,1,6,"Subject_6","1",150,1
"1168",118,100,14,1.05,0,1.168,0,6,"Subject_6","1",105,1
"1169",119,20,5,4,1,1.1041,0,6,"Subject_6","1",80,2
"1170",120,100,60,1.5,0,1.161,0,6,"Subject_6","1",150,1
"1171",121,100,3,1.2,0,1.8199,1,6,"Subject_6","1",120,1
"1172",122,20,8,10,1,0.8656,1,6,"Subject_6","1",200,2
"1173",123,20,60,2.5,1,0.8944,0,6,"Subject_6","1",50,2
"1174",124,20,5,1.5,0,1.8083,0,6,"Subject_6","1",30,2
"1175",125,100,5,2,1,1.0328,0,6,"Subject_6","1",200,1
"1176",126,20,3,2.5,1,1.5708,1,6,"Subject_6","1",50,2
"1177",127,20,60,1.5,0,1.4264,0,6,"Subject_6","1",30,2
"1178",128,20,8,1.2,0,1.1315,1,6,"Subject_6","1",24,2
"1179",129,100,30,2,0,1.6941,0,6,"Subject_6","1",200,1
"1180",130,20,30,2.5,1,1.8346,0,6,"Subject_6","1",50,2
"1181",131,100,14,2.5,1,1.3309,1,6,"Subject_6","1",250,1
"1182",132,100,60,1.2,0,1.5197,1,6,"Subject_6","1",120,1
"1183",133,100,3,1.5,1,2.0538,0,6,"Subject_6","1",150,1
"1184",134,100,30,1.05,0,1.4686,0,6,"Subject_6","1",105,1
"1185",135,20,1,4,1,2.4408,1,6,"Subject_6","1",80,2
"1186",136,100,8,2.5,1,1.5549,0,6,"Subject_6","1",250,1
"1187",137,20,60,1.8,0,1.2233,1,6,"Subject_6","1",36,2
"1188",138,20,3,5,1,1.0095,0,6,"Subject_6","1",100,2
"1189",139,100,5,1.02,0,1.0516,0,6,"Subject_6","1",102,1
"1190",140,20,14,5,0,1.833,0,6,"Subject_6","1",100,2
"1191",141,20,8,3,0,1.8656,1,6,"Subject_6","1",60,2
"1192",142,100,5,13,1,0.6749,0,6,"Subject_6","1",1300,1
"1193",143,20,14,1.5,1,0.8474,0,6,"Subject_6","1",30,2
"1194",144,20,30,2,0,1.2842,0,6,"Subject_6","1",40,2
"1195",145,20,60,10,1,1.0409,1,6,"Subject_6","1",200,2
"1196",146,100,5,2.5,1,1.0323,0,6,"Subject_6","1",250,1
"1197",147,100,1,3,1,1.1376,0,6,"Subject_6","1",300,1
"1198",148,100,60,1.05,0,1.1732,1,6,"Subject_6","1",105,1
"1199",149,20,60,5,1,1.0585,0,6,"Subject_6","1",100,2
"1200",150,100,60,4,1,1.7452,1,6,"Subject_6","1",400,1
"1201",151,100,8,1.01,0,0.9738,1,6,"Subject_6","1",101,1
"1202",152,100,60,2.5,1,1.1859,0,6,"Subject_6","1",250,1
"1203",153,20,60,7,1,1.2508,1,6,"Subject_6","1",140,2
"1204",154,100,30,10,1,1.6295,0,6,"Subject_6","1",1000,1
"1205",155,100,1,7,1,1.3587,0,6,"Subject_6","1",700,1
"1206",156,100,60,2,0,2.1176,1,6,"Subject_6","1",200,1
"1207",157,20,30,1.05,0,1.2333,1,6,"Subject_6","1",21,2
"1208",158,100,1,10,1,0.7157,1,6,"Subject_6","1",1000,1
"1209",159,20,60,1.01,0,1.0094,1,6,"Subject_6","1",20.2,2
"1210",160,20,14,7,1,1.5428,0,6,"Subject_6","1",140,2
"1211",161,100,3,7,1,0.6943,1,6,"Subject_6","1",700,1
"1212",162,100,14,1.2,0,1.2722,1,6,"Subject_6","1",120,1
"1213",163,100,8,1.2,0,1.0566,1,6,"Subject_6","1",120,1
"1214",164,100,3,1.8,0,0.9987,1,6,"Subject_6","1",180,1
"1215",165,100,60,5,1,1.1293,0,6,"Subject_6","1",500,1
"1216",166,100,5,1.1,0,1.1207,0,6,"Subject_6","1",110,1
"1217",167,100,30,5,1,1.107,1,6,"Subject_6","1",500,1
"1218",168,20,30,5,0,0.5215,0,6,"Subject_6","1",100,2
"1219",169,100,8,13,1,1.54,0,6,"Subject_6","1",1300,1
"1220",170,20,14,1.1,0,0.9538,0,6,"Subject_6","1",22,2
"1221",171,100,8,1.1,0,1.0129,0,6,"Subject_6","1",110,1
"1222",172,100,8,1.02,0,0.7491,1,6,"Subject_6","1",102,1
"1223",173,20,8,7,1,0.8003,0,6,"Subject_6","1",140,2
"1224",174,20,1,7,1,1.1802,0,6,"Subject_6","1",140,2
"1225",175,100,1,1.5,0,0.9602,1,6,"Subject_6","1",150,1
"1226",176,100,14,5,1,0.9711,1,6,"Subject_6","1",500,1
"1227",177,20,30,1.1,0,1.025,1,6,"Subject_6","1",22,2
"1228",178,20,30,1.8,0,1.0431,0,6,"Subject_6","1",36,2
"1229",179,20,1,13,1,1.1478,1,6,"Subject_6","1",260,2
"1230",180,100,5,1.8,0,1.8858,0,6,"Subject_6","1",180,1
"1231",181,20,14,4,1,0.8324,1,6,"Subject_6","1",80,2
"1232",182,100,5,1.05,0,1.1237,1,6,"Subject_6","1",105,1
"1233",183,20,30,1.01,0,1.3543,0,6,"Subject_6","1",20.2,2
"1234",184,100,30,1.2,0,1.2532,0,6,"Subject_6","1",120,1
"1235",185,100,30,1.8,1,1.0132,1,6,"Subject_6","1",180,1
"1236",186,100,30,7,1,1.0202,0,6,"Subject_6","1",700,1
"1237",187,100,5,7,1,1.2227,1,6,"Subject_6","1",700,1
"1238",188,20,5,1.2,0,1.4261,0,6,"Subject_6","1",24,2
"1239",189,100,5,1.01,0,0.6825,1,6,"Subject_6","1",101,1
"1240",190,20,1,1.8,0,1.1043,0,6,"Subject_6","1",36,2
"1241",191,100,8,10,1,0.6459,0,6,"Subject_6","1",1000,1
"1242",192,20,30,3,1,0.8144,1,6,"Subject_6","1",60,2
"1243",193,20,3,1.05,0,1.0872,0,6,"Subject_6","1",21,2
"1244",194,20,8,2,1,1.4591,1,6,"Subject_6","1",40,2
"1245",195,20,14,3,1,1.1426,0,6,"Subject_6","1",60,2
"1246",196,100,60,7,1,0.6368,1,6,"Subject_6","1",700,1
"1247",197,20,14,1.02,0,1.1088,0,6,"Subject_6","1",20.4,2
"1248",198,20,3,2,0,1.8844,0,6,"Subject_6","1",40,2
"1249",199,100,60,10,1,0.8674,0,6,"Subject_6","1",1000,1
"1250",200,100,14,1.02,0,0.7901,1,6,"Subject_6","1",102,1
"1251",201,100,30,4,1,0.7189,0,6,"Subject_6","1",400,1
"1252",202,100,3,1.02,0,1.1552,0,6,"Subject_6","1",102,1
"1253",203,100,8,1.05,0,0.7887,0,6,"Subject_6","1",105,1
"1254",204,100,1,1.05,1,0.8768,0,6,"Subject_6","1",105,1
"1255",205,100,1,5,1,0.7913,0,6,"Subject_6","1",500,1
"1256",206,100,3,1.05,1,1.1225,1,6,"Subject_6","1",105,1
"1257",207,100,60,1.1,0,1.1118,1,6,"Subject_6","1",110,1
"1258",208,100,1,1.1,0,0.9026,1,6,"Subject_6","1",110,1
"1259",209,20,60,3,0,1.3515,1,6,"Subject_6","1",60,2
"1260",210,100,60,1.8,0,0.9229,0,6,"Subject_6","1",180,1
"1261",1,100,14,7,1,1.835,0,7,"Subject_7","2",700,1
"1262",2,100,14,1.2,0,1.9668,0,7,"Subject_7","2",120,1
"1263",3,100,14,1.5,1,1.5327,1,7,"Subject_7","2",150,1
"1264",4,20,14,10,1,1.0844,1,7,"Subject_7","2",200,2
"1265",5,100,14,1.8,1,1.4598,0,7,"Subject_7","2",180,1
"1266",6,100,5,1.8,1,0.8661,1,7,"Subject_7","2",180,1
"1267",7,100,60,1.8,1,1.1127,0,7,"Subject_7","2",180,1
"1268",8,100,30,5,1,0.6481,0,7,"Subject_7","2",500,1
"1269",9,100,60,1.5,0,0.4773,1,7,"Subject_7","2",150,1
"1270",10,20,8,1.02,0,1.4951,1,7,"Subject_7","2",20.4,2
"1271",11,100,8,1.02,0,1.1459,1,7,"Subject_7","2",102,1
"1272",12,100,30,1.2,1,1.6075,0,7,"Subject_7","2",120,1
"1273",13,100,8,10,1,0.9873,1,7,"Subject_7","2",1000,1
"1274",14,20,60,4,0,1.1094,0,7,"Subject_7","2",80,2
"1275",15,100,60,1.2,0,1.396,0,7,"Subject_7","2",120,1
"1276",16,20,1,1.02,0,1.0451,0,7,"Subject_7","2",20.4,2
"1277",17,100,5,1.02,0,1.1633,0,7,"Subject_7","2",102,1
"1278",18,20,30,3,1,0.8162,1,7,"Subject_7","2",60,2
"1279",19,100,3,2.5,1,0.901,1,7,"Subject_7","2",250,1
"1280",20,100,30,1.05,0,1.239,1,7,"Subject_7","2",105,1
"1281",21,100,1,1.02,0,0.9559,0,7,"Subject_7","2",102,1
"1282",22,20,3,1.1,0,1.038,1,7,"Subject_7","2",22,2
"1283",23,100,5,1.01,0,0.5367,1,7,"Subject_7","2",101,1
"1284",24,100,3,1.2,1,1.0692,0,7,"Subject_7","2",120,1
"1285",25,100,1,2,1,0.7567,1,7,"Subject_7","2",200,1
"1286",26,20,3,2.5,1,1.064,1,7,"Subject_7","2",50,2
"1287",27,20,1,2,1,0.7683,0,7,"Subject_7","2",40,2
"1288",28,100,5,5,1,0.7861,0,7,"Subject_7","2",500,1
"1289",29,20,8,10,1,0.555,1,7,"Subject_7","2",200,2
"1290",30,100,60,1.05,0,1.1737,0,7,"Subject_7","2",105,1
"1291",31,100,1,1.05,0,1.0638,0,7,"Subject_7","2",105,1
"1292",32,100,8,2,1,0.6674,0,7,"Subject_7","2",200,1
"1293",33,100,30,1.02,0,0.8527,0,7,"Subject_7","2",102,1
"1294",34,20,1,1.5,0,1.248,0,7,"Subject_7","2",30,2
"1295",35,20,30,1.05,0,1.1679,0,7,"Subject_7","2",21,2
"1296",36,20,30,1.01,0,1.0261,0,7,"Subject_7","2",20.2,2
"1297",37,20,1,1.01,0,1.6753,1,7,"Subject_7","2",20.2,2
"1298",38,20,8,1.8,1,0.8738,0,7,"Subject_7","2",36,2
"1299",39,100,1,2.5,1,0.7591,0,7,"Subject_7","2",250,1
"1300",40,20,3,13,1,0.7383,1,7,"Subject_7","2",260,2
"1301",41,20,30,5,1,0.947,1,7,"Subject_7","2",100,2
"1302",42,20,5,2.5,1,0.9095,1,7,"Subject_7","2",50,2
"1303",43,100,60,2.5,1,0.8222,0,7,"Subject_7","2",250,1
"1304",44,20,30,2,1,1.0354,0,7,"Subject_7","2",40,2
"1305",45,100,14,2,1,0.6856,0,7,"Subject_7","2",200,1
"1306",46,100,60,4,1,1.2781,1,7,"Subject_7","2",400,1
"1307",47,20,8,1.2,0,1.0512,1,7,"Subject_7","2",24,2
"1308",48,100,3,7,1,0.9341,0,7,"Subject_7","2",700,1
"1309",49,100,1,5,1,0.782,0,7,"Subject_7","2",500,1
"1310",50,100,30,7,1,0.634,0,7,"Subject_7","2",700,1
"1311",51,20,14,1.01,0,0.9773,0,7,"Subject_7","2",20.2,2
"1312",52,100,30,1.01,0,0.9767,0,7,"Subject_7","2",101,1
"1313",53,20,3,1.2,0,1.4167,0,7,"Subject_7","2",24,2
"1314",54,100,14,13,1,0.9149,0,7,"Subject_7","2",1300,1
"1315",55,100,30,3,1,0.7116,1,7,"Subject_7","2",300,1
"1316",56,100,8,1.1,0,0.8458,1,7,"Subject_7","2",110,1
"1317",57,20,60,5,0,1.0417,1,7,"Subject_7","2",100,2
"1318",58,20,30,1.02,0,0.8402,1,7,"Subject_7","2",20.4,2
"1319",59,20,30,1.5,0,0.9443,0,7,"Subject_7","2",30,2
"1320",60,100,1,1.2,1,0.0017,0,7,"Subject_7","2",120,1
"1321",61,100,3,4,1,0.6116,1,7,"Subject_7","2",400,1
"1322",62,100,30,10,1,0.8215,1,7,"Subject_7","2",1000,1
"1323",63,100,30,4,1,0.7336,1,7,"Subject_7","2",400,1
"1324",64,20,5,1.5,1,1.2854,1,7,"Subject_7","2",30,2
"1325",65,100,3,2,1,0.7676,0,7,"Subject_7","2",200,1
"1326",66,20,60,10,1,1.2836,1,7,"Subject_7","2",200,2
"1327",67,100,1,1.1,0,1.4627,1,7,"Subject_7","2",110,1
"1328",68,20,60,1.02,0,1.2307,0,7,"Subject_7","2",20.4,2
"1329",69,20,8,13,1,2.3161,0,7,"Subject_7","2",260,2
"1330",70,100,60,10,1,1.7057,0,7,"Subject_7","2",1000,1
"1331",71,100,8,5,1,2.2653,0,7,"Subject_7","2",500,1
"1332",72,100,8,4,1,1.3579,0,7,"Subject_7","2",400,1
"1333",73,100,5,1.5,1,0.9615,0,7,"Subject_7","2",150,1
"1334",74,100,8,1.01,0,0.7487,1,7,"Subject_7","2",101,1
"1335",75,20,3,5,1,0.8375,1,7,"Subject_7","2",100,2
"1336",76,100,60,1.01,0,0.6515,1,7,"Subject_7","2",101,1
"1337",77,100,1,1.5,1,1.0267,1,7,"Subject_7","2",150,1
"1338",78,20,8,3,1,0.768,1,7,"Subject_7","2",60,2
"1339",79,20,30,7,1,0.4607,0,7,"Subject_7","2",140,2
"1340",80,20,5,4,1,0.7033,1,7,"Subject_7","2",80,2
"1341",81,100,1,1.8,1,0.5233,1,7,"Subject_7","2",180,1
"1342",82,20,14,1.5,1,0.8283,0,7,"Subject_7","2",30,2
"1343",83,20,60,2.5,1,0.7532,0,7,"Subject_7","2",50,2
"1344",84,20,30,1.2,1,0.9691,1,7,"Subject_7","2",24,2
"1345",85,20,14,2,1,0.742,1,7,"Subject_7","2",40,2
"1346",86,20,5,3,1,0.5063,0,7,"Subject_7","2",60,2
"1347",87,20,14,5,1,0.2555,1,7,"Subject_7","2",100,2
"1348",88,20,1,1.05,1,0.5521,1,7,"Subject_7","2",21,2
"1349",89,100,5,2,1,0.4252,1,7,"Subject_7","2",200,1
"1350",90,20,14,1.2,1,0.453,1,7,"Subject_7","2",24,2
"1351",91,100,30,1.8,1,0.4615,0,7,"Subject_7","2",180,1
"1352",92,100,60,13,1,0.5258,0,7,"Subject_7","2",1300,1
"1353",93,20,1,2.5,1,0.8734,0,7,"Subject_7","2",50,2
"1354",94,100,3,13,1,0.5368,0,7,"Subject_7","2",1300,1
"1355",95,20,3,3,1,0.4362,0,7,"Subject_7","2",60,2
"1356",96,100,5,1.05,1,0.358,0,7,"Subject_7","2",105,1
"1357",97,20,60,13,1,0.5849,1,7,"Subject_7","2",260,2
"1358",98,100,8,2.5,1,0.4748,0,7,"Subject_7","2",250,1
"1359",99,100,60,5,1,0.394,0,7,"Subject_7","2",500,1
"1360",100,20,8,1.05,1,0.4059,1,7,"Subject_7","2",21,2
"1361",101,100,14,4,1,0.3584,0,7,"Subject_7","2",400,1
"1362",102,100,14,5,1,0.4489,1,7,"Subject_7","2",500,1
"1363",103,100,1,4,1,0.5939,0,7,"Subject_7","2",400,1
"1364",104,100,60,3,1,0.3812,1,7,"Subject_7","2",300,1
"1365",105,100,8,1.8,1,0.5442,1,7,"Subject_7","2",180,1
"1366",106,20,14,13,1,0.7094,0,7,"Subject_7","2",260,2
"1367",107,20,30,13,1,0.4064,1,7,"Subject_7","2",260,2
"1368",108,100,8,1.2,1,0.5035,0,7,"Subject_7","2",120,1
"1369",109,100,3,1.01,1,0.4986,1,7,"Subject_7","2",101,1
"1370",110,20,1,13,1,0.4057,1,7,"Subject_7","2",260,2
"1371",111,20,5,13,1,0.5335,0,7,"Subject_7","2",260,2
"1372",112,20,5,1.2,1,0.8122,0,7,"Subject_7","2",24,2
"1373",113,100,3,5,0,0.6046,0,7,"Subject_7","2",500,1
"1374",114,20,60,1.5,1,0.8047,0,7,"Subject_7","2",30,2
"1375",115,20,5,1.1,1,0.5676,1,7,"Subject_7","2",22,2
"1376",116,20,60,1.2,1,0.6147,0,7,"Subject_7","2",24,2
"1377",117,20,3,7,1,0.586,1,7,"Subject_7","2",140,2
"1378",118,20,14,1.02,1,0.6791,0,7,"Subject_7","2",20.4,2
"1379",119,100,1,3,1,0.9084,0,7,"Subject_7","2",300,1
"1380",120,100,3,1.02,1,0.7063,0,7,"Subject_7","2",102,1
"1381",121,20,3,10,1,0.5822,0,7,"Subject_7","2",200,2
"1382",122,20,30,2.5,1,0.4636,0,7,"Subject_7","2",50,2
"1383",123,20,8,4,1,0.4133,0,7,"Subject_7","2",80,2
"1384",124,100,60,1.02,1,0.4301,0,7,"Subject_7","2",102,1
"1385",125,100,8,1.5,1,0.3912,1,7,"Subject_7","2",150,1
"1386",126,100,14,1.01,0,0.471,0,7,"Subject_7","2",101,1
"1387",127,20,60,7,1,0.5322,0,7,"Subject_7","2",140,2
"1388",128,100,14,1.1,1,0.4643,0,7,"Subject_7","2",110,1
"1389",129,100,5,13,1,0.3779,1,7,"Subject_7","2",1300,1
"1390",130,100,1,13,1,0.5257,0,7,"Subject_7","2",1300,1
"1391",131,20,8,1.5,1,0.9054,0,7,"Subject_7","2",30,2
"1392",132,20,1,7,1,0.5505,0,7,"Subject_7","2",140,2
"1393",133,20,5,1.8,1,0.6538,0,7,"Subject_7","2",36,2
"1394",134,100,1,10,0,0.3949,0,7,"Subject_7","2",1000,1
"1395",135,20,3,1.5,1,0.5493,0,7,"Subject_7","2",30,2
"1396",136,20,3,4,1,0.4319,0,7,"Subject_7","2",80,2
"1397",137,100,3,1.8,1,0.6477,0,7,"Subject_7","2",180,1
"1398",138,100,8,3,1,0.6862,1,7,"Subject_7","2",300,1
"1399",139,20,60,1.05,1,0.4523,1,7,"Subject_7","2",21,2
"1400",140,100,60,2,0,0.5888,0,7,"Subject_7","2",200,1
"1401",141,100,14,10,1,0.6904,1,7,"Subject_7","2",1000,1
"1402",142,100,30,2,1,1.1466,0,7,"Subject_7","2",200,1
"1403",143,100,3,1.05,1,0.7808,0,7,"Subject_7","2",105,1
"1404",144,100,8,13,1,0.6339,0,7,"Subject_7","2",1300,1
"1405",145,20,8,2.5,1,0.5679,1,7,"Subject_7","2",50,2
"1406",146,100,3,1.1,1,0.4985,0,7,"Subject_7","2",110,1
"1407",147,20,8,1.1,1,0.4905,0,7,"Subject_7","2",22,2
"1408",148,20,14,1.8,1,0.761,1,7,"Subject_7","2",36,2
"1409",149,20,30,10,1,0.5717,0,7,"Subject_7","2",200,2
"1410",150,100,5,7,1,0.5764,1,7,"Subject_7","2",700,1
"1411",151,20,30,1.8,0,0.6668,0,7,"Subject_7","2",36,2
"1412",152,20,5,1.02,1,1.2055,0,7,"Subject_7","2",20.4,2
"1413",153,20,1,1.2,0,0.8815,1,7,"Subject_7","2",24,2
"1414",154,100,14,1.05,1,0.7696,0,7,"Subject_7","2",105,1
"1415",155,20,14,3,1,0.6437,1,7,"Subject_7","2",60,2
"1416",156,100,1,1.01,0,0.6235,0,7,"Subject_7","2",101,1
"1417",157,20,5,7,1,0.5722,0,7,"Subject_7","2",140,2
"1418",158,100,5,4,1,0.4673,1,7,"Subject_7","2",400,1
"1419",159,100,30,1.5,1,0.6402,0,7,"Subject_7","2",150,1
"1420",160,20,3,1.8,0,0.7855,1,7,"Subject_7","2",36,2
"1421",161,20,1,10,1,0.6582,0,7,"Subject_7","2",200,2
"1422",162,20,30,1.1,1,0.6139,1,7,"Subject_7","2",22,2
"1423",163,100,5,1.2,1,0.8462,1,7,"Subject_7","2",120,1
"1424",164,20,5,2,1,0.8849,1,7,"Subject_7","2",40,2
"1425",165,20,5,10,1,0.4984,0,7,"Subject_7","2",200,2
"1426",166,20,14,1.1,1,0.5919,1,7,"Subject_7","2",22,2
"1427",167,20,1,1.1,1,0.677,1,7,"Subject_7","2",22,2
"1428",168,20,8,2,1,0.6278,0,7,"Subject_7","2",40,2
"1429",169,20,14,7,1,0.5893,1,7,"Subject_7","2",140,2
"1430",170,100,3,1.5,1,0.9177,0,7,"Subject_7","2",150,1
"1431",171,20,3,1.02,1,0.9697,0,7,"Subject_7","2",20.4,2
"1432",172,100,1,7,1,0.7939,1,7,"Subject_7","2",700,1
"1433",173,20,1,1.8,1,0.9298,0,7,"Subject_7","2",36,2
"1434",174,20,60,1.8,1,0.4731,1,7,"Subject_7","2",36,2
"1435",175,20,60,2,1,0.4883,0,7,"Subject_7","2",40,2
"1436",176,20,5,1.01,0,0.7956,1,7,"Subject_7","2",20.2,2
"1437",177,20,1,3,1,0.5735,0,7,"Subject_7","2",60,2
"1438",178,20,14,4,1,0.4405,0,7,"Subject_7","2",80,2
"1439",179,20,5,5,1,0.4705,1,7,"Subject_7","2",100,2
"1440",180,20,3,1.05,0,1.1257,1,7,"Subject_7","2",21,2
"1441",181,100,5,3,1,0.8292,0,7,"Subject_7","2",300,1
"1442",182,20,30,4,1,0.87,1,7,"Subject_7","2",80,2
"1443",183,20,8,1.01,0,0.9501,0,7,"Subject_7","2",20.2,2
"1444",184,20,8,7,1,0.7061,0,7,"Subject_7","2",140,2
"1445",185,100,5,2.5,0,0.7134,0,7,"Subject_7","2",250,1
"1446",186,20,1,5,1,0.9242,1,7,"Subject_7","2",100,2
"1447",187,20,60,1.1,0,1.0124,1,7,"Subject_7","2",22,2
"1448",188,100,60,7,1,1.0453,1,7,"Subject_7","2",700,1
"1449",189,100,5,1.1,1,0.8207,0,7,"Subject_7","2",110,1
"1450",190,20,5,1.05,0,0.7959,1,7,"Subject_7","2",21,2
"1451",191,20,60,3,1,0.786,0,7,"Subject_7","2",60,2
"1452",192,100,14,3,1,0.8624,0,7,"Subject_7","2",300,1
"1453",193,20,60,1.01,0,0.6951,1,7,"Subject_7","2",20.2,2
"1454",194,20,1,4,1,0.7592,0,7,"Subject_7","2",80,2
"1455",195,100,5,10,1,0.5062,1,7,"Subject_7","2",1000,1
"1456",196,100,3,3,1,0.6227,0,7,"Subject_7","2",300,1
"1457",197,100,14,2.5,1,0.4874,0,7,"Subject_7","2",250,1
"1458",198,100,8,1.05,0,0.6526,1,7,"Subject_7","2",105,1
"1459",199,20,3,1.01,1,0.1905,0,7,"Subject_7","2",20.2,2
"1460",200,20,8,5,1,0.7609,0,7,"Subject_7","2",100,2
"1461",201,20,14,1.05,1,0.4495,0,7,"Subject_7","2",21,2
"1462",202,100,60,1.1,1,1.1605,1,7,"Subject_7","2",110,1
"1463",203,20,14,2.5,1,0.8693,1,7,"Subject_7","2",50,2
"1464",204,100,30,13,1,0.5446,1,7,"Subject_7","2",1300,1
"1465",205,100,30,2.5,1,0.3891,1,7,"Subject_7","2",250,1
"1466",206,20,3,2,1,0.3769,1,7,"Subject_7","2",40,2
"1467",207,100,30,1.1,1,0.4948,0,7,"Subject_7","2",110,1
"1468",208,100,3,10,1,0.5071,1,7,"Subject_7","2",1000,1
"1469",209,100,8,7,1,0.5769,0,7,"Subject_7","2",700,1
"1470",210,100,14,1.02,1,0.6055,1,7,"Subject_7","2",102,1
"1471",1,100,1,13,1,4.3985,1,8,"Subject_8","1",1300,1
"1472",2,20,14,3,1,2.388,1,8,"Subject_8","1",60,2
"1473",3,100,5,4,1,1.6362,0,8,"Subject_8","1",400,1
"1474",4,20,3,3,1,1.2505,0,8,"Subject_8","1",60,2
"1475",5,20,1,1.8,1,1.2447,0,8,"Subject_8","1",36,2
"1476",6,20,5,1.01,1,1.3305,1,8,"Subject_8","1",20.2,2
"1477",7,100,8,1.8,1,1.0942,0,8,"Subject_8","1",180,1
"1478",8,100,30,5,1,1.5345,0,8,"Subject_8","1",500,1
"1479",9,100,5,1.5,1,1.4996,1,8,"Subject_8","1",150,1
"1480",10,20,30,13,1,0.9114,0,8,"Subject_8","1",260,2
"1481",11,20,1,1.2,1,1.0494,0,8,"Subject_8","1",24,2
"1482",12,20,8,1.1,1,0.9978,0,8,"Subject_8","1",22,2
"1483",13,100,5,1.01,1,0.8213,0,8,"Subject_8","1",101,1
"1484",14,100,3,5,1,1.6358,1,8,"Subject_8","1",500,1
"1485",15,20,3,1.02,1,1.6809,0,8,"Subject_8","1",20.4,2
"1486",16,100,3,1.01,1,0.6909,0,8,"Subject_8","1",101,1
"1487",17,20,3,1.01,1,1.1695,0,8,"Subject_8","1",20.2,2
"1488",18,20,14,2,1,1.1732,0,8,"Subject_8","1",40,2
"1489",19,20,1,1.05,1,1.3588,1,8,"Subject_8","1",21,2
"1490",20,100,14,1.5,1,1.1892,1,8,"Subject_8","1",150,1
"1491",21,100,14,3,1,0.6714,0,8,"Subject_8","1",300,1
"1492",22,100,1,1.01,1,1.0029,0,8,"Subject_8","1",101,1
"1493",23,100,1,1.05,1,0.853,1,8,"Subject_8","1",105,1
"1494",24,100,30,1.1,1,0.9398,1,8,"Subject_8","1",110,1
"1495",25,20,14,4,1,0.9257,0,8,"Subject_8","1",80,2
"1496",26,20,5,3,1,0.8418,0,8,"Subject_8","1",60,2
"1497",27,20,60,13,1,0.6965,0,8,"Subject_8","1",260,2
"1498",28,100,8,13,1,1.1471,0,8,"Subject_8","1",1300,1
"1499",29,20,3,4,1,0.9926,0,8,"Subject_8","1",80,2
"1500",30,20,8,3,1,0.8592,1,8,"Subject_8","1",60,2
"1501",31,100,60,7,1,0.7095,1,8,"Subject_8","1",700,1
"1502",32,100,3,1.05,1,0.9026,0,8,"Subject_8","1",105,1
"1503",33,100,30,1.5,1,0.6941,1,8,"Subject_8","1",150,1
"1504",34,100,60,5,1,0.6061,0,8,"Subject_8","1",500,1
"1505",35,100,3,13,1,0.5359,1,8,"Subject_8","1",1300,1
"1506",36,100,60,2.5,1,0.5806,0,8,"Subject_8","1",250,1
"1507",37,100,5,2.5,1,0.5856,1,8,"Subject_8","1",250,1
"1508",38,100,30,2.5,1,0.6611,0,8,"Subject_8","1",250,1
"1509",39,100,8,2.5,1,0.6858,0,8,"Subject_8","1",250,1
"1510",40,20,5,1.2,1,0.9657,1,8,"Subject_8","1",24,2
"1511",41,20,14,1.02,1,0.9018,1,8,"Subject_8","1",20.4,2
"1512",42,20,8,13,1,0.7397,1,8,"Subject_8","1",260,2
"1513",43,20,8,1.01,1,0.6151,1,8,"Subject_8","1",20.2,2
"1514",44,100,60,13,1,1.0726,0,8,"Subject_8","1",1300,1
"1515",45,20,8,2,1,0.9634,0,8,"Subject_8","1",40,2
"1516",46,20,5,2.5,1,0.9194,1,8,"Subject_8","1",50,2
"1517",47,100,30,2,1,1.2475,1,8,"Subject_8","1",200,1
"1518",48,100,5,3,1,0.7086,1,8,"Subject_8","1",300,1
"1519",49,20,60,1.2,1,0.8579,0,8,"Subject_8","1",24,2
"1520",50,20,60,1.05,1,0.604,1,8,"Subject_8","1",21,2
"1521",51,20,30,2,1,0.8766,0,8,"Subject_8","1",40,2
"1522",52,20,1,4,1,0.8899,1,8,"Subject_8","1",80,2
"1523",53,100,1,5,1,0.7921,1,8,"Subject_8","1",500,1
"1524",54,100,30,1.01,1,0.5782,1,8,"Subject_8","1",101,1
"1525",55,20,5,5,1,0.9324,1,8,"Subject_8","1",100,2
"1526",56,20,5,1.05,1,1.2445,0,8,"Subject_8","1",21,2
"1527",57,100,60,1.5,1,0.958,1,8,"Subject_8","1",150,1
"1528",58,100,60,10,1,1.0009,0,8,"Subject_8","1",1000,1
"1529",59,20,3,2.5,1,1.431,0,8,"Subject_8","1",50,2
"1530",60,100,14,13,1,0.7346,0,8,"Subject_8","1",1300,1
"1531",61,100,60,1.8,1,0.6594,0,8,"Subject_8","1",180,1
"1532",62,100,5,1.2,1,0.8935,1,8,"Subject_8","1",120,1
"1533",63,100,8,1.1,1,0.4964,0,8,"Subject_8","1",110,1
"1534",64,20,5,1.02,1,0.6722,1,8,"Subject_8","1",20.4,2
"1535",65,20,60,7,1,0.8283,1,8,"Subject_8","1",140,2
"1536",66,100,5,1.02,1,0.8951,0,8,"Subject_8","1",102,1
"1537",67,20,60,1.01,0,1.2446,0,8,"Subject_8","1",20.2,2
"1538",68,20,60,2.5,1,0.9598,0,8,"Subject_8","1",50,2
"1539",69,20,14,10,1,2.1394,0,8,"Subject_8","1",200,2
"1540",70,100,1,4,1,0.7301,0,8,"Subject_8","1",400,1
"1541",71,100,1,1.02,1,0.7888,1,8,"Subject_8","1",102,1
"1542",72,20,1,1.01,0,1.1354,1,8,"Subject_8","1",20.2,2
"1543",73,100,30,3,1,1.0371,1,8,"Subject_8","1",300,1
"1544",74,20,60,1.02,0,1.3907,0,8,"Subject_8","1",20.4,2
"1545",75,100,8,4,1,1.0325,0,8,"Subject_8","1",400,1
"1546",76,20,30,1.5,1,0.9488,0,8,"Subject_8","1",30,2
"1547",77,20,5,4,1,0.7516,1,8,"Subject_8","1",80,2
"1548",78,100,30,1.02,0,0.5755,1,8,"Subject_8","1",102,1
"1549",79,20,3,7,1,1.3596,0,8,"Subject_8","1",140,2
"1550",80,20,60,1.8,1,0.8199,0,8,"Subject_8","1",36,2
"1551",81,100,14,1.1,1,0.6832,0,8,"Subject_8","1",110,1
"1552",82,100,8,1.01,1,0.4118,0,8,"Subject_8","1",101,1
"1553",83,100,8,1.02,1,0.9184,1,8,"Subject_8","1",102,1
"1554",84,20,5,13,1,0.7364,0,8,"Subject_8","1",260,2
"1555",85,20,60,5,1,0.5998,0,8,"Subject_8","1",100,2
"1556",86,100,1,1.5,1,0.6351,0,8,"Subject_8","1",150,1
"1557",87,20,8,5,0,0.4871,0,8,"Subject_8","1",100,2
"1558",88,20,3,1.05,1,1.075,0,8,"Subject_8","1",21,2
"1559",89,20,30,1.01,1,1.513,1,8,"Subject_8","1",20.2,2
"1560",90,20,3,13,1,0.6882,0,8,"Subject_8","1",260,2
"1561",91,20,3,2,1,1.1989,0,8,"Subject_8","1",40,2
"1562",92,100,1,1.1,1,1.1251,0,8,"Subject_8","1",110,1
"1563",93,20,60,1.1,1,0.984,0,8,"Subject_8","1",22,2
"1564",94,20,60,3,1,0.9401,0,8,"Subject_8","1",60,2
"1565",95,100,5,7,0,0.6326,0,8,"Subject_8","1",700,1
"1566",96,100,1,3,1,1.1505,1,8,"Subject_8","1",300,1
"1567",97,20,5,1.8,1,0.8386,0,8,"Subject_8","1",36,2
"1568",98,100,5,1.05,1,0.8868,1,8,"Subject_8","1",105,1
"1569",99,20,14,1.1,1,0.8131,0,8,"Subject_8","1",22,2
"1570",100,20,14,5,0,1.0691,1,8,"Subject_8","1",100,2
"1571",101,20,14,13,1,0.7688,0,8,"Subject_8","1",260,2
"1572",102,100,14,10,1,0.9575,0,8,"Subject_8","1",1000,1
"1573",103,20,14,1.01,1,1.3667,0,8,"Subject_8","1",20.2,2
"1574",104,20,1,3,1,0.8192,1,8,"Subject_8","1",60,2
"1575",105,100,1,2.5,1,0.9706,1,8,"Subject_8","1",250,1
"1576",106,20,14,1.05,1,1.109,1,8,"Subject_8","1",21,2
"1577",107,100,1,2,1,1.1458,1,8,"Subject_8","1",200,1
"1578",108,20,60,2,0,0.6193,1,8,"Subject_8","1",40,2
"1579",109,20,5,1.1,1,1.0852,1,8,"Subject_8","1",22,2
"1580",110,100,5,1.8,1,1.2443,1,8,"Subject_8","1",180,1
"1581",111,20,8,10,1,0.9372,0,8,"Subject_8","1",200,2
"1582",112,20,14,2.5,1,0.8178,0,8,"Subject_8","1",50,2
"1583",113,100,8,2,1,0.6839,1,8,"Subject_8","1",200,1
"1584",114,100,5,5,1,1.0088,0,8,"Subject_8","1",500,1
"1585",115,100,14,4,0,0.6169,1,8,"Subject_8","1",400,1
"1586",116,100,5,10,1,1.0534,0,8,"Subject_8","1",1000,1
"1587",117,20,30,1.8,1,0.7982,1,8,"Subject_8","1",36,2
"1588",118,20,1,13,1,0.7849,1,8,"Subject_8","1",260,2
"1589",119,20,1,2,1,0.8371,0,8,"Subject_8","1",40,2
"1590",120,20,3,1.8,1,1.0172,0,8,"Subject_8","1",36,2
"1591",121,100,14,1.01,1,0.9322,0,8,"Subject_8","1",101,1
"1592",122,100,60,3,1,1.0042,0,8,"Subject_8","1",300,1
"1593",123,20,3,1.1,1,0.9144,0,8,"Subject_8","1",22,2
"1594",124,100,30,1.2,1,0.7024,1,8,"Subject_8","1",120,1
"1595",125,100,1,1.2,1,0.9309,0,8,"Subject_8","1",120,1
"1596",126,20,14,1.2,1,0.7384,1,8,"Subject_8","1",24,2
"1597",127,20,8,4,1,0.6831,1,8,"Subject_8","1",80,2
"1598",128,20,30,1.1,1,0.9346,1,8,"Subject_8","1",22,2
"1599",129,100,14,1.05,1,0.7701,1,8,"Subject_8","1",105,1
"1600",130,20,3,10,1,0.9331,0,8,"Subject_8","1",200,2
"1601",131,100,14,1.2,1,0.7348,1,8,"Subject_8","1",120,1
"1602",132,20,30,1.02,1,3.026,0,8,"Subject_8","1",20.4,2
"1603",133,100,8,3,1,0.8761,1,8,"Subject_8","1",300,1
"1604",134,20,60,10,1,0.6761,1,8,"Subject_8","1",200,2
"1605",135,100,60,1.02,1,0.5295,1,8,"Subject_8","1",102,1
"1606",136,20,30,4,1,0.8,0,8,"Subject_8","1",80,2
"1607",137,100,8,1.2,1,0.9567,0,8,"Subject_8","1",120,1
"1608",138,20,5,7,1,0.651,0,8,"Subject_8","1",140,2
"1609",139,100,5,13,1,0.8524,0,8,"Subject_8","1",1300,1
"1610",140,20,1,10,1,0.7785,0,8,"Subject_8","1",200,2
"1611",141,20,8,1.05,1,0.8692,0,8,"Subject_8","1",21,2
"1612",142,100,3,1.5,1,0.808,0,8,"Subject_8","1",150,1
"1613",143,20,8,1.8,1,1.0653,1,8,"Subject_8","1",36,2
"1614",144,100,3,3,1,0.8155,1,8,"Subject_8","1",300,1
"1615",145,100,14,5,1,1.0954,0,8,"Subject_8","1",500,1
"1616",146,100,1,10,1,0.6551,1,8,"Subject_8","1",1000,1
"1617",147,20,8,1.2,1,0.7751,0,8,"Subject_8","1",24,2
"1618",148,100,14,1.8,1,0.6419,1,8,"Subject_8","1",180,1
"1619",149,20,5,1.5,1,1.3359,0,8,"Subject_8","1",30,2
"1620",150,100,3,7,1,1.1347,1,8,"Subject_8","1",700,1
"1621",151,100,30,13,1,0.6571,1,8,"Subject_8","1",1300,1
"1622",152,20,30,7,1,0.647,1,8,"Subject_8","1",140,2
"1623",153,100,1,7,1,0.7211,1,8,"Subject_8","1",700,1
"1624",154,20,1,1.5,1,0.8669,0,8,"Subject_8","1",30,2
"1625",155,100,5,1.1,1,0.9151,0,8,"Subject_8","1",110,1
"1626",156,100,14,2.5,1,0.8026,1,8,"Subject_8","1",250,1
"1627",157,100,8,10,1,0.6248,1,8,"Subject_8","1",1000,1
"1628",158,20,1,1.1,1,0.6446,0,8,"Subject_8","1",22,2
"1629",159,100,14,2,1,0.6406,1,8,"Subject_8","1",200,1
"1630",160,20,30,1.05,1,1.1765,1,8,"Subject_8","1",21,2
"1631",161,100,60,2,1,0.7654,1,8,"Subject_8","1",200,1
"1632",162,20,5,10,1,0.4781,1,8,"Subject_8","1",200,2
"1633",163,20,14,7,1,0.606,0,8,"Subject_8","1",140,2
"1634",164,100,30,4,1,0.9054,1,8,"Subject_8","1",400,1
"1635",165,100,14,1.02,1,0.6641,1,8,"Subject_8","1",102,1
"1636",166,20,8,1.5,0,0.7068,0,8,"Subject_8","1",30,2
"1637",167,100,8,1.5,1,0.7593,1,8,"Subject_8","1",150,1
"1638",168,20,1,5,1,0.7662,0,8,"Subject_8","1",100,2
"1639",169,100,3,4,1,0.6394,1,8,"Subject_8","1",400,1
"1640",170,20,30,1.2,1,0.6902,1,8,"Subject_8","1",24,2
"1641",171,100,3,1.1,1,0.7214,1,8,"Subject_8","1",110,1
"1642",172,100,60,1.05,1,0.8073,1,8,"Subject_8","1",105,1
"1643",173,100,60,1.1,1,0.5794,1,8,"Subject_8","1",110,1
"1644",174,100,30,7,1,0.972,0,8,"Subject_8","1",700,1
"1645",175,20,3,5,1,0.8128,1,8,"Subject_8","1",100,2
"1646",176,100,5,2,1,0.6421,1,8,"Subject_8","1",200,1
"1647",177,20,1,1.02,1,0.8094,1,8,"Subject_8","1",20.4,2
"1648",178,20,60,1.5,1,0.7701,0,8,"Subject_8","1",30,2
"1649",179,100,8,1.05,1,0.7116,0,8,"Subject_8","1",105,1
"1650",180,100,30,1.8,1,1.0841,0,8,"Subject_8","1",180,1
"1651",181,100,14,7,1,0.9316,1,8,"Subject_8","1",700,1
"1652",182,20,8,1.02,1,0.819,0,8,"Subject_8","1",20.4,2
"1653",183,20,30,10,1,0.6551,0,8,"Subject_8","1",200,2
"1654",184,20,1,7,1,0.6519,0,8,"Subject_8","1",140,2
"1655",185,20,14,1.8,1,0.8624,1,8,"Subject_8","1",36,2
"1656",186,20,60,4,1,0.726,1,8,"Subject_8","1",80,2
"1657",187,100,8,5,1,0.6486,1,8,"Subject_8","1",500,1
"1658",188,20,30,5,1,0.9071,0,8,"Subject_8","1",100,2
"1659",189,100,3,1.02,1,0.8412,1,8,"Subject_8","1",102,1
"1660",190,20,3,1.5,1,0.8737,0,8,"Subject_8","1",30,2
"1661",191,100,3,1.8,1,1.0361,1,8,"Subject_8","1",180,1
"1662",192,100,3,10,1,1.216,1,8,"Subject_8","1",1000,1
"1663",193,20,1,2.5,1,0.5997,0,8,"Subject_8","1",50,2
"1664",194,100,3,2,1,1.2151,1,8,"Subject_8","1",200,1
"1665",195,100,3,1.2,1,0.9619,0,8,"Subject_8","1",120,1
"1666",196,20,3,1.2,1,0.7988,0,8,"Subject_8","1",24,2
"1667",197,100,60,1.2,1,0.7444,0,8,"Subject_8","1",120,1
"1668",198,20,30,3,1,0.9177,0,8,"Subject_8","1",60,2
"1669",199,100,60,1.01,1,0.8844,1,8,"Subject_8","1",101,1
"1670",200,100,8,7,1,0.6268,0,8,"Subject_8","1",700,1
"1671",201,100,60,4,1,0.9536,0,8,"Subject_8","1",400,1
"1672",202,100,30,10,1,0.741,1,8,"Subject_8","1",1000,1
"1673",203,20,14,1.5,1,0.9399,1,8,"Subject_8","1",30,2
"1674",204,20,5,2,1,0.6414,1,8,"Subject_8","1",40,2
"1675",205,20,8,2.5,1,0.6912,0,8,"Subject_8","1",50,2
"1676",206,20,30,2.5,1,0.5842,1,8,"Subject_8","1",50,2
"1677",207,20,8,7,1,0.8721,0,8,"Subject_8","1",140,2
"1678",208,100,30,1.05,1,1.0555,0,8,"Subject_8","1",105,1
"1679",209,100,3,2.5,1,0.6311,1,8,"Subject_8","1",250,1
"1680",210,100,1,1.8,1,0.5577,1,8,"Subject_8","1",180,1
"1681",1,20,30,1.8,1,20.1486,1,9,"Subject_9","1",36,2
"1682",2,100,3,1.2,0,2.6694,1,9,"Subject_9","1",120,1
"1683",3,20,3,1.05,0,2.5806,0,9,"Subject_9","1",21,2
"1684",4,100,14,2.5,1,1.6944,1,9,"Subject_9","1",250,1
"1685",5,20,30,1.05,0,1.6408,0,9,"Subject_9","1",21,2
"1686",6,100,5,1.8,1,1.8608,1,9,"Subject_9","1",180,1
"1687",7,20,14,1.5,1,2.78,0,9,"Subject_9","1",30,2
"1688",8,100,14,2,1,2.1742,0,9,"Subject_9","1",200,1
"1689",9,20,8,2.5,1,3.3043,1,9,"Subject_9","1",50,2
"1690",10,100,3,5,1,1.576,1,9,"Subject_9","1",500,1
"1691",11,20,3,1.1,0,1.805,0,9,"Subject_9","1",22,2
"1692",12,20,60,1.5,1,2.373,0,9,"Subject_9","1",30,2
"1693",13,100,1,1.1,0,2.0112,0,9,"Subject_9","1",110,1
"1694",14,20,14,13,1,2.2826,0,9,"Subject_9","1",260,2
"1695",15,20,8,4,1,1.7322,0,9,"Subject_9","1",80,2
"1696",16,20,5,5,1,1.6773,0,9,"Subject_9","1",100,2
"1697",17,20,14,3,0,2.9566,1,9,"Subject_9","1",60,2
"1698",18,100,60,4,1,1.5441,0,9,"Subject_9","1",400,1
"1699",19,20,3,5,1,1.6106,0,9,"Subject_9","1",100,2
"1700",20,20,1,1.5,1,2.1231,0,9,"Subject_9","1",30,2
"1701",21,20,14,1.02,0,2.4892,1,9,"Subject_9","1",20.4,2
"1702",22,100,30,1.8,1,1.9035,0,9,"Subject_9","1",180,1
"1703",23,20,1,3,1,1.5622,1,9,"Subject_9","1",60,2
"1704",24,100,3,4,1,1.4513,1,9,"Subject_9","1",400,1
"1705",25,100,14,1.5,0,2.253,1,9,"Subject_9","1",150,1
"1706",26,100,1,5,1,1.3347,0,9,"Subject_9","1",500,1
"1707",27,20,1,4,1,1.2463,0,9,"Subject_9","1",80,2
"1708",28,100,5,1.1,0,2.522,0,9,"Subject_9","1",110,1
"1709",29,100,8,2,1,1.5401,0,9,"Subject_9","1",200,1
"1710",30,100,14,5,1,1.0531,0,9,"Subject_9","1",500,1
"1711",31,100,14,13,1,1.1727,1,9,"Subject_9","1",1300,1
"1712",32,20,30,5,1,1.5065,0,9,"Subject_9","1",100,2
"1713",33,20,5,1.8,1,2.5193,1,9,"Subject_9","1",36,2
"1714",34,20,30,1.1,0,2.1236,1,9,"Subject_9","1",22,2
"1715",35,20,14,7,1,2.2023,1,9,"Subject_9","1",140,2
"1716",36,100,1,1.05,1,1.4005,1,9,"Subject_9","1",105,1
"1717",37,20,60,1.05,0,1.5537,0,9,"Subject_9","1",21,2
"1718",38,20,3,1.5,1,2.0384,1,9,"Subject_9","1",30,2
"1719",39,100,14,1.02,0,1.9829,1,9,"Subject_9","1",102,1
"1720",40,20,60,13,1,1.4758,0,9,"Subject_9","1",260,2
"1721",41,100,8,3,1,1.3622,1,9,"Subject_9","1",300,1
"1722",42,100,5,10,1,1.0879,1,9,"Subject_9","1",1000,1
"1723",43,100,30,1.5,1,1.1201,1,9,"Subject_9","1",150,1
"1724",44,100,5,1.5,1,2.0517,0,9,"Subject_9","1",150,1
"1725",45,20,5,2,1,1.4004,0,9,"Subject_9","1",40,2
"1726",46,100,1,1.5,1,1.7991,1,9,"Subject_9","1",150,1
"1727",47,100,14,1.05,0,1.9237,1,9,"Subject_9","1",105,1
"1728",48,20,60,1.8,0,1.6629,0,9,"Subject_9","1",36,2
"1729",49,100,1,1.01,1,1.8635,1,9,"Subject_9","1",101,1
"1730",50,20,8,10,1,1.3608,0,9,"Subject_9","1",200,2
"1731",51,100,5,1.2,1,1.296,1,9,"Subject_9","1",120,1
"1732",52,100,8,13,1,1.1497,0,9,"Subject_9","1",1300,1
"1733",53,100,1,4,0,1.1648,0,9,"Subject_9","1",400,1
"1734",54,100,8,2.5,1,1.2302,1,9,"Subject_9","1",250,1
"1735",55,20,5,4,1,3.5384,1,9,"Subject_9","1",80,2
"1736",56,100,5,1.02,0,1.4628,1,9,"Subject_9","1",102,1
"1737",57,100,60,1.01,0,1.4332,0,9,"Subject_9","1",101,1
"1738",58,100,8,1.5,1,1.3796,0,9,"Subject_9","1",150,1
"1739",59,20,1,1.01,0,1.6895,0,9,"Subject_9","1",20.2,2
"1740",60,20,1,10,1,1.234,0,9,"Subject_9","1",200,2
"1741",61,20,3,10,1,1.273,1,9,"Subject_9","1",200,2
"1742",62,20,3,2,1,1.2851,1,9,"Subject_9","1",40,2
"1743",63,20,8,5,1,1.4181,1,9,"Subject_9","1",100,2
"1744",64,20,60,10,1,1.0007,1,9,"Subject_9","1",200,2
"1745",65,100,3,1.8,1,1.4308,0,9,"Subject_9","1",180,1
"1746",66,100,5,1.01,0,1.6627,1,9,"Subject_9","1",101,1
"1747",67,20,30,7,1,4.1739,1,9,"Subject_9","1",140,2
"1748",68,20,60,5,0,2.8578,1,9,"Subject_9","1",100,2
"1749",69,100,3,2.5,1,1.0789,0,9,"Subject_9","1",250,1
"1750",70,20,5,13,1,0.9951,0,9,"Subject_9","1",260,2
"1751",71,100,3,1.1,1,1.1665,0,9,"Subject_9","1",110,1
"1752",72,20,8,1.02,0,1.6694,0,9,"Subject_9","1",20.4,2
"1753",73,20,60,1.1,0,1.8775,0,9,"Subject_9","1",22,2
"1754",74,100,30,7,1,1.8934,1,9,"Subject_9","1",700,1
"1755",75,100,5,2.5,1,1.3334,0,9,"Subject_9","1",250,1
"1756",76,100,1,3,1,1.0413,0,9,"Subject_9","1",300,1
"1757",77,100,1,7,1,1.0347,0,9,"Subject_9","1",700,1
"1758",78,100,30,13,1,1.1383,1,9,"Subject_9","1",1300,1
"1759",79,20,14,1.8,0,2.0533,0,9,"Subject_9","1",36,2
"1760",80,20,30,3,0,2.4013,0,9,"Subject_9","1",60,2
"1761",81,100,1,1.2,1,1.8582,0,9,"Subject_9","1",120,1
"1762",82,100,14,4,1,1.3989,1,9,"Subject_9","1",400,1
"1763",83,20,5,10,1,1.2362,1,9,"Subject_9","1",200,2
"1764",84,20,3,2.5,1,1.2092,1,9,"Subject_9","1",50,2
"1765",85,100,60,2,1,1.6766,1,9,"Subject_9","1",200,1
"1766",86,100,30,1.05,0,1.3445,0,9,"Subject_9","1",105,1
"1767",87,20,8,1.1,0,2.1535,1,9,"Subject_9","1",22,2
"1768",88,20,8,3,1,2.3809,1,9,"Subject_9","1",60,2
"1769",89,20,5,1.05,0,1.5604,0,9,"Subject_9","1",21,2
"1770",90,20,14,2.5,1,1.7162,1,9,"Subject_9","1",50,2
"1771",91,20,30,4,1,2.0815,1,9,"Subject_9","1",80,2
"1772",92,20,30,1.5,0,1.6363,0,9,"Subject_9","1",30,2
"1773",93,20,1,1.2,1,2.5326,0,9,"Subject_9","1",24,2
"1774",94,100,60,1.02,0,1.2723,1,9,"Subject_9","1",102,1
"1775",95,20,3,1.01,0,1.8515,0,9,"Subject_9","1",20.2,2
"1776",96,100,30,3,1,1.432,0,9,"Subject_9","1",300,1
"1777",97,20,3,13,1,2.1792,0,9,"Subject_9","1",260,2
"1778",98,20,3,1.02,0,1.9528,1,9,"Subject_9","1",20.4,2
"1779",99,20,60,4,0,2.5207,1,9,"Subject_9","1",80,2
"1780",100,100,3,7,1,1.3277,1,9,"Subject_9","1",700,1
"1781",101,20,14,4,1,1.6022,1,9,"Subject_9","1",80,2
"1782",102,20,14,5,1,2.6587,0,9,"Subject_9","1",100,2
"1783",103,20,1,1.02,0,1.3044,1,9,"Subject_9","1",20.4,2
"1784",104,100,8,10,1,1.4879,0,9,"Subject_9","1",1000,1
"1785",105,100,3,10,1,3.0223,0,9,"Subject_9","1",1000,1
"1786",106,20,3,7,1,1.849,0,9,"Subject_9","1",140,2
"1787",107,100,14,1.2,1,1.399,1,9,"Subject_9","1",120,1
"1788",108,100,14,1.1,0,1.561,1,9,"Subject_9","1",110,1
"1789",109,100,5,4,1,1.4027,0,9,"Subject_9","1",400,1
"1790",110,20,1,13,1,1.1272,1,9,"Subject_9","1",260,2
"1791",111,100,30,4,1,2.2147,0,9,"Subject_9","1",400,1
"1792",112,100,8,4,1,1.6382,0,9,"Subject_9","1",400,1
"1793",113,100,1,1.02,1,1.7868,1,9,"Subject_9","1",102,1
"1794",114,100,30,5,1,3.4399,1,9,"Subject_9","1",500,1
"1795",115,20,30,1.01,0,2.6649,0,9,"Subject_9","1",20.2,2
"1796",116,100,5,2,1,1.7999,1,9,"Subject_9","1",200,1
"1797",117,20,3,1.8,0,3.0107,0,9,"Subject_9","1",36,2
"1798",118,20,30,2,0,3.7639,1,9,"Subject_9","1",40,2
"1799",119,20,1,1.1,0,2.8238,1,9,"Subject_9","1",22,2
"1800",120,20,30,1.02,0,1.9361,1,9,"Subject_9","1",20.4,2
"1801",121,20,5,3,1,1.5949,1,9,"Subject_9","1",60,2
"1802",122,20,8,1.2,0,1.8313,1,9,"Subject_9","1",24,2
"1803",123,100,8,1.05,0,1.4281,0,9,"Subject_9","1",105,1
"1804",124,100,30,2.5,1,1.5053,0,9,"Subject_9","1",250,1
"1805",125,100,8,7,1,1.5689,0,9,"Subject_9","1",700,1
"1806",126,100,8,5,1,1.3766,0,9,"Subject_9","1",500,1
"1807",127,20,8,1.5,1,2.9009,0,9,"Subject_9","1",30,2
"1808",128,20,1,7,1,1.1783,1,9,"Subject_9","1",140,2
"1809",129,100,60,1.5,0,2.8978,1,9,"Subject_9","1",150,1
"1810",130,100,8,1.8,1,1.5579,0,9,"Subject_9","1",180,1
"1811",131,100,3,3,1,1.199,0,9,"Subject_9","1",300,1
"1812",132,100,5,5,1,1.0411,0,9,"Subject_9","1",500,1
"1813",133,100,5,13,1,1.1614,1,9,"Subject_9","1",1300,1
"1814",134,20,5,1.02,0,1.0795,1,9,"Subject_9","1",20.4,2
"1815",135,100,1,2.5,1,1.0064,1,9,"Subject_9","1",250,1
"1816",136,100,60,2.5,0,2.6931,1,9,"Subject_9","1",250,1
"1817",137,20,14,1.01,0,1.303,0,9,"Subject_9","1",20.2,2
"1818",138,20,3,1.2,0,2.1525,0,9,"Subject_9","1",24,2
"1819",139,100,3,2,1,1.1086,0,9,"Subject_9","1",200,1
"1820",140,20,8,1.01,0,1.1062,0,9,"Subject_9","1",20.2,2
"1821",141,100,14,1.8,1,1.633,0,9,"Subject_9","1",180,1
"1822",142,100,5,1.05,0,1.0802,0,9,"Subject_9","1",105,1
"1823",143,20,60,1.01,0,0.9504,1,9,"Subject_9","1",20.2,2
"1824",144,100,8,1.02,0,1.0127,0,9,"Subject_9","1",102,1
"1825",145,20,14,1.2,0,1.6947,0,9,"Subject_9","1",24,2
"1826",146,20,30,1.2,0,1.1327,0,9,"Subject_9","1",24,2
"1827",147,100,3,13,1,1.133,0,9,"Subject_9","1",1300,1
"1828",148,100,30,1.01,0,1.6159,1,9,"Subject_9","1",101,1
"1829",149,20,1,2.5,1,1.7945,0,9,"Subject_9","1",50,2
"1830",150,20,5,1.5,1,2.2684,1,9,"Subject_9","1",30,2
"1831",151,100,14,1.01,0,1.4149,1,9,"Subject_9","1",101,1
"1832",152,20,5,1.01,0,1.581,0,9,"Subject_9","1",20.2,2
"1833",153,20,5,2.5,1,1.5549,1,9,"Subject_9","1",50,2
"1834",154,100,8,1.01,0,1.1446,0,9,"Subject_9","1",101,1
"1835",155,100,60,1.1,0,1.3416,1,9,"Subject_9","1",110,1
"1836",156,20,60,1.02,0,1.584,1,9,"Subject_9","1",20.4,2
"1837",157,20,14,2,0,1.9338,1,9,"Subject_9","1",40,2
"1838",158,100,60,3,1,2.6658,1,9,"Subject_9","1",300,1
"1839",159,100,14,10,1,1.33,0,9,"Subject_9","1",1000,1
"1840",160,20,3,4,1,1.8249,0,9,"Subject_9","1",80,2
"1841",161,100,30,1.02,0,1.5421,1,9,"Subject_9","1",102,1
"1842",162,100,8,1.2,1,2.3699,0,9,"Subject_9","1",120,1
"1843",163,100,1,2,1,1.0165,0,9,"Subject_9","1",200,1
"1844",164,100,3,1.05,1,1.2799,0,9,"Subject_9","1",105,1
"1845",165,100,1,1.8,1,1.3697,1,9,"Subject_9","1",180,1
"1846",166,20,30,10,0,1.3517,1,9,"Subject_9","1",200,2
"1847",167,100,1,10,1,1.2325,0,9,"Subject_9","1",1000,1
"1848",168,100,8,1.1,0,1.4956,0,9,"Subject_9","1",110,1
"1849",169,20,8,13,1,1.6986,0,9,"Subject_9","1",260,2
"1850",170,20,5,1.1,0,1.8279,1,9,"Subject_9","1",22,2
"1851",171,20,30,2.5,1,1.3544,1,9,"Subject_9","1",50,2
"1852",172,20,30,13,1,2.518,1,9,"Subject_9","1",260,2
"1853",173,100,30,10,1,1.521,0,9,"Subject_9","1",1000,1
"1854",174,20,8,7,0,2.0527,0,9,"Subject_9","1",140,2
"1855",175,100,3,1.5,1,2.9515,0,9,"Subject_9","1",150,1
"1856",176,20,14,10,1,1.6807,0,9,"Subject_9","1",200,2
"1857",177,20,1,5,1,1.8572,0,9,"Subject_9","1",100,2
"1858",178,100,3,1.02,0,1.9096,1,9,"Subject_9","1",102,1
"1859",179,20,14,1.05,0,1.4097,1,9,"Subject_9","1",21,2
"1860",180,20,8,1.05,0,1.0026,0,9,"Subject_9","1",21,2
"1861",181,20,8,1.8,0,1.0856,1,9,"Subject_9","1",36,2
"1862",182,20,60,1.2,0,1.2929,0,9,"Subject_9","1",24,2
"1863",183,20,5,7,1,1.6148,1,9,"Subject_9","1",140,2
"1864",184,100,14,3,1,1.2948,0,9,"Subject_9","1",300,1
"1865",185,100,60,7,1,1.6556,1,9,"Subject_9","1",700,1
"1866",186,20,60,2.5,0,3.0962,1,9,"Subject_9","1",50,2
"1867",187,20,60,2,0,3.1504,1,9,"Subject_9","1",40,2
"1868",188,100,60,1.2,0,2.1318,0,9,"Subject_9","1",120,1
"1869",189,100,30,2,1,1.7886,1,9,"Subject_9","1",200,1
"1870",190,100,1,13,1,1.7033,0,9,"Subject_9","1",1300,1
"1871",191,100,60,10,1,2.2826,1,9,"Subject_9","1",1000,1
"1872",192,100,30,1.2,1,1.6688,1,9,"Subject_9","1",120,1
"1873",193,100,60,1.8,0,1.9888,1,9,"Subject_9","1",180,1
"1874",194,100,60,1.05,0,1.4887,1,9,"Subject_9","1",105,1
"1875",195,100,60,13,1,1.8424,1,9,"Subject_9","1",1300,1
"1876",196,20,14,1.1,0,1.4209,0,9,"Subject_9","1",22,2
"1877",197,20,5,1.2,0,1.3688,0,9,"Subject_9","1",24,2
"1878",198,100,14,7,1,1.3091,0,9,"Subject_9","1",700,1
"1879",199,20,8,2,0,2.39,0,9,"Subject_9","1",40,2
"1880",200,20,60,3,0,1.4718,1,9,"Subject_9","1",60,2
"1881",201,100,30,1.1,0,1.3427,1,9,"Subject_9","1",110,1
"1882",202,100,3,1.01,0,1.4518,0,9,"Subject_9","1",101,1
"1883",203,20,1,1.8,1,1.9254,0,9,"Subject_9","1",36,2
"1884",204,20,60,7,0,2.5273,1,9,"Subject_9","1",140,2
"1885",205,20,1,2,1,2.1571,0,9,"Subject_9","1",40,2
"1886",206,20,3,3,1,1.6951,1,9,"Subject_9","1",60,2
"1887",207,100,60,5,1,1.6317,0,9,"Subject_9","1",500,1
"1888",208,20,1,1.05,1,2.011,1,9,"Subject_9","1",21,2
"1889",209,100,5,7,1,1.2605,1,9,"Subject_9","1",700,1
"1890",210,100,5,3,1,1.0513,1,9,"Subject_9","1",300,1
"1891",1,20,30,5,1,3.6412,0,10,"Subject_10","1",100,2
"1892",2,100,5,2,1,3.1751,0,10,"Subject_10","1",200,1
"1893",3,100,30,3,1,2.2615,1,10,"Subject_10","1",300,1
"1894",4,20,60,5,1,3.1618,1,10,"Subject_10","1",100,2
"1895",5,20,3,1.5,1,2.9048,1,10,"Subject_10","1",30,2
"1896",6,20,30,7,1,1.8494,0,10,"Subject_10","1",140,2
"1897",7,20,8,13,1,2.3313,1,10,"Subject_10","1",260,2
"1898",8,100,60,13,1,1.6965,1,10,"Subject_10","1",1300,1
"1899",9,100,30,13,1,2.4532,0,10,"Subject_10","1",1300,1
"1900",10,100,60,3,1,2.936,1,10,"Subject_10","1",300,1
"1901",11,20,1,4,1,1.8595,1,10,"Subject_10","1",80,2
"1902",12,100,1,1.8,1,1.7148,0,10,"Subject_10","1",180,1
"1903",13,100,3,13,1,1.9932,0,10,"Subject_10","1",1300,1
"1904",14,20,14,1.01,1,10.8909,0,10,"Subject_10","1",20.2,2
"1905",15,100,60,2,1,2.7963,0,10,"Subject_10","1",200,1
"1906",16,20,3,7,1,1.6065,0,10,"Subject_10","1",140,2
"1907",17,100,60,4,1,1.9247,0,10,"Subject_10","1",400,1
"1908",18,100,5,1.8,1,1.4561,0,10,"Subject_10","1",180,1
"1909",19,100,8,10,1,1.2822,1,10,"Subject_10","1",1000,1
"1910",20,100,8,7,1,1.5484,1,10,"Subject_10","1",700,1
"1911",21,100,60,1.5,1,3.0373,0,10,"Subject_10","1",150,1
"1912",22,100,5,7,1,1.4097,0,10,"Subject_10","1",700,1
"1913",23,20,1,1.05,1,3.0195,1,10,"Subject_10","1",21,2
"1914",24,20,5,2,1,1.8627,1,10,"Subject_10","1",40,2
"1915",25,100,3,1.8,1,1.46,1,10,"Subject_10","1",180,1
"1916",26,20,60,1.1,1,2.1513,0,10,"Subject_10","1",22,2
"1917",27,20,14,1.8,1,2.6814,0,10,"Subject_10","1",36,2
"1918",28,100,1,5,1,1.5443,1,10,"Subject_10","1",500,1
"1919",29,100,30,1.8,1,1.5426,0,10,"Subject_10","1",180,1
"1920",30,100,8,5,1,1.297,0,10,"Subject_10","1",500,1
"1921",31,20,14,10,1,1.5988,0,10,"Subject_10","1",200,2
"1922",32,100,8,1.5,1,1.2296,1,10,"Subject_10","1",150,1
"1923",33,20,60,10,1,1.4059,1,10,"Subject_10","1",200,2
"1924",34,100,5,1.5,1,1.6871,0,10,"Subject_10","1",150,1
"1925",35,100,14,1.02,1,2.321,1,10,"Subject_10","1",102,1
"1926",36,20,60,4,1,1.453,1,10,"Subject_10","1",80,2
"1927",37,100,14,4,1,1.0433,1,10,"Subject_10","1",400,1
"1928",38,100,8,1.2,1,1.6421,1,10,"Subject_10","1",120,1
"1929",39,100,1,13,1,1.0927,1,10,"Subject_10","1",1300,1
"1930",40,100,3,1.1,1,2.0626,1,10,"Subject_10","1",110,1
"1931",41,20,8,1.2,1,1.2618,0,10,"Subject_10","1",24,2
"1932",42,20,5,5,1,0.9867,1,10,"Subject_10","1",100,2
"1933",43,20,14,1.02,1,2.8514,0,10,"Subject_10","1",20.4,2
"1934",44,100,30,1.5,1,1.3424,1,10,"Subject_10","1",150,1
"1935",45,100,1,1.01,1,1.1297,1,10,"Subject_10","1",101,1
"1936",46,100,60,1.01,1,1.1971,1,10,"Subject_10","1",101,1
"1937",47,20,3,1.01,1,1.5049,0,10,"Subject_10","1",20.2,2
"1938",48,20,60,1.02,1,1.3418,1,10,"Subject_10","1",20.4,2
"1939",49,20,1,1.5,1,2.7547,0,10,"Subject_10","1",30,2
"1940",50,20,30,4,1,1.1144,0,10,"Subject_10","1",80,2
"1941",51,100,8,1.02,1,1.8637,1,10,"Subject_10","1",102,1
"1942",52,100,1,4,1,1.2287,0,10,"Subject_10","1",400,1
"1943",53,100,3,1.02,1,1.0401,1,10,"Subject_10","1",102,1
"1944",54,100,3,3,1,1.2885,0,10,"Subject_10","1",300,1
"1945",55,20,5,1.05,1,1.0773,1,10,"Subject_10","1",21,2
"1946",56,20,1,3,1,0.7736,0,10,"Subject_10","1",60,2
"1947",57,100,14,3,1,0.9235,1,10,"Subject_10","1",300,1
"1948",58,20,1,1.8,1,0.8069,0,10,"Subject_10","1",36,2
"1949",59,100,14,13,1,0.7662,0,10,"Subject_10","1",1300,1
"1950",60,20,5,3,1,0.8875,1,10,"Subject_10","1",60,2
"1951",61,20,30,1.1,1,0.9328,1,10,"Subject_10","1",22,2
"1952",62,100,14,2,1,1.079,1,10,"Subject_10","1",200,1
"1953",63,20,3,2.5,1,0.8638,0,10,"Subject_10","1",50,2
"1954",64,20,5,1.2,1,0.7545,1,10,"Subject_10","1",24,2
"1955",65,20,8,1.8,1,0.7798,1,10,"Subject_10","1",36,2
"1956",66,100,30,2.5,1,0.9573,1,10,"Subject_10","1",250,1
"1957",67,100,14,1.01,1,0.9707,1,10,"Subject_10","1",101,1
"1958",68,100,30,7,1,0.9347,1,10,"Subject_10","1",700,1
"1959",69,20,3,13,1,0.916,0,10,"Subject_10","1",260,2
"1960",70,20,14,1.2,1,1.1563,0,10,"Subject_10","1",24,2
"1961",71,100,8,1.8,1,0.7669,1,10,"Subject_10","1",180,1
"1962",72,100,8,4,1,1.005,1,10,"Subject_10","1",400,1
"1963",73,100,60,1.2,1,1.4468,0,10,"Subject_10","1",120,1
"1964",74,20,30,1.01,1,1.1825,1,10,"Subject_10","1",20.2,2
"1965",75,20,8,2,1,0.9921,0,10,"Subject_10","1",40,2
"1966",76,100,1,1.5,1,1.1769,0,10,"Subject_10","1",150,1
"1967",77,100,8,2,1,0.9837,0,10,"Subject_10","1",200,1
"1968",78,20,8,3,1,1.0277,1,10,"Subject_10","1",60,2
"1969",79,100,1,1.2,1,0.891,0,10,"Subject_10","1",120,1
"1970",80,20,8,1.01,1,0.9904,0,10,"Subject_10","1",20.2,2
"1971",81,100,30,10,1,1.9917,0,10,"Subject_10","1",1000,1
"1972",82,100,5,1.2,1,1.0609,1,10,"Subject_10","1",120,1
"1973",83,100,3,7,1,0.8045,1,10,"Subject_10","1",700,1
"1974",84,100,3,2.5,1,1.1965,0,10,"Subject_10","1",250,1
"1975",85,20,14,7,1,0.8525,0,10,"Subject_10","1",140,2
"1976",86,20,3,10,1,0.9679,0,10,"Subject_10","1",200,2
"1977",87,20,14,1.05,1,0.6992,1,10,"Subject_10","1",21,2
"1978",88,20,30,1.02,1,0.9947,1,10,"Subject_10","1",20.4,2
"1979",89,20,30,2.5,1,0.6987,0,10,"Subject_10","1",50,2
"1980",90,100,8,2.5,1,1.1041,0,10,"Subject_10","1",250,1
"1981",91,20,60,1.8,1,0.7441,1,10,"Subject_10","1",36,2
"1982",92,100,30,5,1,0.6074,0,10,"Subject_10","1",500,1
"1983",93,20,5,10,1,1.0823,1,10,"Subject_10","1",200,2
"1984",94,100,1,2,1,0.9895,1,10,"Subject_10","1",200,1
"1985",95,20,5,1.02,1,1.1009,1,10,"Subject_10","1",20.4,2
"1986",96,20,1,10,1,0.6562,1,10,"Subject_10","1",200,2
"1987",97,100,5,1.01,1,0.8028,1,10,"Subject_10","1",101,1
"1988",98,20,1,2.5,1,0.9801,0,10,"Subject_10","1",50,2
"1989",99,20,3,5,1,0.6401,0,10,"Subject_10","1",100,2
"1990",100,100,14,5,1,0.7932,0,10,"Subject_10","1",500,1
"1991",101,20,14,1.5,1,0.7444,1,10,"Subject_10","1",30,2
"1992",102,100,8,1.05,1,1.0553,1,10,"Subject_10","1",105,1
"1993",103,20,5,1.8,1,0.7661,0,10,"Subject_10","1",36,2
"1994",104,100,14,1.2,1,1.1412,1,10,"Subject_10","1",120,1
"1995",105,20,30,1.05,1,0.8068,1,10,"Subject_10","1",21,2
"1996",106,20,8,1.05,1,1.8743,0,10,"Subject_10","1",21,2
"1997",107,20,1,13,1,0.9402,0,10,"Subject_10","1",260,2
"1998",108,20,8,5,1,1.3769,1,10,"Subject_10","1",100,2
"1999",109,20,5,13,1,1.3245,0,10,"Subject_10","1",260,2
"2000",110,100,1,2.5,1,1.0468,0,10,"Subject_10","1",250,1
"2001",111,100,1,1.05,1,0.8675,1,10,"Subject_10","1",105,1
"2002",112,100,3,5,1,0.8375,1,10,"Subject_10","1",500,1
"2003",113,100,30,1.02,1,1.0223,1,10,"Subject_10","1",102,1
"2004",114,100,5,2.5,1,0.585,0,10,"Subject_10","1",250,1
"2005",115,20,5,7,1,0.6503,1,10,"Subject_10","1",140,2
"2006",116,20,5,1.1,1,0.8826,1,10,"Subject_10","1",22,2
"2007",117,100,3,1.2,1,0.6761,0,10,"Subject_10","1",120,1
"2008",118,100,5,5,1,0.7299,1,10,"Subject_10","1",500,1
"2009",119,100,60,7,1,0.701,1,10,"Subject_10","1",700,1
"2010",120,100,14,7,1,0.9264,1,10,"Subject_10","1",700,1
"2011",121,100,5,1.02,1,0.695,0,10,"Subject_10","1",102,1
"2012",122,100,60,1.05,1,0.6402,1,10,"Subject_10","1",105,1
"2013",123,20,8,1.5,1,0.6255,1,10,"Subject_10","1",30,2
"2014",124,100,8,3,1,0.6506,1,10,"Subject_10","1",300,1
"2015",125,100,3,1.01,1,0.8704,0,10,"Subject_10","1",101,1
"2016",126,100,60,1.02,1,0.789,1,10,"Subject_10","1",102,1
"2017",127,100,14,1.1,1,0.7483,1,10,"Subject_10","1",110,1
"2018",128,20,3,3,1,0.751,0,10,"Subject_10","1",60,2
"2019",129,20,3,4,1,0.6045,1,10,"Subject_10","1",80,2
"2020",130,100,60,1.1,1,0.603,0,10,"Subject_10","1",110,1
"2021",131,100,8,13,1,0.9495,1,10,"Subject_10","1",1300,1
"2022",132,100,60,5,1,0.6728,0,10,"Subject_10","1",500,1
"2023",133,20,60,1.05,1,0.8306,0,10,"Subject_10","1",21,2
"2024",134,20,30,10,1,0.8034,0,10,"Subject_10","1",200,2
"2025",135,20,8,4,1,0.8301,1,10,"Subject_10","1",80,2
"2026",136,20,14,2,1,0.8128,0,10,"Subject_10","1",40,2
"2027",137,20,3,1.2,1,1.1634,1,10,"Subject_10","1",24,2
"2028",138,100,14,1.5,1,0.7481,0,10,"Subject_10","1",150,1
"2029",139,100,5,4,1,0.9415,1,10,"Subject_10","1",400,1
"2030",140,20,30,2,1,0.6823,1,10,"Subject_10","1",40,2
"2031",141,100,60,10,1,0.827,1,10,"Subject_10","1",1000,1
"2032",142,100,1,1.02,1,1.116,0,10,"Subject_10","1",102,1
"2033",143,20,60,1.01,1,1.0789,1,10,"Subject_10","1",20.2,2
"2034",144,100,5,1.1,1,1.1462,0,10,"Subject_10","1",110,1
"2035",145,20,8,1.02,1,1.3076,0,10,"Subject_10","1",20.4,2
"2036",146,20,60,2.5,1,1.7985,0,10,"Subject_10","1",50,2
"2037",147,20,1,5,1,1.0943,0,10,"Subject_10","1",100,2
"2038",148,20,60,13,1,0.8371,0,10,"Subject_10","1",260,2
"2039",149,20,5,2.5,1,0.9397,1,10,"Subject_10","1",50,2
"2040",150,20,5,1.01,1,0.7519,0,10,"Subject_10","1",20.2,2
"2041",151,20,3,2,1,0.9793,1,10,"Subject_10","1",40,2
"2042",152,20,60,1.2,1,0.5601,0,10,"Subject_10","1",24,2
"2043",153,20,14,3,1,0.6678,0,10,"Subject_10","1",60,2
"2044",154,100,5,10,1,0.6186,1,10,"Subject_10","1",1000,1
"2045",155,100,30,1.1,1,0.7226,1,10,"Subject_10","1",110,1
"2046",156,20,14,2.5,1,0.7118,0,10,"Subject_10","1",50,2
"2047",157,100,8,1.1,0,0.6611,0,10,"Subject_10","1",110,1
"2048",158,20,8,10,1,0.9549,1,10,"Subject_10","1",200,2
"2049",159,100,14,2.5,1,1.1416,1,10,"Subject_10","1",250,1
"2050",160,100,1,10,1,0.9057,1,10,"Subject_10","1",1000,1
"2051",161,100,5,3,1,0.8486,1,10,"Subject_10","1",300,1
"2052",162,20,60,2,1,0.8005,1,10,"Subject_10","1",40,2
"2053",163,20,8,7,1,0.9737,0,10,"Subject_10","1",140,2
"2054",164,20,1,1.1,1,0.6612,1,10,"Subject_10","1",22,2
"2055",165,20,30,1.8,1,0.919,0,10,"Subject_10","1",36,2
"2056",166,20,3,1.02,1,1.0417,1,10,"Subject_10","1",20.4,2
"2057",167,100,30,4,1,1.0832,1,10,"Subject_10","1",400,1
"2058",168,20,14,13,1,0.8026,1,10,"Subject_10","1",260,2
"2059",169,20,1,1.01,1,1.1045,1,10,"Subject_10","1",20.2,2
"2060",170,100,60,1.8,1,1.0401,0,10,"Subject_10","1",180,1
"2061",171,20,5,4,1,0.9533,1,10,"Subject_10","1",80,2
"2062",172,100,14,10,1,0.6625,0,10,"Subject_10","1",1000,1
"2063",173,20,3,1.8,1,0.7828,1,10,"Subject_10","1",36,2
"2064",174,20,60,7,1,0.6306,0,10,"Subject_10","1",140,2
"2065",175,20,30,13,1,0.7084,1,10,"Subject_10","1",260,2
"2066",176,20,60,3,1,0.7978,1,10,"Subject_10","1",60,2
"2067",177,100,3,1.5,1,0.5984,1,10,"Subject_10","1",150,1
"2068",178,20,30,1.5,1,0.8921,1,10,"Subject_10","1",30,2
"2069",179,100,8,1.01,1,1.2996,1,10,"Subject_10","1",101,1
"2070",180,100,3,10,1,0.9996,0,10,"Subject_10","1",1000,1
"2071",181,20,1,2,1,1.0304,0,10,"Subject_10","1",40,2
"2072",182,100,14,1.8,1,0.7312,0,10,"Subject_10","1",180,1
"2073",183,100,1,1.1,1,0.7694,0,10,"Subject_10","1",110,1
"2074",184,20,8,2.5,1,0.8859,1,10,"Subject_10","1",50,2
"2075",185,20,1,7,1,0.7033,0,10,"Subject_10","1",140,2
"2076",186,100,5,1.05,1,0.6071,1,10,"Subject_10","1",105,1
"2077",187,20,30,1.2,1,0.8203,1,10,"Subject_10","1",24,2
"2078",188,100,3,4,1,0.615,0,10,"Subject_10","1",400,1
"2079",189,20,14,4,1,1.1454,0,10,"Subject_10","1",80,2
"2080",190,20,14,5,1,1.5317,0,10,"Subject_10","1",100,2
"2081",191,20,14,1.1,1,1.3401,0,10,"Subject_10","1",22,2
"2082",192,20,5,1.5,1,1.2257,0,10,"Subject_10","1",30,2
"2083",193,20,3,1.05,1,1.2805,0,10,"Subject_10","1",21,2
"2084",194,100,30,2,1,1.1809,1,10,"Subject_10","1",200,1
"2085",195,100,1,3,1,1.038,1,10,"Subject_10","1",300,1
"2086",196,100,60,2.5,1,0.893,1,10,"Subject_10","1",250,1
"2087",197,20,60,1.5,1,0.9398,1,10,"Subject_10","1",30,2
"2088",198,100,30,1.01,1,0.9585,0,10,"Subject_10","1",101,1
"2089",199,100,3,2,1,0.7644,1,10,"Subject_10","1",200,1
"2090",200,100,30,1.2,1,0.7786,1,10,"Subject_10","1",120,1
"2091",201,20,8,1.1,1,0.8137,0,10,"Subject_10","1",22,2
"2092",202,20,1,1.2,1,0.6962,1,10,"Subject_10","1",24,2
"2093",203,100,3,1.05,1,0.9829,0,10,"Subject_10","1",105,1
"2094",204,100,1,7,1,0.5596,1,10,"Subject_10","1",700,1
"2095",205,20,1,1.02,1,1.0856,0,10,"Subject_10","1",20.4,2
"2096",206,100,14,1.05,1,0.9824,0,10,"Subject_10","1",105,1
"2097",207,20,30,3,1,1.0236,0,10,"Subject_10","1",60,2
"2098",208,100,5,13,1,0.9233,0,10,"Subject_10","1",1300,1
"2099",209,20,3,1.1,1,1.1339,1,10,"Subject_10","1",22,2
"2100",210,100,30,1.05,1,0.9289,0,10,"Subject_10","1",105,1
"2101",1,20,5,7,1,2.1564,1,11,"Subject_11","2",140,2
"2102",2,20,8,4,1,2.6522,0,11,"Subject_11","2",80,2
"2103",3,20,14,1.8,0,2.3244,0,11,"Subject_11","2",36,2
"2104",4,20,1,1.5,1,2.6963,0,11,"Subject_11","2",30,2
"2105",5,20,5,2.5,1,2.222,0,11,"Subject_11","2",50,2
"2106",6,100,1,1.1,1,2.7615,0,11,"Subject_11","2",110,1
"2107",7,20,14,2,0,2.1043,0,11,"Subject_11","2",40,2
"2108",8,100,5,5,1,2.8538,0,11,"Subject_11","2",500,1
"2109",9,100,60,1.5,0,2.5729,0,11,"Subject_11","2",150,1
"2110",10,100,30,1.05,0,2.4023,0,11,"Subject_11","2",105,1
"2111",11,100,5,1.2,1,1.9797,1,11,"Subject_11","2",120,1
"2112",12,100,1,7,1,1.7454,1,11,"Subject_11","2",700,1
"2113",13,20,3,1.1,0,2.4104,1,11,"Subject_11","2",22,2
"2114",14,20,1,5,1,1.5946,0,11,"Subject_11","2",100,2
"2115",15,20,5,4,1,1.4229,0,11,"Subject_11","2",80,2
"2116",16,20,14,1.5,0,1.9126,0,11,"Subject_11","2",30,2
"2117",17,20,1,1.05,0,1.7742,1,11,"Subject_11","2",21,2
"2118",18,20,8,5,1,2.1721,0,11,"Subject_11","2",100,2
"2119",19,100,8,1.5,1,1.9931,0,11,"Subject_11","2",150,1
"2120",20,100,30,1.8,1,1.9223,0,11,"Subject_11","2",180,1
"2121",21,100,30,4,1,1.8113,1,11,"Subject_11","2",400,1
"2122",22,100,14,7,1,1.5451,1,11,"Subject_11","2",700,1
"2123",23,20,1,2,1,1.3041,0,11,"Subject_11","2",40,2
"2124",24,20,14,4,1,1.0068,1,11,"Subject_11","2",80,2
"2125",25,100,8,13,1,1.176,0,11,"Subject_11","2",1300,1
"2126",26,20,3,5,1,1.0543,1,11,"Subject_11","2",100,2
"2127",27,20,8,1.01,0,1.8728,1,11,"Subject_11","2",20.2,2
"2128",28,100,5,1.05,1,1.8967,1,11,"Subject_11","2",105,1
"2129",29,100,5,2.5,1,1.4183,1,11,"Subject_11","2",250,1
"2130",30,100,14,1.02,0,1.7425,1,11,"Subject_11","2",102,1
"2131",31,20,3,13,1,1.2403,0,11,"Subject_11","2",260,2
"2132",32,20,60,1.05,0,1.5443,1,11,"Subject_11","2",21,2
"2133",33,20,3,1.8,1,1.6658,0,11,"Subject_11","2",36,2
"2134",34,20,14,5,1,2.1215,1,11,"Subject_11","2",100,2
"2135",35,100,8,1.2,1,1.6641,1,11,"Subject_11","2",120,1
"2136",36,20,60,1.2,1,1.3797,1,11,"Subject_11","2",24,2
"2137",37,20,30,1.8,1,1.4045,0,11,"Subject_11","2",36,2
"2138",38,100,60,1.02,0,1.4988,1,11,"Subject_11","2",102,1
"2139",39,100,30,2,1,1.369,1,11,"Subject_11","2",200,1
"2140",40,20,14,1.05,0,1.3951,0,11,"Subject_11","2",21,2
"2141",41,20,30,2.5,1,1.5714,0,11,"Subject_11","2",50,2
"2142",42,100,14,1.2,1,1.1204,1,11,"Subject_11","2",120,1
"2143",43,20,3,1.05,0,2.2776,1,11,"Subject_11","2",21,2
"2144",44,20,8,2.5,1,0.945,1,11,"Subject_11","2",50,2
"2145",45,20,3,2,1,1.6285,0,11,"Subject_11","2",40,2
"2146",46,20,60,1.01,0,1.0992,1,11,"Subject_11","2",20.2,2
"2147",47,100,5,4,1,0.8607,0,11,"Subject_11","2",400,1
"2148",48,20,30,10,1,1.4054,0,11,"Subject_11","2",200,2
"2149",49,20,60,2.5,1,1.5291,1,11,"Subject_11","2",50,2
"2150",50,100,14,4,1,1.1333,1,11,"Subject_11","2",400,1
"2151",51,100,1,1.01,0,2.0356,1,11,"Subject_11","2",101,1
"2152",52,20,8,2,1,3.884,0,11,"Subject_11","2",40,2
"2153",53,100,30,1.01,0,1.6334,0,11,"Subject_11","2",101,1
"2154",54,20,30,13,1,1.1785,1,11,"Subject_11","2",260,2
"2155",55,20,1,2.5,1,1.7405,1,11,"Subject_11","2",50,2
"2156",56,100,1,5,1,1.1139,0,11,"Subject_11","2",500,1
"2157",57,100,1,13,1,1.5974,0,11,"Subject_11","2",1300,1
"2158",58,100,1,1.2,1,1.929,0,11,"Subject_11","2",120,1
"2159",59,20,1,13,1,0.9413,1,11,"Subject_11","2",260,2
"2160",60,100,14,5,1,1.0899,1,11,"Subject_11","2",500,1
"2161",61,100,30,10,1,0.9685,0,11,"Subject_11","2",1000,1
"2162",62,20,1,10,1,0.8999,1,11,"Subject_11","2",200,2
"2163",63,20,14,1.1,1,3.9912,1,11,"Subject_11","2",22,2
"2164",64,100,14,1.05,1,1.1336,1,11,"Subject_11","2",105,1
"2165",65,20,8,1.1,1,1.3322,0,11,"Subject_11","2",22,2
"2166",66,100,8,4,1,1.3503,0,11,"Subject_11","2",400,1
"2167",67,20,5,1.01,0,1.3393,0,11,"Subject_11","2",20.2,2
"2168",68,100,60,7,1,1.1761,1,11,"Subject_11","2",700,1
"2169",69,100,3,13,1,1.4802,0,11,"Subject_11","2",1300,1
"2170",70,20,60,13,1,1.6644,0,11,"Subject_11","2",260,2
"2171",71,20,30,2,1,0.6619,1,11,"Subject_11","2",40,2
"2172",72,20,60,3,1,0.8606,0,11,"Subject_11","2",60,2
"2173",73,100,8,10,1,1.1813,0,11,"Subject_11","2",1000,1
"2174",74,20,1,1.8,1,1.1787,0,11,"Subject_11","2",36,2
"2175",75,100,60,2.5,1,0.9361,1,11,"Subject_11","2",250,1
"2176",76,20,5,1.2,1,1.3127,0,11,"Subject_11","2",24,2
"2177",77,20,14,1.2,1,1.0514,0,11,"Subject_11","2",24,2
"2178",78,20,1,4,1,1.2621,1,11,"Subject_11","2",80,2
"2179",79,100,14,10,1,1.2068,0,11,"Subject_11","2",1000,1
"2180",80,100,1,4,1,0.9838,0,11,"Subject_11","2",400,1
"2181",81,100,8,1.8,1,1.2359,0,11,"Subject_11","2",180,1
"2182",82,100,5,1.02,1,1.8605,1,11,"Subject_11","2",102,1
"2183",83,100,14,13,1,1.1569,0,11,"Subject_11","2",1300,1
"2184",84,20,14,7,1,1.8802,0,11,"Subject_11","2",140,2
"2185",85,20,14,1.01,0,2.2547,1,11,"Subject_11","2",20.2,2
"2186",86,20,8,13,1,1.5488,1,11,"Subject_11","2",260,2
"2187",87,20,60,1.02,0,2.2849,1,11,"Subject_11","2",20.4,2
"2188",88,100,3,4,1,1.0682,0,11,"Subject_11","2",400,1
"2189",89,100,14,1.1,1,1.3589,1,11,"Subject_11","2",110,1
"2190",90,20,60,10,1,1.1638,1,11,"Subject_11","2",200,2
"2191",91,20,60,4,1,1.6181,0,11,"Subject_11","2",80,2
"2192",92,100,5,3,1,0.6377,0,11,"Subject_11","2",300,1
"2193",93,100,3,5,1,1.0788,0,11,"Subject_11","2",500,1
"2194",94,20,60,1.8,1,0.9114,1,11,"Subject_11","2",36,2
"2195",95,100,5,1.01,0,1.2688,0,11,"Subject_11","2",101,1
"2196",96,100,30,1.02,1,0.8687,1,11,"Subject_11","2",102,1
"2197",97,20,14,1.02,1,0.8413,0,11,"Subject_11","2",20.4,2
"2198",98,100,30,1.2,1,1.1445,0,11,"Subject_11","2",120,1
"2199",99,20,60,1.1,0,2.5267,0,11,"Subject_11","2",22,2
"2200",100,20,8,1.5,1,1.4814,0,11,"Subject_11","2",30,2
"2201",101,100,1,2,1,1.0611,1,11,"Subject_11","2",200,1
"2202",102,100,30,2.5,1,0.9156,0,11,"Subject_11","2",250,1
"2203",103,20,3,1.02,0,1.4108,1,11,"Subject_11","2",20.4,2
"2204",104,100,8,7,1,2.5258,1,11,"Subject_11","2",700,1
"2205",105,100,3,1.2,1,0.8098,1,11,"Subject_11","2",120,1
"2206",106,20,1,7,1,1.5713,1,11,"Subject_11","2",140,2
"2207",107,100,3,1.8,1,0.9023,1,11,"Subject_11","2",180,1
"2208",108,100,8,2.5,1,0.9001,0,11,"Subject_11","2",250,1
"2209",109,100,8,2,1,0.6787,1,11,"Subject_11","2",200,1
"2210",110,20,5,1.8,1,0.7833,1,11,"Subject_11","2",36,2
"2211",111,20,3,7,1,0.96,0,11,"Subject_11","2",140,2
"2212",112,100,60,13,1,0.7806,0,11,"Subject_11","2",1300,1
"2213",113,100,1,1.05,0,1.1199,0,11,"Subject_11","2",105,1
"2214",114,20,30,3,1,1.7138,1,11,"Subject_11","2",60,2
"2215",115,100,60,1.01,0,2.6627,0,11,"Subject_11","2",101,1
"2216",116,100,1,10,1,1.2829,1,11,"Subject_11","2",1000,1
"2217",117,20,5,1.1,0,1.5578,1,11,"Subject_11","2",22,2
"2218",118,20,5,1.5,1,1.2547,1,11,"Subject_11","2",30,2
"2219",119,20,60,7,1,1.3242,1,11,"Subject_11","2",140,2
"2220",120,20,30,1.05,0,2.6511,1,11,"Subject_11","2",21,2
"2221",121,100,3,2,1,1.0545,1,11,"Subject_11","2",200,1
"2222",122,100,14,1.5,1,1.7832,1,11,"Subject_11","2",150,1
"2223",123,20,30,7,1,1.169,1,11,"Subject_11","2",140,2
"2224",124,20,8,1.8,1,0.8156,0,11,"Subject_11","2",36,2
"2225",125,100,30,1.1,1,0.9471,0,11,"Subject_11","2",110,1
"2226",126,20,14,2.5,1,1.0384,0,11,"Subject_11","2",50,2
"2227",127,20,5,10,1,1.0467,1,11,"Subject_11","2",200,2
"2228",128,20,60,1.5,1,1.0513,0,11,"Subject_11","2",30,2
"2229",129,20,60,5,1,0.8261,1,11,"Subject_11","2",100,2
"2230",130,100,5,1.8,1,1.0033,0,11,"Subject_11","2",180,1
"2231",131,20,8,10,1,2.5663,1,11,"Subject_11","2",200,2
"2232",132,100,60,2,1,1.1723,1,11,"Subject_11","2",200,1
"2233",133,100,1,3,1,1.075,0,11,"Subject_11","2",300,1
"2234",134,20,1,1.2,1,1.5658,0,11,"Subject_11","2",24,2
"2235",135,100,8,3,1,1.0419,0,11,"Subject_11","2",300,1
"2236",136,20,3,4,1,1.0972,0,11,"Subject_11","2",80,2
"2237",137,100,5,7,1,0.5979,0,11,"Subject_11","2",700,1
"2238",138,20,5,3,1,0.9838,0,11,"Subject_11","2",60,2
"2239",139,20,1,3,1,1.0331,1,11,"Subject_11","2",60,2
"2240",140,100,3,3,1,0.9557,1,11,"Subject_11","2",300,1
"2241",141,20,5,13,1,0.8677,1,11,"Subject_11","2",260,2
"2242",142,100,3,1.05,1,0.9457,0,11,"Subject_11","2",105,1
"2243",143,100,30,3,1,0.8658,0,11,"Subject_11","2",300,1
"2244",144,100,14,1.8,1,0.8738,0,11,"Subject_11","2",180,1
"2245",145,20,8,1.02,1,0.9677,0,11,"Subject_11","2",20.4,2
"2246",146,100,14,1.01,1,0.7945,0,11,"Subject_11","2",101,1
"2247",147,20,30,1.1,0,1.6203,0,11,"Subject_11","2",22,2
"2248",148,100,60,1.05,0,1.5053,0,11,"Subject_11","2",105,1
"2249",149,20,30,1.5,1,0.9167,1,11,"Subject_11","2",30,2
"2250",150,20,8,1.05,1,0.8801,1,11,"Subject_11","2",21,2
"2251",151,20,8,7,1,1.164,1,11,"Subject_11","2",140,2
"2252",152,20,30,1.2,0,1.457,1,11,"Subject_11","2",24,2
"2253",153,100,30,13,1,0.9363,0,11,"Subject_11","2",1300,1
"2254",154,100,30,1.5,1,1.0792,1,11,"Subject_11","2",150,1
"2255",155,20,3,10,1,1.4357,0,11,"Subject_11","2",200,2
"2256",156,100,3,1.02,1,1.4438,0,11,"Subject_11","2",102,1
"2257",157,100,3,10,1,1.5267,1,11,"Subject_11","2",1000,1
"2258",158,20,5,5,1,1.8283,1,11,"Subject_11","2",100,2
"2259",159,100,3,1.5,1,1.194,1,11,"Subject_11","2",150,1
"2260",160,100,30,7,1,1.1867,0,11,"Subject_11","2",700,1
"2261",161,20,30,4,1,1.1335,1,11,"Subject_11","2",80,2
"2262",162,20,30,1.01,0,1.5689,0,11,"Subject_11","2",20.2,2
"2263",163,20,14,3,1,1.1627,0,11,"Subject_11","2",60,2
"2264",164,100,1,2.5,1,1.5593,1,11,"Subject_11","2",250,1
"2265",165,100,60,1.2,1,1.3063,1,11,"Subject_11","2",120,1
"2266",166,100,8,1.05,1,4.5545,0,11,"Subject_11","2",105,1
"2267",167,100,5,2,1,1.1617,0,11,"Subject_11","2",200,1
"2268",168,100,14,3,1,1.0906,1,11,"Subject_11","2",300,1
"2269",169,100,8,5,1,0.8165,1,11,"Subject_11","2",500,1
"2270",170,20,3,3,1,0.8584,0,11,"Subject_11","2",60,2
"2271",171,100,30,5,1,1.2305,0,11,"Subject_11","2",500,1
"2272",172,100,5,10,1,1.0845,0,11,"Subject_11","2",1000,1
"2273",173,20,14,10,1,0.8318,1,11,"Subject_11","2",200,2
"2274",174,100,60,10,1,2.4344,0,11,"Subject_11","2",1000,1
"2275",175,100,14,2.5,1,1.8492,1,11,"Subject_11","2",250,1
"2276",176,100,1,1.5,1,1.4735,0,11,"Subject_11","2",150,1
"2277",177,20,14,13,1,0.7224,1,11,"Subject_11","2",260,2
"2278",178,100,5,13,1,0.7888,0,11,"Subject_11","2",1300,1
"2279",179,100,3,7,1,0.692,0,11,"Subject_11","2",700,1
"2280",180,100,8,1.1,1,1.2525,1,11,"Subject_11","2",110,1
"2281",181,20,60,2,1,1.1868,0,11,"Subject_11","2",40,2
"2282",182,20,1,1.02,0,1.3089,1,11,"Subject_11","2",20.4,2
"2283",183,100,3,1.01,0,1.2937,1,11,"Subject_11","2",101,1
"2284",184,20,1,1.1,1,3.996,0,11,"Subject_11","2",22,2
"2285",185,100,1,1.02,1,1.7309,1,11,"Subject_11","2",102,1
"2286",186,20,30,5,1,1.5513,0,11,"Subject_11","2",100,2
"2287",187,100,8,1.02,0,1.3481,0,11,"Subject_11","2",102,1
"2288",188,100,60,3,1,0.791,0,11,"Subject_11","2",300,1
"2289",189,100,1,1.8,1,0.9077,0,11,"Subject_11","2",180,1
"2290",190,20,1,1.01,0,1.7422,1,11,"Subject_11","2",20.2,2
"2291",191,20,8,3,1,0.748,0,11,"Subject_11","2",60,2
"2292",192,20,8,1.2,1,0.8328,1,11,"Subject_11","2",24,2
"2293",193,100,14,2,1,1.1733,0,11,"Subject_11","2",200,1
"2294",194,100,60,5,1,1.4496,1,11,"Subject_11","2",500,1
"2295",195,20,5,1.02,1,0.9627,1,11,"Subject_11","2",20.4,2
"2296",196,20,3,1.2,1,1.124,1,11,"Subject_11","2",24,2
"2297",197,100,60,1.8,1,1.1607,0,11,"Subject_11","2",180,1
"2298",198,20,3,1.01,0,1.7661,0,11,"Subject_11","2",20.2,2
"2299",199,20,5,1.05,1,1.4245,0,11,"Subject_11","2",21,2
"2300",200,20,30,1.02,1,0.9362,1,11,"Subject_11","2",20.4,2
"2301",201,100,5,1.1,1,3.7849,0,11,"Subject_11","2",110,1
"2302",202,20,3,1.5,1,1.1142,1,11,"Subject_11","2",30,2
"2303",203,100,8,1.01,0,2.5935,0,11,"Subject_11","2",101,1
"2304",204,20,3,2.5,1,1.2286,0,11,"Subject_11","2",50,2
"2305",205,20,5,2,1,1.0919,1,11,"Subject_11","2",40,2
"2306",206,100,3,2.5,1,3.8514,1,11,"Subject_11","2",250,1
"2307",207,100,60,1.1,1,1.4434,0,11,"Subject_11","2",110,1
"2308",208,100,5,1.5,1,1.101,1,11,"Subject_11","2",150,1
"2309",209,100,60,4,1,1.2619,0,11,"Subject_11","2",400,1
"2310",210,100,3,1.1,1,2.0705,0,11,"Subject_11","2",110,1
"2311",1,100,3,13,1,7.57,1,12,"Subject_12","1",1300,1
"2312",2,20,3,7,1,4.7126,0,12,"Subject_12","1",140,2
"2313",3,100,14,1.01,0,2.8302,0,12,"Subject_12","1",101,1
"2314",4,20,14,1.2,0,3.3158,1,12,"Subject_12","1",24,2
"2315",5,20,14,1.8,1,2.0417,1,12,"Subject_12","1",36,2
"2316",6,100,8,2,1,5.4085,1,12,"Subject_12","1",200,1
"2317",7,100,14,2.5,1,1.7221,1,12,"Subject_12","1",250,1
"2318",8,100,30,1.1,0,1.9104,0,12,"Subject_12","1",110,1
"2319",9,100,5,3,1,1.5064,1,12,"Subject_12","1",300,1
"2320",10,20,5,5,1,1.8125,0,12,"Subject_12","1",100,2
"2321",11,100,8,1.2,1,4.0256,1,12,"Subject_12","1",120,1
"2322",12,100,60,4,1,3.8386,0,12,"Subject_12","1",400,1
"2323",13,100,8,1.05,0,1.7341,0,12,"Subject_12","1",105,1
"2324",14,100,5,1.2,1,2.6734,0,12,"Subject_12","1",120,1
"2325",15,100,30,10,1,2.6335,1,12,"Subject_12","1",1000,1
"2326",16,100,1,1.5,1,4.2631,1,12,"Subject_12","1",150,1
"2327",17,20,5,1.05,0,2.9088,0,12,"Subject_12","1",21,2
"2328",18,20,30,1.02,0,1.3505,0,12,"Subject_12","1",20.4,2
"2329",19,20,3,1.01,0,1.3027,0,12,"Subject_12","1",20.2,2
"2330",20,20,60,1.2,0,1.6699,0,12,"Subject_12","1",24,2
"2331",21,20,5,2,1,2.2602,1,12,"Subject_12","1",40,2
"2332",22,100,5,2.5,1,1.2902,1,12,"Subject_12","1",250,1
"2333",23,100,3,7,1,1.0743,0,12,"Subject_12","1",700,1
"2334",24,20,3,1.2,0,1.445,0,12,"Subject_12","1",24,2
"2335",25,20,8,4,1,2.3721,0,12,"Subject_12","1",80,2
"2336",26,20,1,5,1,1.1108,0,12,"Subject_12","1",100,2
"2337",27,100,14,1.2,1,2.0736,0,12,"Subject_12","1",120,1
"2338",28,100,60,10,1,3.7801,0,12,"Subject_12","1",1000,1
"2339",29,100,3,1.5,1,7.319,0,12,"Subject_12","1",150,1
"2340",30,20,3,13,1,4.0424,0,12,"Subject_12","1",260,2
"2341",31,100,30,2.5,1,3.8255,1,12,"Subject_12","1",250,1
"2342",32,20,30,10,1,7.7861,0,12,"Subject_12","1",200,2
"2343",33,20,60,10,1,1.5591,1,12,"Subject_12","1",200,2
"2344",34,100,8,4,1,2.1693,1,12,"Subject_12","1",400,1
"2345",35,100,1,1.2,1,2.4306,1,12,"Subject_12","1",120,1
"2346",36,100,30,13,1,2.0343,1,12,"Subject_12","1",1300,1
"2347",37,100,8,7,1,1.257,1,12,"Subject_12","1",700,1
"2348",38,100,5,4,1,2.7711,1,12,"Subject_12","1",400,1
"2349",39,100,3,2.5,1,1.422,1,12,"Subject_12","1",250,1
"2350",40,100,60,1.05,0,1.5877,0,12,"Subject_12","1",105,1
"2351",41,20,30,7,1,1.2529,1,12,"Subject_12","1",140,2
"2352",42,20,14,1.01,0,1.4784,1,12,"Subject_12","1",20.2,2
"2353",43,20,3,2,1,1.6847,0,12,"Subject_12","1",40,2
"2354",44,20,8,2.5,1,1.5664,0,12,"Subject_12","1",50,2
"2355",45,20,30,2,0,2.5789,0,12,"Subject_12","1",40,2
"2356",46,100,8,3,1,5.5957,0,12,"Subject_12","1",300,1
"2357",47,20,3,4,1,2.3756,0,12,"Subject_12","1",80,2
"2358",48,100,3,4,1,1.6709,0,12,"Subject_12","1",400,1
"2359",49,20,60,1.02,0,1.1901,1,12,"Subject_12","1",20.4,2
"2360",50,20,60,1.8,1,1.4562,0,12,"Subject_12","1",36,2
"2361",51,100,60,5,1,1.3426,0,12,"Subject_12","1",500,1
"2362",52,100,14,13,1,2.0189,0,12,"Subject_12","1",1300,1
"2363",53,20,5,1.01,0,1.1128,1,12,"Subject_12","1",20.2,2
"2364",54,100,1,1.01,0,1.1122,1,12,"Subject_12","1",101,1
"2365",55,100,30,1.01,0,1.6371,1,12,"Subject_12","1",101,1
"2366",56,100,30,4,1,1.625,1,12,"Subject_12","1",400,1
"2367",57,100,30,5,1,1.4671,1,12,"Subject_12","1",500,1
"2368",58,20,60,2.5,0,2.2875,1,12,"Subject_12","1",50,2
"2369",59,100,30,1.05,0,1.1906,1,12,"Subject_12","1",105,1
"2370",60,20,14,2,0,2.9548,0,12,"Subject_12","1",40,2
"2371",61,20,8,5,0,1.5271,1,12,"Subject_12","1",100,2
"2372",62,100,60,1.5,1,1.4694,0,12,"Subject_12","1",150,1
"2373",63,100,5,1.05,0,1.2131,1,12,"Subject_12","1",105,1
"2374",64,20,5,1.1,0,1.1809,1,12,"Subject_12","1",22,2
"2375",65,100,3,1.2,1,1.9356,1,12,"Subject_12","1",120,1
"2376",66,100,8,2.5,1,1.536,0,12,"Subject_12","1",250,1
"2377",67,100,8,1.01,0,1.241,0,12,"Subject_12","1",101,1
"2378",68,20,60,5,1,1.8625,0,12,"Subject_12","1",100,2
"2379",69,100,1,1.02,0,1.2125,0,12,"Subject_12","1",102,1
"2380",70,100,3,5,1,1.9253,0,12,"Subject_12","1",500,1
"2381",71,20,30,1.5,0,1.3186,0,12,"Subject_12","1",30,2
"2382",72,20,1,10,0,1.6793,0,12,"Subject_12","1",200,2
"2383",73,20,3,1.1,0,2.0218,0,12,"Subject_12","1",22,2
"2384",74,20,14,1.1,0,1.224,1,12,"Subject_12","1",22,2
"2385",75,100,1,1.1,0,1.228,1,12,"Subject_12","1",110,1
"2386",76,20,30,1.05,0,1.2143,0,12,"Subject_12","1",21,2
"2387",77,20,1,7,1,1.1028,0,12,"Subject_12","1",140,2
"2388",78,100,5,10,1,0.9984,0,12,"Subject_12","1",1000,1
"2389",79,20,8,1.8,0,1.3448,0,12,"Subject_12","1",36,2
"2390",80,100,8,1.5,1,1.3263,1,12,"Subject_12","1",150,1
"2391",81,20,60,1.05,0,0.9113,0,12,"Subject_12","1",21,2
"2392",82,20,8,7,1,3.602,1,12,"Subject_12","1",140,2
"2393",83,20,1,2,1,2.1502,0,12,"Subject_12","1",40,2
"2394",84,100,1,10,1,1.5282,0,12,"Subject_12","1",1000,1
"2395",85,20,5,2.5,1,1.4932,1,12,"Subject_12","1",50,2
"2396",86,100,8,5,1,1.8663,0,12,"Subject_12","1",500,1
"2397",87,20,30,1.1,0,1.1819,1,12,"Subject_12","1",22,2
"2398",88,20,30,5,0,1.2741,1,12,"Subject_12","1",100,2
"2399",89,100,8,13,1,1.1324,0,12,"Subject_12","1",1300,1
"2400",90,20,1,1.8,0,1.2965,1,12,"Subject_12","1",36,2
"2401",91,100,1,7,1,1.21,1,12,"Subject_12","1",700,1
"2402",92,100,14,4,1,1.9734,0,12,"Subject_12","1",400,1
"2403",93,20,5,1.2,0,0.9059,1,12,"Subject_12","1",24,2
"2404",94,20,5,4,1,1.0799,0,12,"Subject_12","1",80,2
"2405",95,100,8,1.02,0,1.1095,1,12,"Subject_12","1",102,1
"2406",96,20,8,1.02,0,1.2328,0,12,"Subject_12","1",20.4,2
"2407",97,20,60,1.1,0,1.4539,0,12,"Subject_12","1",22,2
"2408",98,20,30,2.5,1,2.215,0,12,"Subject_12","1",50,2
"2409",99,20,8,1.5,0,1.4931,0,12,"Subject_12","1",30,2
"2410",100,100,1,1.05,0,1.4186,0,12,"Subject_12","1",105,1
"2411",101,100,30,1.8,0,1.1822,0,12,"Subject_12","1",180,1
"2412",102,100,14,1.5,1,1.4057,1,12,"Subject_12","1",150,1
"2413",103,20,14,1.05,0,0.9292,0,12,"Subject_12","1",21,2
"2414",104,20,14,1.02,0,1.5025,1,12,"Subject_12","1",20.4,2
"2415",105,20,8,1.2,0,1.5687,1,12,"Subject_12","1",24,2
"2416",106,20,14,10,1,2.3163,0,12,"Subject_12","1",200,2
"2417",107,20,1,2.5,1,1.147,1,12,"Subject_12","1",50,2
"2418",108,100,1,2,1,1.39,1,12,"Subject_12","1",200,1
"2419",109,20,8,2,1,2.3228,1,12,"Subject_12","1",40,2
"2420",110,20,60,3,1,2.4712,0,12,"Subject_12","1",60,2
"2421",111,100,60,1.02,0,1.1026,1,12,"Subject_12","1",102,1
"2422",112,100,30,7,1,1.84,1,12,"Subject_12","1",700,1
"2423",113,100,5,2,1,1.4359,0,12,"Subject_12","1",200,1
"2424",114,100,5,1.01,0,1.2161,0,12,"Subject_12","1",101,1
"2425",115,20,8,1.05,0,1.1364,1,12,"Subject_12","1",21,2
"2426",116,20,3,1.05,0,1.0486,0,12,"Subject_12","1",21,2
"2427",117,100,5,1.02,0,1.0876,1,12,"Subject_12","1",102,1
"2428",118,100,30,2,0,1.969,0,12,"Subject_12","1",200,1
"2429",119,20,60,4,1,2.5455,0,12,"Subject_12","1",80,2
"2430",120,20,3,3,0,0.9459,1,12,"Subject_12","1",60,2
"2431",121,100,8,10,1,0.946,0,12,"Subject_12","1",1000,1
"2432",122,100,3,1.8,1,1.4759,0,12,"Subject_12","1",180,1
"2433",123,20,60,7,1,0.8038,1,12,"Subject_12","1",140,2
"2434",124,100,5,1.5,1,1.3082,1,12,"Subject_12","1",150,1
"2435",125,100,60,1.8,1,1.8765,0,12,"Subject_12","1",180,1
"2436",126,100,14,5,1,6.3464,0,12,"Subject_12","1",500,1
"2437",127,20,8,1.01,0,1.5286,1,12,"Subject_12","1",20.2,2
"2438",128,100,30,1.5,1,1.9582,0,12,"Subject_12","1",150,1
"2439",129,20,60,13,1,2.0554,0,12,"Subject_12","1",260,2
"2440",130,100,14,3,1,1.4981,1,12,"Subject_12","1",300,1
"2441",131,20,30,4,1,1.1164,0,12,"Subject_12","1",80,2
"2442",132,20,14,4,1,1.4888,0,12,"Subject_12","1",80,2
"2443",133,20,30,1.2,0,0.8498,1,12,"Subject_12","1",24,2
"2444",134,100,1,5,1,1.6525,1,12,"Subject_12","1",500,1
"2445",135,100,3,2,1,1.0714,1,12,"Subject_12","1",200,1
"2446",136,100,1,3,1,1.0913,1,12,"Subject_12","1",300,1
"2447",137,20,1,1.1,0,1.8035,1,12,"Subject_12","1",22,2
"2448",138,20,5,7,1,1.5469,1,12,"Subject_12","1",140,2
"2449",139,100,8,1.1,0,2.928,1,12,"Subject_12","1",110,1
"2450",140,100,14,7,1,1.361,1,12,"Subject_12","1",700,1
"2451",141,20,1,1.01,0,1.2286,1,12,"Subject_12","1",20.2,2
"2452",142,100,3,10,1,2.6453,0,12,"Subject_12","1",1000,1
"2453",143,100,5,7,0,1.1323,1,12,"Subject_12","1",700,1
"2454",144,20,8,3,0,0.9646,0,12,"Subject_12","1",60,2
"2455",145,20,30,1.01,0,1.2851,1,12,"Subject_12","1",20.2,2
"2456",146,20,3,1.02,0,1.1436,1,12,"Subject_12","1",20.4,2
"2457",147,20,14,1.5,0,1.8736,1,12,"Subject_12","1",30,2
"2458",148,100,1,2.5,1,1.3541,1,12,"Subject_12","1",250,1
"2459",149,100,5,13,1,0.9725,1,12,"Subject_12","1",1300,1
"2460",150,20,3,1.8,1,1.3278,0,12,"Subject_12","1",36,2
"2461",151,20,5,13,1,1.2292,1,12,"Subject_12","1",260,2
"2462",152,100,14,1.05,0,1.4229,1,12,"Subject_12","1",105,1
"2463",153,20,14,13,1,1.0512,1,12,"Subject_12","1",260,2
"2464",154,20,3,2.5,1,1.132,1,12,"Subject_12","1",50,2
"2465",155,20,1,13,1,1.2208,0,12,"Subject_12","1",260,2
"2466",156,100,60,2.5,1,1.1044,0,12,"Subject_12","1",250,1
"2467",157,20,60,2,1,0.9212,0,12,"Subject_12","1",40,2
"2468",158,100,5,5,1,0.7318,0,12,"Subject_12","1",500,1
"2469",159,100,60,1.2,1,1.1433,0,12,"Subject_12","1",120,1
"2470",160,100,14,1.8,1,0.9562,1,12,"Subject_12","1",180,1
"2471",161,20,1,1.2,1,1.6095,1,12,"Subject_12","1",24,2
"2472",162,20,1,4,1,1.1034,1,12,"Subject_12","1",80,2
"2473",163,100,3,1.02,0,1.6659,0,12,"Subject_12","1",102,1
"2474",164,20,3,10,1,1.1839,1,12,"Subject_12","1",200,2
"2475",165,100,14,10,1,0.9816,1,12,"Subject_12","1",1000,1
"2476",166,100,60,7,1,0.9756,0,12,"Subject_12","1",700,1
"2477",167,100,5,1.8,1,0.9737,1,12,"Subject_12","1",180,1
"2478",168,20,30,1.8,1,3.8312,1,12,"Subject_12","1",36,2
"2479",169,20,1,3,1,2.3094,0,12,"Subject_12","1",60,2
"2480",170,20,8,10,1,2.3453,1,12,"Subject_12","1",200,2
"2481",171,100,3,1.05,0,1.0077,1,12,"Subject_12","1",105,1
"2482",172,100,14,1.02,0,1.3376,0,12,"Subject_12","1",102,1
"2483",173,100,60,2,1,1.1427,0,12,"Subject_12","1",200,1
"2484",174,20,1,1.5,1,1.7876,0,12,"Subject_12","1",30,2
"2485",175,20,14,5,1,1.1141,1,12,"Subject_12","1",100,2
"2486",176,100,60,1.01,0,1.2323,0,12,"Subject_12","1",101,1
"2487",177,100,3,3,0,0.785,1,12,"Subject_12","1",300,1
"2488",178,20,1,1.05,0,1.1057,0,12,"Subject_12","1",21,2
"2489",179,20,60,1.01,0,0.6653,1,12,"Subject_12","1",20.2,2
"2490",180,100,60,3,1,1.1138,0,12,"Subject_12","1",300,1
"2491",181,20,30,13,1,1.0185,0,12,"Subject_12","1",260,2
"2492",182,100,30,1.02,0,0.7293,1,12,"Subject_12","1",102,1
"2493",183,20,5,1.8,0,0.7284,1,12,"Subject_12","1",36,2
"2494",184,100,1,4,1,1.5825,0,12,"Subject_12","1",400,1
"2495",185,100,8,1.8,1,0.9916,1,12,"Subject_12","1",180,1
"2496",186,100,1,1.8,1,1.711,0,12,"Subject_12","1",180,1
"2497",187,20,30,3,1,0.8803,1,12,"Subject_12","1",60,2
"2498",188,20,8,13,1,2.065,1,12,"Subject_12","1",260,2
"2499",189,20,3,1.5,1,0.943,1,12,"Subject_12","1",30,2
"2500",190,100,1,13,1,0.977,1,12,"Subject_12","1",1300,1
"2501",191,20,5,1.02,0,0.9431,1,12,"Subject_12","1",20.4,2
"2502",192,20,5,10,1,1.3854,0,12,"Subject_12","1",200,2
"2503",193,20,8,1.1,0,2.9249,0,12,"Subject_12","1",22,2
"2504",194,20,3,5,1,1.1616,1,12,"Subject_12","1",100,2
"2505",195,100,60,1.1,0,1.9797,0,12,"Subject_12","1",110,1
"2506",196,20,14,3,0,0.7383,1,12,"Subject_12","1",60,2
"2507",197,100,5,1.1,1,1.6057,1,12,"Subject_12","1",110,1
"2508",198,20,5,1.5,1,1.3014,1,12,"Subject_12","1",30,2
"2509",199,100,30,3,1,1.0376,1,12,"Subject_12","1",300,1
"2510",200,100,14,2,1,1.1317,0,12,"Subject_12","1",200,1
"2511",201,100,3,1.1,1,2.3971,0,12,"Subject_12","1",110,1
"2512",202,100,3,1.01,0,0.882,0,12,"Subject_12","1",101,1
"2513",203,100,30,1.2,1,5.2151,0,12,"Subject_12","1",120,1
"2514",204,100,60,13,1,0.9133,0,12,"Subject_12","1",1300,1
"2515",205,20,14,2.5,1,0.9192,1,12,"Subject_12","1",50,2
"2516",206,20,5,3,1,0.6636,0,12,"Subject_12","1",60,2
"2517",207,20,60,1.5,1,0.8843,0,12,"Subject_12","1",30,2
"2518",208,100,14,1.1,0,2.1309,1,12,"Subject_12","1",110,1
"2519",209,20,14,7,1,1.0319,1,12,"Subject_12","1",140,2
"2520",210,20,1,1.02,0,1.0488,0,12,"Subject_12","1",20.4,2
"2521",1,100,1,10,1,3.1424,0,13,"Subject_13","2",1000,1
"2522",2,100,8,7,1,3.8984,1,13,"Subject_13","2",700,1
"2523",3,20,5,1.5,0,2.3603,0,13,"Subject_13","2",30,2
"2524",4,100,8,13,1,2.7195,0,13,"Subject_13","2",1300,1
"2525",5,20,60,1.01,0,2.3009,0,13,"Subject_13","2",20.2,2
"2526",6,100,3,2,1,2.1648,1,13,"Subject_13","2",200,1
"2527",7,100,30,2.5,0,4.3461,1,13,"Subject_13","2",250,1
"2528",8,100,8,10,1,1.6072,0,13,"Subject_13","2",1000,1
"2529",9,20,60,1.8,1,4.4957,1,13,"Subject_13","2",36,2
"2530",10,20,60,3,1,4.8121,1,13,"Subject_13","2",60,2
"2531",11,20,14,1.02,0,1.306,0,13,"Subject_13","2",20.4,2
"2532",12,100,3,3,1,1.8476,1,13,"Subject_13","2",300,1
"2533",13,20,3,13,1,1.3054,1,13,"Subject_13","2",260,2
"2534",14,100,30,1.02,0,2.4188,1,13,"Subject_13","2",102,1
"2535",15,100,1,1.05,0,1.6275,1,13,"Subject_13","2",105,1
"2536",16,20,5,1.01,0,2.064,0,13,"Subject_13","2",20.2,2
"2537",17,20,3,5,1,1.5548,1,13,"Subject_13","2",100,2
"2538",18,100,3,1.01,0,2.8349,1,13,"Subject_13","2",101,1
"2539",19,20,14,13,1,2.5213,0,13,"Subject_13","2",260,2
"2540",20,100,60,3,1,2.3503,0,13,"Subject_13","2",300,1
"2541",21,20,14,2,1,2.657,1,13,"Subject_13","2",40,2
"2542",22,20,1,2.5,1,1.8013,1,13,"Subject_13","2",50,2
"2543",23,20,30,2,1,3.0731,0,13,"Subject_13","2",40,2
"2544",24,20,5,10,1,1.381,0,13,"Subject_13","2",200,2
"2545",25,20,8,2.5,1,1.6623,0,13,"Subject_13","2",50,2
"2546",26,100,5,7,1,1.9762,1,13,"Subject_13","2",700,1
"2547",27,20,1,4,1,2.968,1,13,"Subject_13","2",80,2
"2548",28,20,5,1.8,1,2.386,0,13,"Subject_13","2",36,2
"2549",29,100,3,1.05,0,2.1827,0,13,"Subject_13","2",105,1
"2550",30,100,1,5,1,1.2996,0,13,"Subject_13","2",500,1
"2551",31,100,3,1.8,1,2.1645,1,13,"Subject_13","2",180,1
"2552",32,100,5,1.1,1,2.2751,1,13,"Subject_13","2",110,1
"2553",33,20,8,3,1,1.2159,0,13,"Subject_13","2",60,2
"2554",34,100,5,1.2,1,1.2488,1,13,"Subject_13","2",120,1
"2555",35,20,30,2.5,1,1.3125,0,13,"Subject_13","2",50,2
"2556",36,20,8,13,1,1.2741,0,13,"Subject_13","2",260,2
"2557",37,20,3,1.01,0,1.4683,1,13,"Subject_13","2",20.2,2
"2558",38,20,14,1.1,1,1.638,1,13,"Subject_13","2",22,2
"2559",39,20,60,1.2,1,1.5088,1,13,"Subject_13","2",24,2
"2560",40,20,60,7,1,1.3352,1,13,"Subject_13","2",140,2
"2561",41,100,5,1.05,1,1.1848,1,13,"Subject_13","2",105,1
"2562",42,20,5,13,1,1.0748,1,13,"Subject_13","2",260,2
"2563",43,100,14,2,1,1.0369,1,13,"Subject_13","2",200,1
"2564",44,100,60,2.5,1,1.1817,1,13,"Subject_13","2",250,1
"2565",45,20,3,2,1,1.3607,0,13,"Subject_13","2",40,2
"2566",46,20,30,1.1,1,1.155,1,13,"Subject_13","2",22,2
"2567",47,100,60,1.8,1,1.0297,0,13,"Subject_13","2",180,1
"2568",48,20,14,5,1,1.1964,0,13,"Subject_13","2",100,2
"2569",49,100,8,1.8,1,1.4608,0,13,"Subject_13","2",180,1
"2570",50,100,30,5,1,0.9969,0,13,"Subject_13","2",500,1
"2571",51,100,1,1.02,0,1.2851,0,13,"Subject_13","2",102,1
"2572",52,20,14,2.5,1,1.3578,0,13,"Subject_13","2",50,2
"2573",53,20,5,1.05,1,1.4855,1,13,"Subject_13","2",21,2
"2574",54,100,3,7,1,0.9858,0,13,"Subject_13","2",700,1
"2575",55,20,8,1.02,0,2.4186,1,13,"Subject_13","2",20.4,2
"2576",56,20,3,1.05,1,2.7886,0,13,"Subject_13","2",21,2
"2577",57,100,5,1.5,1,1.6905,0,13,"Subject_13","2",150,1
"2578",58,20,30,1.2,1,0.8296,0,13,"Subject_13","2",24,2
"2579",59,20,3,2.5,1,1.712,0,13,"Subject_13","2",50,2
"2580",60,100,60,10,1,1.5598,1,13,"Subject_13","2",1000,1
"2581",61,100,5,10,1,1.0997,0,13,"Subject_13","2",1000,1
"2582",62,100,5,4,1,1.771,1,13,"Subject_13","2",400,1
"2583",63,100,1,2,1,2.132,1,13,"Subject_13","2",200,1
"2584",64,20,1,1.2,0,1.6341,0,13,"Subject_13","2",24,2
"2585",65,100,1,1.8,1,2.2633,0,13,"Subject_13","2",180,1
"2586",66,20,1,1.05,1,2.5212,0,13,"Subject_13","2",21,2
"2587",67,100,30,4,1,1.3873,0,13,"Subject_13","2",400,1
"2588",68,20,1,7,1,1.695,0,13,"Subject_13","2",140,2
"2589",69,100,60,1.05,1,1.2821,1,13,"Subject_13","2",105,1
"2590",70,100,14,5,1,1.5691,1,13,"Subject_13","2",500,1
"2591",71,20,30,3,1,1.8674,0,13,"Subject_13","2",60,2
"2592",72,100,8,4,1,1.3439,0,13,"Subject_13","2",400,1
"2593",73,20,8,1.8,1,1.5654,0,13,"Subject_13","2",36,2
"2594",74,100,5,2,1,1.824,0,13,"Subject_13","2",200,1
"2595",75,100,1,1.5,1,1.219,0,13,"Subject_13","2",150,1
"2596",76,100,3,4,1,1.4046,0,13,"Subject_13","2",400,1
"2597",77,20,8,1.01,0,1.1949,0,13,"Subject_13","2",20.2,2
"2598",78,100,1,1.1,1,1.9236,1,13,"Subject_13","2",110,1
"2599",79,100,30,1.8,1,1.1644,0,13,"Subject_13","2",180,1
"2600",80,100,8,1.05,1,1.2977,1,13,"Subject_13","2",105,1
"2601",81,100,60,13,1,1.0107,0,13,"Subject_13","2",1300,1
"2602",82,20,1,13,1,1.1315,1,13,"Subject_13","2",260,2
"2603",83,100,60,1.1,1,1.7336,1,13,"Subject_13","2",110,1
"2604",84,100,5,1.02,1,1.9093,1,13,"Subject_13","2",102,1
"2605",85,20,30,4,1,1.1125,1,13,"Subject_13","2",80,2
"2606",86,100,1,13,1,1.4847,1,13,"Subject_13","2",1300,1
"2607",87,100,14,13,1,0.9951,0,13,"Subject_13","2",1300,1
"2608",88,20,1,2,1,1.0018,1,13,"Subject_13","2",40,2
"2609",89,20,5,7,1,1.0938,1,13,"Subject_13","2",140,2
"2610",90,20,14,1.05,1,2.6992,0,13,"Subject_13","2",21,2
"2611",91,100,14,1.05,1,1.2562,0,13,"Subject_13","2",105,1
"2612",92,100,14,1.02,1,1.3084,1,13,"Subject_13","2",102,1
"2613",93,20,60,2,1,0.7405,0,13,"Subject_13","2",40,2
"2614",94,20,3,1.1,1,1.1291,0,13,"Subject_13","2",22,2
"2615",95,20,14,7,1,0.7045,0,13,"Subject_13","2",140,2
"2616",96,100,8,2.5,1,0.9771,1,13,"Subject_13","2",250,1
"2617",97,100,60,1.02,1,1.0971,0,13,"Subject_13","2",102,1
"2618",98,20,14,10,1,0.9932,1,13,"Subject_13","2",200,2
"2619",99,20,8,7,1,0.8426,1,13,"Subject_13","2",140,2
"2620",100,100,8,1.02,1,1.4098,0,13,"Subject_13","2",102,1
"2621",101,20,5,4,1,1.3707,1,13,"Subject_13","2",80,2
"2622",102,100,14,1.5,1,0.9985,0,13,"Subject_13","2",150,1
"2623",103,100,3,5,1,1.0332,0,13,"Subject_13","2",500,1
"2624",104,20,30,1.02,0,2.3752,1,13,"Subject_13","2",20.4,2
"2625",105,100,30,10,1,1.2574,1,13,"Subject_13","2",1000,1
"2626",106,20,1,3,1,1.104,1,13,"Subject_13","2",60,2
"2627",107,100,30,2,1,1.7155,0,13,"Subject_13","2",200,1
"2628",108,20,8,5,1,1.3047,1,13,"Subject_13","2",100,2
"2629",109,20,3,7,1,1.0169,1,13,"Subject_13","2",140,2
"2630",110,20,3,1.2,0,1.8317,1,13,"Subject_13","2",24,2
"2631",111,100,30,7,1,0.8636,0,13,"Subject_13","2",700,1
"2632",112,100,5,1.01,1,1.8055,0,13,"Subject_13","2",101,1
"2633",113,20,5,3,1,1.2753,0,13,"Subject_13","2",60,2
"2634",114,20,60,13,0,0.9327,0,13,"Subject_13","2",260,2
"2635",115,20,8,2,1,1.0082,1,13,"Subject_13","2",40,2
"2636",116,100,60,7,1,1.0694,1,13,"Subject_13","2",700,1
"2637",117,20,60,1.1,1,1.8675,0,13,"Subject_13","2",22,2
"2638",118,100,14,1.1,1,1.0744,0,13,"Subject_13","2",110,1
"2639",119,100,1,4,1,0.9629,1,13,"Subject_13","2",400,1
"2640",120,20,30,13,1,1.0969,0,13,"Subject_13","2",260,2
"2641",121,20,3,3,1,1.1316,0,13,"Subject_13","2",60,2
"2642",122,100,5,5,1,1.2918,1,13,"Subject_13","2",500,1
"2643",123,100,30,13,1,0.7246,0,13,"Subject_13","2",1300,1
"2644",124,100,8,5,1,0.8726,1,13,"Subject_13","2",500,1
"2645",125,20,3,1.8,1,1.0501,0,13,"Subject_13","2",36,2
"2646",126,20,60,1.05,1,1.0908,0,13,"Subject_13","2",21,2
"2647",127,100,30,1.05,1,1.1989,0,13,"Subject_13","2",105,1
"2648",128,20,1,1.5,1,1.2962,1,13,"Subject_13","2",30,2
"2649",129,20,8,1.1,1,1.2886,0,13,"Subject_13","2",22,2
"2650",130,100,3,10,1,0.8064,0,13,"Subject_13","2",1000,1
"2651",131,100,1,3,1,0.9568,0,13,"Subject_13","2",300,1
"2652",132,20,5,1.02,0,1.6429,1,13,"Subject_13","2",20.4,2
"2653",133,100,3,1.02,1,1.4741,0,13,"Subject_13","2",102,1
"2654",134,100,14,3,1,1.261,1,13,"Subject_13","2",300,1
"2655",135,20,60,1.02,1,1.1464,0,13,"Subject_13","2",20.4,2
"2656",136,20,60,4,1,1.9684,0,13,"Subject_13","2",80,2
"2657",137,100,5,13,1,1.1724,1,13,"Subject_13","2",1300,1
"2658",138,100,14,1.2,1,1.3317,0,13,"Subject_13","2",120,1
"2659",139,100,8,1.2,1,1.0626,1,13,"Subject_13","2",120,1
"2660",140,20,5,1.1,0,1.4181,0,13,"Subject_13","2",22,2
"2661",141,20,8,1.5,1,1.333,0,13,"Subject_13","2",30,2
"2662",142,20,3,4,1,1.0999,1,13,"Subject_13","2",80,2
"2663",143,100,8,1.5,1,0.9534,0,13,"Subject_13","2",150,1
"2664",144,100,3,1.5,1,1.4295,0,13,"Subject_13","2",150,1
"2665",145,20,60,2.5,1,5.0104,0,13,"Subject_13","2",50,2
"2666",146,100,60,1.01,0,2.1088,1,13,"Subject_13","2",101,1
"2667",147,20,5,5,1,1.2754,0,13,"Subject_13","2",100,2
"2668",148,20,8,1.05,0,1.4029,0,13,"Subject_13","2",21,2
"2669",149,20,3,1.5,1,2.4223,0,13,"Subject_13","2",30,2
"2670",150,100,14,2.5,1,1.0156,1,13,"Subject_13","2",250,1
"2671",151,100,1,1.2,1,1.5899,1,13,"Subject_13","2",120,1
"2672",152,100,1,7,1,1.3327,1,13,"Subject_13","2",700,1
"2673",153,20,14,1.01,0,1.2179,0,13,"Subject_13","2",20.2,2
"2674",154,100,1,1.01,0,1.3898,1,13,"Subject_13","2",101,1
"2675",155,100,14,7,1,1.039,1,13,"Subject_13","2",700,1
"2676",156,100,30,3,1,1.2856,1,13,"Subject_13","2",300,1
"2677",157,20,1,1.02,0,1.1229,0,13,"Subject_13","2",20.4,2
"2678",158,100,5,2.5,1,0.833,0,13,"Subject_13","2",250,1
"2679",159,20,30,1.01,0,2.4978,1,13,"Subject_13","2",20.2,2
"2680",160,100,3,1.1,1,1.224,0,13,"Subject_13","2",110,1
"2681",161,20,30,1.5,1,1.0156,0,13,"Subject_13","2",30,2
"2682",162,20,1,1.8,1,0.7703,0,13,"Subject_13","2",36,2
"2683",163,20,14,1.8,1,1.4509,0,13,"Subject_13","2",36,2
"2684",164,100,1,2.5,1,0.8826,0,13,"Subject_13","2",250,1
"2685",165,100,3,13,1,0.9834,0,13,"Subject_13","2",1300,1
"2686",166,100,60,5,1,1.2659,0,13,"Subject_13","2",500,1
"2687",167,100,60,1.2,1,1.3757,1,13,"Subject_13","2",120,1
"2688",168,20,30,5,1,1.1245,0,13,"Subject_13","2",100,2
"2689",169,20,3,1.02,1,1.2847,0,13,"Subject_13","2",20.4,2
"2690",170,20,30,7,1,1.0329,1,13,"Subject_13","2",140,2
"2691",171,20,8,10,1,0.9969,1,13,"Subject_13","2",200,2
"2692",172,20,5,1.2,1,1.0817,1,13,"Subject_13","2",24,2
"2693",173,100,5,3,1,0.961,0,13,"Subject_13","2",300,1
"2694",174,20,1,5,1,0.7796,1,13,"Subject_13","2",100,2
"2695",175,100,60,1.5,1,1.4439,1,13,"Subject_13","2",150,1
"2696",176,20,14,4,1,0.8127,0,13,"Subject_13","2",80,2
"2697",177,100,14,4,1,0.8746,0,13,"Subject_13","2",400,1
"2698",178,20,3,10,1,0.7767,0,13,"Subject_13","2",200,2
"2699",179,20,14,1.5,1,0.8268,0,13,"Subject_13","2",30,2
"2700",180,100,8,1.1,1,1.1648,1,13,"Subject_13","2",110,1
"2701",181,100,3,2.5,1,1.1375,0,13,"Subject_13","2",250,1
"2702",182,100,8,3,1,0.845,1,13,"Subject_13","2",300,1
"2703",183,100,14,1.01,1,1.3102,0,13,"Subject_13","2",101,1
"2704",184,20,1,1.1,1,1.1399,1,13,"Subject_13","2",22,2
"2705",185,20,8,4,1,0.8799,0,13,"Subject_13","2",80,2
"2706",186,20,14,1.2,1,0.9435,1,13,"Subject_13","2",24,2
"2707",187,20,1,10,1,0.8702,0,13,"Subject_13","2",200,2
"2708",188,20,5,2.5,1,1.0086,1,13,"Subject_13","2",50,2
"2709",189,20,30,1.8,1,1.7362,0,13,"Subject_13","2",36,2
"2710",190,100,30,1.01,0,1.8628,0,13,"Subject_13","2",101,1
"2711",191,20,60,1.5,1,1.0624,1,13,"Subject_13","2",30,2
"2712",192,100,30,1.5,1,0.8487,0,13,"Subject_13","2",150,1
"2713",193,20,1,1.01,1,1.4387,0,13,"Subject_13","2",20.2,2
"2714",194,20,5,2,1,1.6729,0,13,"Subject_13","2",40,2
"2715",195,100,60,4,1,1.2473,1,13,"Subject_13","2",400,1
"2716",196,100,5,1.8,1,0.9913,1,13,"Subject_13","2",180,1
"2717",197,100,3,1.2,1,1.3485,0,13,"Subject_13","2",120,1
"2718",198,100,60,2,1,0.8216,0,13,"Subject_13","2",200,1
"2719",199,100,14,1.8,1,0.9369,1,13,"Subject_13","2",180,1
"2720",200,20,30,1.05,1,1.421,0,13,"Subject_13","2",21,2
"2721",201,20,8,1.2,1,1.1139,1,13,"Subject_13","2",24,2
"2722",202,100,30,1.2,1,1.5342,1,13,"Subject_13","2",120,1
"2723",203,100,30,1.1,1,1.3631,1,13,"Subject_13","2",110,1
"2724",204,100,8,1.01,1,1.5513,1,13,"Subject_13","2",101,1
"2725",205,20,60,10,1,1.1242,1,13,"Subject_13","2",200,2
"2726",206,100,14,10,1,1.3169,0,13,"Subject_13","2",1000,1
"2727",207,100,8,2,1,1.2366,1,13,"Subject_13","2",200,1
"2728",208,20,14,3,1,1.2848,0,13,"Subject_13","2",60,2
"2729",209,20,60,5,1,0.7552,0,13,"Subject_13","2",100,2
"2730",210,20,30,10,1,1.1418,1,13,"Subject_13","2",200,2
"2731",1,20,8,1.1,1,3.8477,1,14,"Subject_14","2",22,2
"2732",2,20,1,3,1,2.6315,1,14,"Subject_14","2",60,2
"2733",3,20,30,3,1,2.0031,1,14,"Subject_14","2",60,2
"2734",4,20,8,4,1,2.1568,1,14,"Subject_14","2",80,2
"2735",5,20,30,1.1,0,2.3248,0,14,"Subject_14","2",22,2
"2736",6,20,5,1.8,1,1.9722,1,14,"Subject_14","2",36,2
"2737",7,20,60,1.2,1,1.6324,0,14,"Subject_14","2",24,2
"2738",8,100,30,2,0,1.3478,0,14,"Subject_14","2",200,1
"2739",9,100,30,1.2,1,3.5929,0,14,"Subject_14","2",120,1
"2740",10,100,1,1.01,1,2.3219,1,14,"Subject_14","2",101,1
"2741",11,20,1,1.2,1,1.7392,1,14,"Subject_14","2",24,2
"2742",12,20,1,13,1,1.4331,0,14,"Subject_14","2",260,2
"2743",13,100,5,1.02,1,1.9987,0,14,"Subject_14","2",102,1
"2744",14,20,8,1.8,1,1.3864,0,14,"Subject_14","2",36,2
"2745",15,100,1,1.1,1,2.3509,1,14,"Subject_14","2",110,1
"2746",16,20,14,10,1,2.1709,1,14,"Subject_14","2",200,2
"2747",17,20,1,1.02,1,2.0151,1,14,"Subject_14","2",20.4,2
"2748",18,100,14,4,1,1.655,1,14,"Subject_14","2",400,1
"2749",19,20,8,1.01,1,1.5151,1,14,"Subject_14","2",20.2,2
"2750",20,20,3,5,1,2.3712,1,14,"Subject_14","2",100,2
"2751",21,100,30,10,1,1.5365,0,14,"Subject_14","2",1000,1
"2752",22,20,3,1.01,1,1.8738,0,14,"Subject_14","2",20.2,2
"2753",23,100,60,7,1,1.7911,1,14,"Subject_14","2",700,1
"2754",24,100,5,4,1,1.5426,0,14,"Subject_14","2",400,1
"2755",25,20,3,1.8,1,3.2579,0,14,"Subject_14","2",36,2
"2756",26,20,14,1.02,1,1.9227,0,14,"Subject_14","2",20.4,2
"2757",27,20,1,7,1,1.6069,0,14,"Subject_14","2",140,2
"2758",28,100,60,1.01,0,2.7429,0,14,"Subject_14","2",101,1
"2759",29,100,8,1.02,1,2.181,1,14,"Subject_14","2",102,1
"2760",30,20,8,5,1,1.0226,1,14,"Subject_14","2",100,2
"2761",31,20,3,4,1,1.3243,1,14,"Subject_14","2",80,2
"2762",32,20,5,2,1,1.8435,0,14,"Subject_14","2",40,2
"2763",33,20,30,4,1,1.5545,1,14,"Subject_14","2",80,2
"2764",34,100,3,5,1,1.1145,1,14,"Subject_14","2",500,1
"2765",35,20,1,1.01,1,1.4994,1,14,"Subject_14","2",20.2,2
"2766",36,100,3,1.5,1,1.14,0,14,"Subject_14","2",150,1
"2767",37,20,30,1.8,1,1.1699,0,14,"Subject_14","2",36,2
"2768",38,20,14,1.01,0,1.7587,1,14,"Subject_14","2",20.2,2
"2769",39,100,14,1.05,1,1.492,1,14,"Subject_14","2",105,1
"2770",40,100,3,3,1,0.9158,0,14,"Subject_14","2",300,1
"2771",41,100,8,7,1,0.8488,0,14,"Subject_14","2",700,1
"2772",42,20,60,1.1,1,1.5589,1,14,"Subject_14","2",22,2
"2773",43,20,30,5,1,1.5691,0,14,"Subject_14","2",100,2
"2774",44,100,14,5,1,1.1738,0,14,"Subject_14","2",500,1
"2775",45,100,1,1.05,1,1.4582,1,14,"Subject_14","2",105,1
"2776",46,100,60,3,1,0.8803,1,14,"Subject_14","2",300,1
"2777",47,20,14,3,1,1.7862,1,14,"Subject_14","2",60,2
"2778",48,100,8,1.5,1,1.2013,1,14,"Subject_14","2",150,1
"2779",49,100,14,10,1,0.8937,0,14,"Subject_14","2",1000,1
"2780",50,20,60,1.01,1,1.4037,1,14,"Subject_14","2",20.2,2
"2781",51,20,3,7,1,0.9628,1,14,"Subject_14","2",140,2
"2782",52,20,30,1.5,1,1.3065,1,14,"Subject_14","2",30,2
"2783",53,20,60,3,1,0.8876,1,14,"Subject_14","2",60,2
"2784",54,100,14,3,1,1.0458,1,14,"Subject_14","2",300,1
"2785",55,100,14,13,1,1.0214,1,14,"Subject_14","2",1300,1
"2786",56,20,14,1.1,1,1.1448,1,14,"Subject_14","2",22,2
"2787",57,20,14,5,1,0.7352,0,14,"Subject_14","2",100,2
"2788",58,20,8,1.05,1,0.9529,0,14,"Subject_14","2",21,2
"2789",59,20,5,5,1,0.8836,0,14,"Subject_14","2",100,2
"2790",60,100,30,1.01,1,0.7909,0,14,"Subject_14","2",101,1
"2791",61,100,60,1.1,1,0.9465,0,14,"Subject_14","2",110,1
"2792",62,100,30,5,1,0.7727,0,14,"Subject_14","2",500,1
"2793",63,100,3,1.1,1,0.811,1,14,"Subject_14","2",110,1
"2794",64,100,8,3,1,1.1959,1,14,"Subject_14","2",300,1
"2795",65,100,14,1.1,1,0.9433,0,14,"Subject_14","2",110,1
"2796",66,20,5,1.05,1,0.9017,1,14,"Subject_14","2",21,2
"2797",67,20,30,10,1,0.7532,0,14,"Subject_14","2",200,2
"2798",68,100,1,13,1,0.8326,0,14,"Subject_14","2",1300,1
"2799",69,20,3,10,1,1.0277,0,14,"Subject_14","2",200,2
"2800",70,100,1,2,1,1.1569,1,14,"Subject_14","2",200,1
"2801",71,20,30,1.02,0,1.9378,1,14,"Subject_14","2",20.4,2
"2802",72,100,5,1.8,1,1.6173,1,14,"Subject_14","2",180,1
"2803",73,100,5,2,1,0.9624,1,14,"Subject_14","2",200,1
"2804",74,20,60,1.8,1,1.2406,0,14,"Subject_14","2",36,2
"2805",75,100,60,1.2,1,1.622,1,14,"Subject_14","2",120,1
"2806",76,100,3,13,1,1.5898,1,14,"Subject_14","2",1300,1
"2807",77,20,3,3,1,1.64,1,14,"Subject_14","2",60,2
"2808",78,100,1,10,1,1.3374,1,14,"Subject_14","2",1000,1
"2809",79,20,5,1.02,1,1.1514,0,14,"Subject_14","2",20.4,2
"2810",80,20,30,1.2,1,1.0101,0,14,"Subject_14","2",24,2
"2811",81,100,30,2.5,1,1.3489,1,14,"Subject_14","2",250,1
"2812",82,20,3,1.1,1,1.3541,0,14,"Subject_14","2",22,2
"2813",83,100,14,1.01,1,1.0123,1,14,"Subject_14","2",101,1
"2814",84,20,3,2.5,1,0.7815,0,14,"Subject_14","2",50,2
"2815",85,100,8,5,1,1.0719,0,14,"Subject_14","2",500,1
"2816",86,20,60,1.5,1,1.4978,1,14,"Subject_14","2",30,2
"2817",87,20,3,1.02,1,1.4061,1,14,"Subject_14","2",20.4,2
"2818",88,20,1,4,1,0.7013,1,14,"Subject_14","2",80,2
"2819",89,20,1,1.8,1,0.9989,0,14,"Subject_14","2",36,2
"2820",90,20,1,2,1,0.7918,0,14,"Subject_14","2",40,2
"2821",91,100,30,13,1,0.7188,0,14,"Subject_14","2",1300,1
"2822",92,100,8,1.1,1,0.96,1,14,"Subject_14","2",110,1
"2823",93,20,14,2,1,1.0434,1,14,"Subject_14","2",40,2
"2824",94,20,30,7,1,0.5804,0,14,"Subject_14","2",140,2
"2825",95,20,30,2,1,1.1179,0,14,"Subject_14","2",40,2
"2826",96,100,3,7,1,0.9146,0,14,"Subject_14","2",700,1
"2827",97,20,14,1.8,1,0.8886,0,14,"Subject_14","2",36,2
"2828",98,20,8,2.5,1,0.9117,1,14,"Subject_14","2",50,2
"2829",99,100,30,1.8,1,1.2089,0,14,"Subject_14","2",180,1
"2830",100,20,30,2.5,1,1.0152,1,14,"Subject_14","2",50,2
"2831",101,20,5,13,1,0.7284,0,14,"Subject_14","2",260,2
"2832",102,100,1,1.5,1,0.6194,0,14,"Subject_14","2",150,1
"2833",103,100,30,3,1,0.7005,0,14,"Subject_14","2",300,1
"2834",104,100,1,4,1,0.7087,1,14,"Subject_14","2",400,1
"2835",105,20,3,2,1,0.7435,1,14,"Subject_14","2",40,2
"2836",106,100,8,1.8,1,1.4446,0,14,"Subject_14","2",180,1
"2837",107,20,60,7,1,0.888,0,14,"Subject_14","2",140,2
"2838",108,20,1,2.5,1,1.136,1,14,"Subject_14","2",50,2
"2839",109,100,30,4,1,1.1629,1,14,"Subject_14","2",400,1
"2840",110,100,30,1.05,1,1.137,1,14,"Subject_14","2",105,1
"2841",111,100,5,1.2,1,1.9354,0,14,"Subject_14","2",120,1
"2842",112,100,30,1.5,1,0.771,1,14,"Subject_14","2",150,1
"2843",113,100,60,2.5,1,0.9794,1,14,"Subject_14","2",250,1
"2844",114,20,30,1.05,1,2.1017,1,14,"Subject_14","2",21,2
"2845",115,100,14,1.02,1,1.13,1,14,"Subject_14","2",102,1
"2846",116,20,8,13,1,1.8318,1,14,"Subject_14","2",260,2
"2847",117,100,5,7,1,1.2419,1,14,"Subject_14","2",700,1
"2848",118,100,1,1.2,1,0.9267,1,14,"Subject_14","2",120,1
"2849",119,20,14,13,1,0.6754,0,14,"Subject_14","2",260,2
"2850",120,20,1,1.05,1,0.8776,0,14,"Subject_14","2",21,2
"2851",121,100,14,2,1,0.9565,1,14,"Subject_14","2",200,1
"2852",122,100,30,1.1,1,0.8818,0,14,"Subject_14","2",110,1
"2853",123,100,60,13,1,0.8469,1,14,"Subject_14","2",1300,1
"2854",124,20,3,1.5,1,0.7996,1,14,"Subject_14","2",30,2
"2855",125,100,5,10,1,0.8648,1,14,"Subject_14","2",1000,1
"2856",126,20,60,1.05,1,0.9542,1,14,"Subject_14","2",21,2
"2857",127,100,5,13,1,0.7361,0,14,"Subject_14","2",1300,1
"2858",128,100,60,4,1,0.9884,0,14,"Subject_14","2",400,1
"2859",129,100,3,10,1,0.8841,0,14,"Subject_14","2",1000,1
"2860",130,100,60,1.05,1,0.9104,1,14,"Subject_14","2",105,1
"2861",131,20,60,4,1,2.4097,0,14,"Subject_14","2",80,2
"2862",132,20,1,1.1,1,3.1,1,14,"Subject_14","2",22,2
"2863",133,20,5,1.01,1,2.3077,0,14,"Subject_14","2",20.2,2
"2864",134,100,60,2,1,1.5435,1,14,"Subject_14","2",200,1
"2865",135,100,3,2,1,1.2506,1,14,"Subject_14","2",200,1
"2866",136,20,1,1.5,1,2.4832,1,14,"Subject_14","2",30,2
"2867",137,100,3,4,1,1.9859,0,14,"Subject_14","2",400,1
"2868",138,100,14,2.5,1,2.1728,1,14,"Subject_14","2",250,1
"2869",139,100,3,1.8,1,1.7795,0,14,"Subject_14","2",180,1
"2870",140,100,1,1.02,1,2.0543,1,14,"Subject_14","2",102,1
"2871",141,20,14,1.5,1,1.2342,1,14,"Subject_14","2",30,2
"2872",142,100,60,10,1,1.2465,1,14,"Subject_14","2",1000,1
"2873",143,20,8,1.5,1,1.2018,1,14,"Subject_14","2",30,2
"2874",144,100,3,1.01,1,2.1415,0,14,"Subject_14","2",101,1
"2875",145,100,8,2,1,1.1578,0,14,"Subject_14","2",200,1
"2876",146,20,3,1.05,1,1.5433,0,14,"Subject_14","2",21,2
"2877",147,20,30,13,1,1.0414,1,14,"Subject_14","2",260,2
"2878",148,100,5,2.5,1,1.2416,0,14,"Subject_14","2",250,1
"2879",149,20,14,4,1,0.9592,0,14,"Subject_14","2",80,2
"2880",150,20,14,2.5,1,0.8996,1,14,"Subject_14","2",50,2
"2881",151,20,8,2,1,0.6879,0,14,"Subject_14","2",40,2
"2882",152,100,5,5,1,1.4428,1,14,"Subject_14","2",500,1
"2883",153,100,5,1.01,1,1.4725,0,14,"Subject_14","2",101,1
"2884",154,20,8,7,1,0.8911,0,14,"Subject_14","2",140,2
"2885",155,20,3,1.2,1,0.8468,1,14,"Subject_14","2",24,2
"2886",156,20,5,7,1,1.9409,0,14,"Subject_14","2",140,2
"2887",157,100,5,1.1,1,1.0187,0,14,"Subject_14","2",110,1
"2888",158,100,60,1.8,1,2.8716,0,14,"Subject_14","2",180,1
"2889",159,100,3,2.5,1,1.1163,1,14,"Subject_14","2",250,1
"2890",160,100,14,1.8,1,0.7814,1,14,"Subject_14","2",180,1
"2891",161,100,30,1.02,1,1.1682,1,14,"Subject_14","2",102,1
"2892",162,100,8,4,1,0.8732,0,14,"Subject_14","2",400,1
"2893",163,20,60,5,1,0.7893,1,14,"Subject_14","2",100,2
"2894",164,20,60,10,1,0.6988,0,14,"Subject_14","2",200,2
"2895",165,100,3,1.05,1,0.7454,1,14,"Subject_14","2",105,1
"2896",166,100,14,1.5,1,0.815,1,14,"Subject_14","2",150,1
"2897",167,20,1,10,1,0.7543,1,14,"Subject_14","2",200,2
"2898",168,100,14,1.2,0,1.3682,1,14,"Subject_14","2",120,1
"2899",169,100,1,3,1,3.5197,1,14,"Subject_14","2",300,1
"2900",170,20,14,7,1,1.3779,0,14,"Subject_14","2",140,2
"2901",171,20,60,13,1,0.8706,1,14,"Subject_14","2",260,2
"2902",172,100,5,3,1,0.8695,1,14,"Subject_14","2",300,1
"2903",173,100,14,7,1,0.8516,1,14,"Subject_14","2",700,1
"2904",174,20,8,1.2,1,0.8574,1,14,"Subject_14","2",24,2
"2905",175,20,60,2,1,1.0436,1,14,"Subject_14","2",40,2
"2906",176,20,5,1.1,1,1.4429,0,14,"Subject_14","2",22,2
"2907",177,100,30,7,1,1.0146,1,14,"Subject_14","2",700,1
"2908",178,100,60,1.02,1,1.3041,0,14,"Subject_14","2",102,1
"2909",179,100,3,1.2,1,1.2089,0,14,"Subject_14","2",120,1
"2910",180,20,5,10,1,0.8673,1,14,"Subject_14","2",200,2
"2911",181,20,60,1.02,0,2.0773,0,14,"Subject_14","2",20.4,2
"2912",182,100,3,1.02,1,1.1553,0,14,"Subject_14","2",102,1
"2913",183,100,5,1.5,1,1.0927,1,14,"Subject_14","2",150,1
"2914",184,20,5,3,1,0.8315,0,14,"Subject_14","2",60,2
"2915",185,20,3,13,1,0.9003,0,14,"Subject_14","2",260,2
"2916",186,100,8,1.2,1,1.4543,1,14,"Subject_14","2",120,1
"2917",187,20,8,3,1,0.8473,1,14,"Subject_14","2",60,2
"2918",188,20,5,2.5,1,0.9329,1,14,"Subject_14","2",50,2
"2919",189,100,8,1.01,1,0.7282,0,14,"Subject_14","2",101,1
"2920",190,20,8,1.02,1,1.008,0,14,"Subject_14","2",20.4,2
"2921",191,20,14,1.05,1,0.8897,1,14,"Subject_14","2",21,2
"2922",192,100,8,10,1,0.9524,0,14,"Subject_14","2",1000,1
"2923",193,20,8,10,1,0.6678,0,14,"Subject_14","2",200,2
"2924",194,100,1,1.8,1,0.7934,0,14,"Subject_14","2",180,1
"2925",195,100,8,13,1,0.706,0,14,"Subject_14","2",1300,1
"2926",196,20,5,1.5,1,1.1024,1,14,"Subject_14","2",30,2
"2927",197,20,60,2.5,1,0.9405,1,14,"Subject_14","2",50,2
"2928",198,20,14,1.2,1,0.7795,0,14,"Subject_14","2",24,2
"2929",199,100,1,5,0,0.8217,0,14,"Subject_14","2",500,1
"2930",200,100,60,5,1,1.0608,1,14,"Subject_14","2",500,1
"2931",201,100,1,2.5,1,1.5432,0,14,"Subject_14","2",250,1
"2932",202,100,8,1.05,1,0.9306,1,14,"Subject_14","2",105,1
"2933",203,20,30,1.01,1,2.0281,1,14,"Subject_14","2",20.2,2
"2934",204,100,60,1.5,1,0.8757,0,14,"Subject_14","2",150,1
"2935",205,20,5,1.2,1,1.3164,0,14,"Subject_14","2",24,2
"2936",206,20,1,5,1,0.9899,0,14,"Subject_14","2",100,2
"2937",207,20,5,4,1,0.9014,1,14,"Subject_14","2",80,2
"2938",208,100,5,1.05,1,1.0472,0,14,"Subject_14","2",105,1
"2939",209,100,1,7,1,0.7225,0,14,"Subject_14","2",700,1
"2940",210,100,8,2.5,1,0.9941,1,14,"Subject_14","2",250,1
"2941",1,20,30,3,0,7.3789,1,15,"Subject_15","1",60,2
"2942",2,100,8,4,1,3.4941,0,15,"Subject_15","1",400,1
"2943",3,100,8,1.5,1,4.4102,0,15,"Subject_15","1",150,1
"2944",4,20,1,1.5,1,3.446,0,15,"Subject_15","1",30,2
"2945",5,20,30,2.5,0,2.3412,0,15,"Subject_15","1",50,2
"2946",6,100,14,1.8,0,4.9171,1,15,"Subject_15","1",180,1
"2947",7,100,14,2.5,1,2.1886,0,15,"Subject_15","1",250,1
"2948",8,20,3,5,1,1.8464,1,15,"Subject_15","1",100,2
"2949",9,20,14,13,1,1.975,0,15,"Subject_15","1",260,2
"2950",10,20,8,1.05,0,2.1722,1,15,"Subject_15","1",21,2
"2951",11,100,8,2.5,1,1.9517,1,15,"Subject_15","1",250,1
"2952",12,100,1,1.05,1,2.3761,0,15,"Subject_15","1",105,1
"2953",13,20,5,1.5,0,2.4536,1,15,"Subject_15","1",30,2
"2954",14,20,1,5,1,2.3135,1,15,"Subject_15","1",100,2
"2955",15,100,1,3,1,1.8726,0,15,"Subject_15","1",300,1
"2956",16,100,8,1.02,0,1.7271,1,15,"Subject_15","1",102,1
"2957",17,20,30,1.2,0,1.7102,1,15,"Subject_15","1",24,2
"2958",18,20,1,1.01,0,2.7811,1,15,"Subject_15","1",20.2,2
"2959",19,20,14,10,1,2.5272,1,15,"Subject_15","1",200,2
"2960",20,100,60,7,1,4.4141,0,15,"Subject_15","1",700,1
"2961",21,100,1,2,1,2.2392,1,15,"Subject_15","1",200,1
"2962",22,20,14,1.1,0,2.792,0,15,"Subject_15","1",22,2
"2963",23,100,5,1.8,0,2.0095,0,15,"Subject_15","1",180,1
"2964",24,100,5,1.2,1,1.3707,1,15,"Subject_15","1",120,1
"2965",25,20,60,1.05,0,1.5718,0,15,"Subject_15","1",21,2
"2966",26,20,60,1.2,0,1.7855,1,15,"Subject_15","1",24,2
"2967",27,100,3,1.2,1,1.4834,0,15,"Subject_15","1",120,1
"2968",28,20,3,2,0,3.3869,1,15,"Subject_15","1",40,2
"2969",29,100,60,10,1,2.7963,0,15,"Subject_15","1",1000,1
"2970",30,20,1,1.1,0,1.7118,1,15,"Subject_15","1",22,2
"2971",31,20,1,1.05,1,2.5903,1,15,"Subject_15","1",21,2
"2972",32,20,5,4,1,2.6772,0,15,"Subject_15","1",80,2
"2973",33,100,3,13,1,1.5649,0,15,"Subject_15","1",1300,1
"2974",34,20,14,4,0,2.2252,1,15,"Subject_15","1",80,2
"2975",35,100,8,3,1,1.724,0,15,"Subject_15","1",300,1
"2976",36,100,30,1.01,0,1.2402,1,15,"Subject_15","1",101,1
"2977",37,20,60,5,0,2.1753,1,15,"Subject_15","1",100,2
"2978",38,100,8,5,1,2.2105,1,15,"Subject_15","1",500,1
"2979",39,20,8,1.2,0,3.5891,1,15,"Subject_15","1",24,2
"2980",40,100,30,1.1,0,1.4339,0,15,"Subject_15","1",110,1
"2981",41,20,3,1.1,1,1.9949,1,15,"Subject_15","1",22,2
"2982",42,100,8,7,1,1.8048,0,15,"Subject_15","1",700,1
"2983",43,20,3,4,0,2.7426,0,15,"Subject_15","1",80,2
"2984",44,20,60,3,0,3.1146,0,15,"Subject_15","1",60,2
"2985",45,100,30,3,0,4.6707,0,15,"Subject_15","1",300,1
"2986",46,20,14,1.01,0,1.9834,0,15,"Subject_15","1",20.2,2
"2987",47,20,14,1.5,0,2.0986,0,15,"Subject_15","1",30,2
"2988",48,20,8,3,0,2.7681,1,15,"Subject_15","1",60,2
"2989",49,100,3,1.01,0,1.5369,0,15,"Subject_15","1",101,1
"2990",50,20,60,1.01,0,1.9886,1,15,"Subject_15","1",20.2,2
"2991",51,100,5,2,1,1.8406,1,15,"Subject_15","1",200,1
"2992",52,20,1,1.8,1,2.4903,0,15,"Subject_15","1",36,2
"2993",53,20,5,10,1,2.1665,1,15,"Subject_15","1",200,2
"2994",54,100,3,1.5,1,1.6711,0,15,"Subject_15","1",150,1
"2995",55,20,14,1.05,0,1.6382,1,15,"Subject_15","1",21,2
"2996",56,100,30,1.05,0,2.3806,1,15,"Subject_15","1",105,1
"2997",57,20,3,13,1,1.6585,1,15,"Subject_15","1",260,2
"2998",58,100,3,3,1,1.6842,1,15,"Subject_15","1",300,1
"2999",59,100,60,3,0,3.1519,0,15,"Subject_15","1",300,1
"3000",60,100,8,13,1,1.8456,1,15,"Subject_15","1",1300,1
"3001",61,100,5,1.02,0,1.2781,1,15,"Subject_15","1",102,1
"3002",62,20,3,7,1,2.5889,0,15,"Subject_15","1",140,2
"3003",63,20,30,7,0,2.5771,1,15,"Subject_15","1",140,2
"3004",64,100,30,1.8,0,3.3571,1,15,"Subject_15","1",180,1
"3005",65,20,14,2.5,0,2.917,0,15,"Subject_15","1",50,2
"3006",66,20,3,1.2,0,1.8829,1,15,"Subject_15","1",24,2
"3007",67,100,8,1.8,1,1.8257,1,15,"Subject_15","1",180,1
"3008",68,20,1,2,1,3.1582,1,15,"Subject_15","1",40,2
"3009",69,100,8,1.2,0,3.3614,1,15,"Subject_15","1",120,1
"3010",70,100,1,2.5,1,1.9027,0,15,"Subject_15","1",250,1
"3011",71,100,60,1.1,0,2.1871,0,15,"Subject_15","1",110,1
"3012",72,100,14,1.05,0,2.1065,0,15,"Subject_15","1",105,1
"3013",73,100,60,1.01,0,1.4626,0,15,"Subject_15","1",101,1
"3014",74,100,30,2,0,1.3548,1,15,"Subject_15","1",200,1
"3015",75,100,30,5,0,2.1716,0,15,"Subject_15","1",500,1
"3016",76,20,60,1.02,0,2.9298,1,15,"Subject_15","1",20.4,2
"3017",77,100,14,4,1,2.0202,1,15,"Subject_15","1",400,1
"3018",78,100,60,2.5,0,1.8421,1,15,"Subject_15","1",250,1
"3019",79,100,3,2,0,5.7597,1,15,"Subject_15","1",200,1
"3020",80,20,60,4,0,1.9435,0,15,"Subject_15","1",80,2
"3021",81,20,5,1.1,0,2.3387,0,15,"Subject_15","1",22,2
"3022",82,20,8,1.02,0,3.9782,1,15,"Subject_15","1",20.4,2
"3023",83,20,3,10,1,2.6316,1,15,"Subject_15","1",200,2
"3024",84,100,14,1.01,0,1.9507,1,15,"Subject_15","1",101,1
"3025",85,20,8,13,1,2.497,1,15,"Subject_15","1",260,2
"3026",86,20,30,1.1,0,1.7507,1,15,"Subject_15","1",22,2
"3027",87,20,5,13,1,2.4237,0,15,"Subject_15","1",260,2
"3028",88,20,14,2,0,1.4465,1,15,"Subject_15","1",40,2
"3029",89,100,30,7,0,3.5433,1,15,"Subject_15","1",700,1
"3030",90,100,1,1.2,0,3.3446,1,15,"Subject_15","1",120,1
"3031",91,20,5,2,0,1.7486,1,15,"Subject_15","1",40,2
"3032",92,100,14,7,1,3.677,0,15,"Subject_15","1",700,1
"3033",93,20,14,1.2,0,2.0131,0,15,"Subject_15","1",24,2
"3034",94,20,5,1.02,0,2.1017,1,15,"Subject_15","1",20.4,2
"3035",95,100,30,4,0,2.6277,0,15,"Subject_15","1",400,1
"3036",96,20,30,1.01,0,2.1446,0,15,"Subject_15","1",20.2,2
"3037",97,20,1,7,1,2.6165,1,15,"Subject_15","1",140,2
"3038",98,20,5,3,1,3.1434,1,15,"Subject_15","1",60,2
"3039",99,100,8,10,1,1.6103,0,15,"Subject_15","1",1000,1
"3040",100,100,30,1.02,0,1.5194,1,15,"Subject_15","1",102,1
"3041",101,20,14,7,0,2.4245,0,15,"Subject_15","1",140,2
"3042",102,20,60,2,0,2.3048,0,15,"Subject_15","1",40,2
"3043",103,20,5,1.2,0,1.4247,0,15,"Subject_15","1",24,2
"3044",104,20,60,1.8,0,1.9621,1,15,"Subject_15","1",36,2
"3045",105,100,30,1.2,0,1.7321,1,15,"Subject_15","1",120,1
"3046",106,100,14,5,1,2.1891,0,15,"Subject_15","1",500,1
"3047",107,100,5,4,1,1.6376,0,15,"Subject_15","1",400,1
"3048",108,20,8,1.5,0,1.2907,0,15,"Subject_15","1",30,2
"3049",109,100,5,5,1,1.8237,1,15,"Subject_15","1",500,1
"3050",110,100,1,1.01,0,1.4804,0,15,"Subject_15","1",101,1
"3051",111,100,3,7,1,2.4346,1,15,"Subject_15","1",700,1
"3052",112,20,5,1.05,0,2.6374,1,15,"Subject_15","1",21,2
"3053",113,100,5,3,1,2.209,1,15,"Subject_15","1",300,1
"3054",114,20,8,2,0,2.4369,1,15,"Subject_15","1",40,2
"3055",115,100,60,4,0,2.2622,0,15,"Subject_15","1",400,1
"3056",116,100,5,2.5,0,4.1809,0,15,"Subject_15","1",250,1
"3057",117,20,8,7,1,3.7273,0,15,"Subject_15","1",140,2
"3058",118,100,60,2,0,3.4581,0,15,"Subject_15","1",200,1
"3059",119,100,5,13,1,2.2563,1,15,"Subject_15","1",1300,1
"3060",120,100,8,1.01,0,8.3501,0,15,"Subject_15","1",101,1
"3061",121,20,5,2.5,0,8.3424,1,15,"Subject_15","1",50,2
"3062",122,100,3,1.8,1,2.0935,1,15,"Subject_15","1",180,1
"3063",123,20,14,3,0,1.4961,0,15,"Subject_15","1",60,2
"3064",124,100,60,5,0,1.6596,1,15,"Subject_15","1",500,1
"3065",125,100,14,2,0,1.8757,0,15,"Subject_15","1",200,1
"3066",126,100,5,1.1,0,1.6773,0,15,"Subject_15","1",110,1
"3067",127,100,14,1.2,0,4.3791,0,15,"Subject_15","1",120,1
"3068",128,20,30,2,0,3.9923,0,15,"Subject_15","1",40,2
"3069",129,20,60,1.1,0,0.8798,0,15,"Subject_15","1",22,2
"3070",130,20,3,1.8,0,3.1932,1,15,"Subject_15","1",36,2
"3071",131,100,3,4,1,1.6066,0,15,"Subject_15","1",400,1
"3072",132,100,14,13,1,1.9124,0,15,"Subject_15","1",1300,1
"3073",133,100,14,1.1,0,4.8294,0,15,"Subject_15","1",110,1
"3074",134,100,14,1.5,0,1.6422,1,15,"Subject_15","1",150,1
"3075",135,20,14,5,1,2.1645,0,15,"Subject_15","1",100,2
"3076",136,100,5,1.5,1,2.7664,1,15,"Subject_15","1",150,1
"3077",137,20,8,2.5,0,1.7887,0,15,"Subject_15","1",50,2
"3078",138,20,60,1.5,0,2.3627,1,15,"Subject_15","1",30,2
"3079",139,100,1,5,1,1.6514,1,15,"Subject_15","1",500,1
"3080",140,100,1,7,1,1.7763,0,15,"Subject_15","1",700,1
"3081",141,100,60,1.8,0,1.6188,0,15,"Subject_15","1",180,1
"3082",142,100,1,1.8,1,1.3444,1,15,"Subject_15","1",180,1
"3083",143,20,1,1.02,0,1.3921,0,15,"Subject_15","1",20.4,2
"3084",144,20,1,1.2,0,2.4491,1,15,"Subject_15","1",24,2
"3085",145,20,3,2.5,1,1.8411,1,15,"Subject_15","1",50,2
"3086",146,100,8,2,1,1.9735,0,15,"Subject_15","1",200,1
"3087",147,20,30,1.5,1,3.3034,0,15,"Subject_15","1",30,2
"3088",148,100,5,10,1,1.4554,0,15,"Subject_15","1",1000,1
"3089",149,20,8,1.1,0,2.1756,0,15,"Subject_15","1",22,2
"3090",150,20,1,13,1,1.5163,0,15,"Subject_15","1",260,2
"3091",151,100,8,1.05,0,6.868,1,15,"Subject_15","1",105,1
"3092",152,100,30,1.5,0,1.272,0,15,"Subject_15","1",150,1
"3093",153,20,3,1.5,0,0.5481,1,15,"Subject_15","1",30,2
"3094",154,20,60,2.5,0,1.1035,1,15,"Subject_15","1",50,2
"3095",155,100,30,10,1,6.9962,1,15,"Subject_15","1",1000,1
"3096",156,20,3,1.05,0,1.7781,1,15,"Subject_15","1",21,2
"3097",157,20,30,1.05,0,1.0733,1,15,"Subject_15","1",21,2
"3098",158,100,60,1.02,0,0.8993,0,15,"Subject_15","1",102,1
"3099",159,100,1,4,0,0.9726,1,15,"Subject_15","1",400,1
"3100",160,20,30,4,0,1.176,1,15,"Subject_15","1",80,2
"3101",161,20,1,3,0,2.5743,1,15,"Subject_15","1",60,2
"3102",162,20,30,5,0,1.4124,0,15,"Subject_15","1",100,2
"3103",163,100,30,2.5,0,1.2034,0,15,"Subject_15","1",250,1
"3104",164,100,1,1.5,0,1.1081,1,15,"Subject_15","1",150,1
"3105",165,100,3,1.05,0,1.7362,1,15,"Subject_15","1",105,1
"3106",166,100,30,13,1,2.4607,1,15,"Subject_15","1",1300,1
"3107",167,20,1,10,1,2.0293,1,15,"Subject_15","1",200,2
"3108",168,100,8,1.1,0,1.7806,1,15,"Subject_15","1",110,1
"3109",169,20,8,4,0,3.9898,1,15,"Subject_15","1",80,2
"3110",170,100,3,5,1,1.8666,0,15,"Subject_15","1",500,1
"3111",171,20,5,5,1,3.7847,0,15,"Subject_15","1",100,2
"3112",172,100,1,13,1,1.9296,0,15,"Subject_15","1",1300,1
"3113",173,100,60,13,1,1.422,0,15,"Subject_15","1",1300,1
"3114",174,20,14,1.02,0,1.0009,0,15,"Subject_15","1",20.4,2
"3115",175,100,3,2.5,1,0.9781,0,15,"Subject_15","1",250,1
"3116",176,20,5,1.8,1,1.8764,1,15,"Subject_15","1",36,2
"3117",177,20,3,1.01,0,0.8586,0,15,"Subject_15","1",20.2,2
"3118",178,20,30,13,1,1.8966,1,15,"Subject_15","1",260,2
"3119",179,20,3,1.02,0,1.4835,1,15,"Subject_15","1",20.4,2
"3120",180,20,60,13,0,1.8561,1,15,"Subject_15","1",260,2
"3121",181,20,3,3,1,2.5104,1,15,"Subject_15","1",60,2
"3122",182,20,30,1.8,1,2.9233,1,15,"Subject_15","1",36,2
"3123",183,100,1,1.1,0,1.1021,0,15,"Subject_15","1",110,1
"3124",184,100,14,3,0,2.8767,1,15,"Subject_15","1",300,1
"3125",185,100,60,1.5,1,1.6262,0,15,"Subject_15","1",150,1
"3126",186,100,3,1.02,0,2.9891,0,15,"Subject_15","1",102,1
"3127",187,100,5,7,1,1.4031,0,15,"Subject_15","1",700,1
"3128",188,100,3,10,1,1.7441,1,15,"Subject_15","1",1000,1
"3129",189,20,60,10,0,3.3895,1,15,"Subject_15","1",200,2
"3130",190,20,8,1.8,0,2.107,0,15,"Subject_15","1",36,2
"3131",191,20,5,1.01,0,0.968,1,15,"Subject_15","1",20.2,2
"3132",192,100,14,1.02,0,1.1387,1,15,"Subject_15","1",102,1
"3133",193,20,1,2.5,1,4.5521,1,15,"Subject_15","1",50,2
"3134",194,20,5,7,1,1.1881,1,15,"Subject_15","1",140,2
"3135",195,20,14,1.8,0,0.9835,0,15,"Subject_15","1",36,2
"3136",196,100,5,1.01,0,1.5781,0,15,"Subject_15","1",101,1
"3137",197,20,8,5,0,1.6212,1,15,"Subject_15","1",100,2
"3138",198,20,30,10,0,1.4775,0,15,"Subject_15","1",200,2
"3139",199,20,8,10,1,1.5119,1,15,"Subject_15","1",200,2
"3140",200,100,60,1.2,0,1.7955,1,15,"Subject_15","1",120,1
"3141",201,100,1,1.02,0,1.4653,1,15,"Subject_15","1",102,1
"3142",202,100,5,1.05,0,1.3888,0,15,"Subject_15","1",105,1
"3143",203,20,1,4,0,2.2314,1,15,"Subject_15","1",80,2
"3144",204,20,8,1.01,0,1.8185,0,15,"Subject_15","1",20.2,2
"3145",205,100,3,1.1,0,1.5408,1,15,"Subject_15","1",110,1
"3146",206,100,1,10,1,1.7226,0,15,"Subject_15","1",1000,1
"3147",207,100,14,10,1,2.6239,1,15,"Subject_15","1",1000,1
"3148",208,20,30,1.02,0,2.3937,1,15,"Subject_15","1",20.4,2
"3149",209,100,60,1.05,0,0.9892,1,15,"Subject_15","1",105,1
"3150",210,20,60,7,0,1.5091,0,15,"Subject_15","1",140,2
"3151",1,100,30,1.02,0,2.4735,0,16,"Subject_16","2",102,1
"3152",2,20,1,1.5,1,3.4015,0,16,"Subject_16","2",30,2
"3153",3,20,3,10,1,2.3088,0,16,"Subject_16","2",200,2
"3154",4,100,3,1.1,1,3.5881,0,16,"Subject_16","2",110,1
"3155",5,20,1,3,1,2.6314,0,16,"Subject_16","2",60,2
"3156",6,20,14,5,1,2.1422,0,16,"Subject_16","2",100,2
"3157",7,20,14,1.02,0,2.1322,1,16,"Subject_16","2",20.4,2
"3158",8,20,8,13,1,2.4171,1,16,"Subject_16","2",260,2
"3159",9,100,60,1.01,0,2.1612,1,16,"Subject_16","2",101,1
"3160",10,100,14,4,1,2.3807,0,16,"Subject_16","2",400,1
"3161",11,100,30,1.01,0,2.4085,1,16,"Subject_16","2",101,1
"3162",12,20,30,2,1,3.2053,0,16,"Subject_16","2",40,2
"3163",13,100,14,1.02,0,2.1114,0,16,"Subject_16","2",102,1
"3164",14,20,60,1.8,0,6.3204,1,16,"Subject_16","2",36,2
"3165",15,20,8,10,1,1.8572,1,16,"Subject_16","2",200,2
"3166",16,20,60,2.5,0,9.3872,1,16,"Subject_16","2",50,2
"3167",17,100,3,1.2,1,1.7237,0,16,"Subject_16","2",120,1
"3168",18,100,1,1.8,1,2.8074,0,16,"Subject_16","2",180,1
"3169",19,20,5,7,1,2.1757,0,16,"Subject_16","2",140,2
"3170",20,20,30,1.02,0,3.3879,0,16,"Subject_16","2",20.4,2
"3171",21,100,1,10,1,1.8315,1,16,"Subject_16","2",1000,1
"3172",22,100,1,2,1,2.1053,0,16,"Subject_16","2",200,1
"3173",23,100,14,10,1,1.7849,1,16,"Subject_16","2",1000,1
"3174",24,20,3,4,1,3.6573,1,16,"Subject_16","2",80,2
"3175",25,100,5,3,1,2.2787,0,16,"Subject_16","2",300,1
"3176",26,20,1,1.05,0,2.1992,1,16,"Subject_16","2",21,2
"3177",27,100,60,1.8,0,2.2625,0,16,"Subject_16","2",180,1
"3178",28,20,60,1.5,0,3.3954,1,16,"Subject_16","2",30,2
"3179",29,20,1,1.1,0,1.7579,1,16,"Subject_16","2",22,2
"3180",30,20,5,2.5,1,2.6924,0,16,"Subject_16","2",50,2
"3181",31,100,60,2.5,1,3.2454,0,16,"Subject_16","2",250,1
"3182",32,20,5,1.1,1,5.4977,1,16,"Subject_16","2",22,2
"3183",33,100,3,3,1,1.5961,0,16,"Subject_16","2",300,1
"3184",34,20,60,5,1,2.283,1,16,"Subject_16","2",100,2
"3185",35,100,8,13,1,2.0276,1,16,"Subject_16","2",1300,1
"3186",36,20,14,1.8,0,3.2976,1,16,"Subject_16","2",36,2
"3187",37,20,60,13,1,1.6689,0,16,"Subject_16","2",260,2
"3188",38,20,5,4,1,1.7208,0,16,"Subject_16","2",80,2
"3189",39,100,3,1.8,1,1.3284,0,16,"Subject_16","2",180,1
"3190",40,20,1,13,1,1.3786,0,16,"Subject_16","2",260,2
"3191",41,100,1,1.5,1,1.3957,1,16,"Subject_16","2",150,1
"3192",42,100,8,2,1,2.1679,1,16,"Subject_16","2",200,1
"3193",43,20,60,1.2,0,4.2151,1,16,"Subject_16","2",24,2
"3194",44,20,60,1.01,0,1.3903,0,16,"Subject_16","2",20.2,2
"3195",45,20,3,5,1,1.4052,1,16,"Subject_16","2",100,2
"3196",46,100,3,2,1,1.4926,1,16,"Subject_16","2",200,1
"3197",47,100,1,3,1,1.3722,1,16,"Subject_16","2",300,1
"3198",48,20,8,1.5,0,2.1952,0,16,"Subject_16","2",30,2
"3199",49,20,60,4,0,1.5699,0,16,"Subject_16","2",80,2
"3200",50,20,60,7,0,2.7962,1,16,"Subject_16","2",140,2
"3201",51,100,60,1.1,0,1.87,0,16,"Subject_16","2",110,1
"3202",52,100,5,1.05,1,1.5805,0,16,"Subject_16","2",105,1
"3203",53,20,1,2,1,1.2311,1,16,"Subject_16","2",40,2
"3204",54,20,1,7,1,2.1432,0,16,"Subject_16","2",140,2
"3205",55,20,30,1.5,0,3.3512,1,16,"Subject_16","2",30,2
"3206",56,20,14,7,1,0.9653,1,16,"Subject_16","2",140,2
"3207",57,20,8,1.02,0,1.3386,0,16,"Subject_16","2",20.4,2
"3208",58,100,1,1.2,1,2.1686,0,16,"Subject_16","2",120,1
"3209",59,20,60,1.1,0,1.7993,1,16,"Subject_16","2",22,2
"3210",60,100,5,1.02,0,2.0034,0,16,"Subject_16","2",102,1
"3211",61,100,5,1.5,0,2.0966,0,16,"Subject_16","2",150,1
"3212",62,20,3,1.5,1,1.2057,1,16,"Subject_16","2",30,2
"3213",63,20,30,1.1,1,2.1872,1,16,"Subject_16","2",22,2
"3214",64,20,14,1.2,0,2.0819,1,16,"Subject_16","2",24,2
"3215",65,100,8,7,1,1.3704,0,16,"Subject_16","2",700,1
"3216",66,20,3,1.01,0,2.1827,0,16,"Subject_16","2",20.2,2
"3217",67,20,3,1.05,1,1.4634,1,16,"Subject_16","2",21,2
"3218",68,20,5,1.05,0,2.0802,1,16,"Subject_16","2",21,2
"3219",69,20,14,4,1,1.5343,1,16,"Subject_16","2",80,2
"3220",70,20,14,2,0,1.89,1,16,"Subject_16","2",40,2
"3221",71,20,3,13,1,1.4472,0,16,"Subject_16","2",260,2
"3222",72,20,60,10,1,2.1767,0,16,"Subject_16","2",200,2
"3223",73,20,3,1.02,1,1.3853,0,16,"Subject_16","2",20.4,2
"3224",74,20,3,1.8,1,1.0408,1,16,"Subject_16","2",36,2
"3225",75,20,30,2.5,1,1.4876,0,16,"Subject_16","2",50,2
"3226",76,100,1,2.5,1,1.1406,0,16,"Subject_16","2",250,1
"3227",77,20,8,1.2,1,1.9981,1,16,"Subject_16","2",24,2
"3228",78,20,60,2,1,1.2815,0,16,"Subject_16","2",40,2
"3229",79,100,60,1.5,0,1.5636,0,16,"Subject_16","2",150,1
"3230",80,100,5,1.2,1,1.3226,1,16,"Subject_16","2",120,1
"3231",81,100,14,2,1,1.4163,1,16,"Subject_16","2",200,1
"3232",82,100,1,1.02,0,1.366,1,16,"Subject_16","2",102,1
"3233",83,20,14,2.5,0,1.6302,1,16,"Subject_16","2",50,2
"3234",84,20,14,1.1,0,3.2353,0,16,"Subject_16","2",22,2
"3235",85,20,30,1.8,0,2.5593,1,16,"Subject_16","2",36,2
"3236",86,100,1,1.05,1,1.5094,1,16,"Subject_16","2",105,1
"3237",87,100,5,13,1,1.105,0,16,"Subject_16","2",1300,1
"3238",88,20,30,1.05,0,3.2946,0,16,"Subject_16","2",21,2
"3239",89,100,30,1.5,0,2.1231,1,16,"Subject_16","2",150,1
"3240",90,20,3,1.2,1,1.6631,1,16,"Subject_16","2",24,2
"3241",91,20,8,1.8,1,1.3449,0,16,"Subject_16","2",36,2
"3242",92,20,30,10,1,1.093,1,16,"Subject_16","2",200,2
"3243",93,100,3,4,1,1.4643,0,16,"Subject_16","2",400,1
"3244",94,20,30,13,1,1.0086,1,16,"Subject_16","2",260,2
"3245",95,100,60,2,1,2.2118,0,16,"Subject_16","2",200,1
"3246",96,20,1,4,1,1.2601,0,16,"Subject_16","2",80,2
"3247",97,100,14,3,1,1.621,1,16,"Subject_16","2",300,1
"3248",98,20,1,1.8,1,2.4012,1,16,"Subject_16","2",36,2
"3249",99,100,60,13,1,1.2234,1,16,"Subject_16","2",1300,1
"3250",100,100,5,1.1,0,1.8217,1,16,"Subject_16","2",110,1
"3251",101,100,8,1.05,0,1.8155,0,16,"Subject_16","2",105,1
"3252",102,20,14,10,0,1.8006,1,16,"Subject_16","2",200,2
"3253",103,20,8,3,0,1.6732,1,16,"Subject_16","2",60,2
"3254",104,20,1,1.01,0,1.503,1,16,"Subject_16","2",20.2,2
"3255",105,100,14,5,1,1.3865,1,16,"Subject_16","2",500,1
"3256",106,20,5,1.2,1,2.5941,0,16,"Subject_16","2",24,2
"3257",107,100,3,10,1,2.5414,0,16,"Subject_16","2",1000,1
"3258",108,100,30,3,1,3.3425,1,16,"Subject_16","2",300,1
"3259",109,100,14,7,1,2.7962,0,16,"Subject_16","2",700,1
"3260",110,20,5,2,1,2.1272,1,16,"Subject_16","2",40,2
"3261",111,100,60,1.2,0,1.6077,0,16,"Subject_16","2",120,1
"3262",112,20,5,1.5,1,1.4615,1,16,"Subject_16","2",30,2
"3263",113,20,3,3,1,0.8911,0,16,"Subject_16","2",60,2
"3264",114,100,60,5,1,1.3337,1,16,"Subject_16","2",500,1
"3265",115,100,3,1.05,0,0.9785,0,16,"Subject_16","2",105,1
"3266",116,20,1,2.5,1,1.0346,1,16,"Subject_16","2",50,2
"3267",117,100,1,4,1,0.9072,1,16,"Subject_16","2",400,1
"3268",118,100,3,5,1,0.7614,0,16,"Subject_16","2",500,1
"3269",119,20,60,1.02,0,0.8609,1,16,"Subject_16","2",20.4,2
"3270",120,100,30,7,1,0.7555,0,16,"Subject_16","2",700,1
"3271",121,100,30,1.05,0,0.9282,1,16,"Subject_16","2",105,1
"3272",122,100,30,2,1,0.8913,1,16,"Subject_16","2",200,1
"3273",123,100,5,10,1,0.6645,0,16,"Subject_16","2",1000,1
"3274",124,100,60,1.02,0,0.9084,1,16,"Subject_16","2",102,1
"3275",125,20,8,4,1,1.0485,1,16,"Subject_16","2",80,2
"3276",126,100,14,1.1,0,1.7393,1,16,"Subject_16","2",110,1
"3277",127,20,14,1.05,0,1.5875,0,16,"Subject_16","2",21,2
"3278",128,100,3,1.02,0,1.2915,0,16,"Subject_16","2",102,1
"3279",129,100,3,1.01,0,1.3834,1,16,"Subject_16","2",101,1
"3280",130,100,30,10,1,1.7224,1,16,"Subject_16","2",1000,1
"3281",131,100,14,1.5,1,1.1081,1,16,"Subject_16","2",150,1
"3282",132,20,60,3,1,2.5196,0,16,"Subject_16","2",60,2
"3283",133,100,14,1.8,1,1.0772,1,16,"Subject_16","2",180,1
"3284",134,100,14,1.2,1,1.1806,1,16,"Subject_16","2",120,1
"3285",135,100,8,1.02,0,1.1414,1,16,"Subject_16","2",102,1
"3286",136,100,5,5,1,1.1735,0,16,"Subject_16","2",500,1
"3287",137,20,8,5,1,0.7436,1,16,"Subject_16","2",100,2
"3288",138,100,30,4,1,0.9762,1,16,"Subject_16","2",400,1
"3289",139,100,8,10,1,0.605,0,16,"Subject_16","2",1000,1
"3290",140,100,14,1.05,0,0.9569,1,16,"Subject_16","2",105,1
"3291",141,100,8,1.8,0,1.4782,1,16,"Subject_16","2",180,1
"3292",142,100,1,13,1,0.9767,1,16,"Subject_16","2",1300,1
"3293",143,100,30,1.1,1,1.2879,1,16,"Subject_16","2",110,1
"3294",144,100,5,1.01,0,1.0893,1,16,"Subject_16","2",101,1
"3295",145,100,5,2.5,1,1.3396,1,16,"Subject_16","2",250,1
"3296",146,20,5,3,1,1.4444,0,16,"Subject_16","2",60,2
"3297",147,20,1,10,1,0.6687,0,16,"Subject_16","2",200,2
"3298",148,100,8,1.5,0,1.2093,0,16,"Subject_16","2",150,1
"3299",149,100,3,13,1,0.6841,0,16,"Subject_16","2",1300,1
"3300",150,100,30,1.8,0,1.0493,1,16,"Subject_16","2",180,1
"3301",151,100,8,1.01,0,0.6782,0,16,"Subject_16","2",101,1
"3302",152,100,60,4,1,1.0848,1,16,"Subject_16","2",400,1
"3303",153,20,14,1.5,1,1.4381,1,16,"Subject_16","2",30,2
"3304",154,20,30,1.01,1,1.5072,0,16,"Subject_16","2",20.2,2
"3305",155,20,30,4,1,0.8644,0,16,"Subject_16","2",80,2
"3306",156,100,30,13,1,0.7776,0,16,"Subject_16","2",1300,1
"3307",157,20,60,1.05,0,0.9849,1,16,"Subject_16","2",21,2
"3308",158,100,5,1.8,1,1.0261,1,16,"Subject_16","2",180,1
"3309",159,100,3,1.5,1,1.0193,1,16,"Subject_16","2",150,1
"3310",160,100,8,5,1,1.104,1,16,"Subject_16","2",500,1
"3311",161,20,8,1.05,1,1.5976,1,16,"Subject_16","2",21,2
"3312",162,100,8,2.5,1,0.7498,0,16,"Subject_16","2",250,1
"3313",163,20,1,5,1,1.2384,0,16,"Subject_16","2",100,2
"3314",164,100,60,10,1,0.6921,0,16,"Subject_16","2",1000,1
"3315",165,100,60,1.05,0,2.2418,1,16,"Subject_16","2",105,1
"3316",166,100,14,13,1,1.0655,1,16,"Subject_16","2",1300,1
"3317",167,20,30,7,1,0.9542,1,16,"Subject_16","2",140,2
"3318",168,20,5,1.01,0,1.9427,1,16,"Subject_16","2",20.2,2
"3319",169,100,30,5,1,2.4285,1,16,"Subject_16","2",500,1
"3320",170,20,14,13,1,2.1259,0,16,"Subject_16","2",260,2
"3321",171,100,3,7,1,1.3627,0,16,"Subject_16","2",700,1
"3322",172,100,14,2.5,1,0.9295,1,16,"Subject_16","2",250,1
"3323",173,20,8,1.1,0,2.9662,1,16,"Subject_16","2",22,2
"3324",174,20,8,1.01,0,1.3793,0,16,"Subject_16","2",20.2,2
"3325",175,20,5,5,1,1.1586,0,16,"Subject_16","2",100,2
"3326",176,100,3,2.5,1,1.4428,0,16,"Subject_16","2",250,1
"3327",177,20,30,1.2,1,1.6899,0,16,"Subject_16","2",24,2
"3328",178,20,8,7,1,1.2944,0,16,"Subject_16","2",140,2
"3329",179,20,30,5,1,1.1514,1,16,"Subject_16","2",100,2
"3330",180,100,8,1.1,0,1.4461,1,16,"Subject_16","2",110,1
"3331",181,20,5,1.02,1,1.3331,1,16,"Subject_16","2",20.4,2
"3332",182,20,8,2.5,1,0.7907,0,16,"Subject_16","2",50,2
"3333",183,20,5,13,1,0.7206,1,16,"Subject_16","2",260,2
"3334",184,100,5,7,1,0.8766,1,16,"Subject_16","2",700,1
"3335",185,20,14,3,1,0.8922,0,16,"Subject_16","2",60,2
"3336",186,100,1,1.01,0,1.0681,1,16,"Subject_16","2",101,1
"3337",187,20,3,1.1,0,1.001,1,16,"Subject_16","2",22,2
"3338",188,20,8,2,1,1.1405,0,16,"Subject_16","2",40,2
"3339",189,100,5,2,1,1.0559,1,16,"Subject_16","2",200,1
"3340",190,100,8,3,1,1.0634,1,16,"Subject_16","2",300,1
"3341",191,100,14,1.01,0,1.0297,1,16,"Subject_16","2",101,1
"3342",192,20,1,1.2,1,1.535,0,16,"Subject_16","2",24,2
"3343",193,100,60,3,1,1.3145,1,16,"Subject_16","2",300,1
"3344",194,20,3,7,1,1.6988,0,16,"Subject_16","2",140,2
"3345",195,100,30,2.5,1,1.1612,1,16,"Subject_16","2",250,1
"3346",196,100,1,7,1,0.5915,0,16,"Subject_16","2",700,1
"3347",197,20,14,1.01,0,0.7753,1,16,"Subject_16","2",20.2,2
"3348",198,100,60,7,1,1.0653,1,16,"Subject_16","2",700,1
"3349",199,100,8,1.2,1,0.7526,1,16,"Subject_16","2",120,1
"3350",200,20,3,2.5,0,0.8712,1,16,"Subject_16","2",50,2
"3351",201,100,1,1.1,0,0.9694,1,16,"Subject_16","2",110,1
"3352",202,20,5,1.8,1,1.7659,0,16,"Subject_16","2",36,2
"3353",203,100,1,5,1,1.0746,1,16,"Subject_16","2",500,1
"3354",204,20,30,3,1,1.7779,0,16,"Subject_16","2",60,2
"3355",205,20,3,2,1,2.6519,0,16,"Subject_16","2",40,2
"3356",206,20,5,10,1,0.8581,0,16,"Subject_16","2",200,2
"3357",207,100,30,1.2,1,0.4801,0,16,"Subject_16","2",120,1
"3358",208,100,5,4,1,0.6747,1,16,"Subject_16","2",400,1
"3359",209,100,8,4,1,0.9853,0,16,"Subject_16","2",400,1
"3360",210,20,1,1.02,0,1.2133,0,16,"Subject_16","2",20.4,2
"3361",1,20,5,7,1,3.1887,0,17,"Subject_17","2",140,2
"3362",2,100,30,7,1,3.5445,0,17,"Subject_17","2",700,1
"3363",3,100,14,13,1,2.0985,1,17,"Subject_17","2",1300,1
"3364",4,100,5,1.5,1,1.4404,0,17,"Subject_17","2",150,1
"3365",5,20,30,5,1,3.108,0,17,"Subject_17","2",100,2
"3366",6,20,8,1.1,0,2.4417,1,17,"Subject_17","2",22,2
"3367",7,100,30,1.8,1,2.3019,1,17,"Subject_17","2",180,1
"3368",8,20,8,4,1,1.6431,1,17,"Subject_17","2",80,2
"3369",9,20,1,3,1,1.8675,0,17,"Subject_17","2",60,2
"3370",10,20,1,2,1,1.1997,0,17,"Subject_17","2",40,2
"3371",11,20,14,1.01,0,1.8829,0,17,"Subject_17","2",20.2,2
"3372",12,100,8,1.05,0,2.4792,1,17,"Subject_17","2",105,1
"3373",13,100,60,7,1,1.9027,0,17,"Subject_17","2",700,1
"3374",14,20,3,4,1,1.4344,0,17,"Subject_17","2",80,2
"3375",15,100,3,2.5,1,1.9861,0,17,"Subject_17","2",250,1
"3376",16,20,3,2,1,1.9075,0,17,"Subject_17","2",40,2
"3377",17,20,14,2.5,1,1.3232,1,17,"Subject_17","2",50,2
"3378",18,20,60,1.01,0,1.3966,0,17,"Subject_17","2",20.2,2
"3379",19,20,60,1.2,0,1.6443,1,17,"Subject_17","2",24,2
"3380",20,20,1,1.8,1,1.1886,0,17,"Subject_17","2",36,2
"3381",21,100,1,1.8,1,1.2373,0,17,"Subject_17","2",180,1
"3382",22,20,3,1.1,1,1.2988,0,17,"Subject_17","2",22,2
"3383",23,20,60,2.5,1,1.1905,1,17,"Subject_17","2",50,2
"3384",24,100,60,10,1,1.5305,0,17,"Subject_17","2",1000,1
"3385",25,100,60,13,1,1.1694,1,17,"Subject_17","2",1300,1
"3386",26,100,30,4,1,1.1569,1,17,"Subject_17","2",400,1
"3387",27,100,5,13,1,1.0958,1,17,"Subject_17","2",1300,1
"3388",28,20,14,10,1,1.0798,1,17,"Subject_17","2",200,2
"3389",29,100,60,4,1,1.0921,1,17,"Subject_17","2",400,1
"3390",30,100,5,1.01,1,1.6923,1,17,"Subject_17","2",101,1
"3391",31,100,14,1.8,1,1.0886,1,17,"Subject_17","2",180,1
"3392",32,20,8,5,1,1.1447,0,17,"Subject_17","2",100,2
"3393",33,100,3,10,1,1.1155,0,17,"Subject_17","2",1000,1
"3394",34,20,60,2,1,1.0883,1,17,"Subject_17","2",40,2
"3395",35,20,8,10,1,1.1305,0,17,"Subject_17","2",200,2
"3396",36,20,60,3,1,1.248,0,17,"Subject_17","2",60,2
"3397",37,100,14,1.2,1,1.2333,1,17,"Subject_17","2",120,1
"3398",38,100,3,1.1,1,1.1855,1,17,"Subject_17","2",110,1
"3399",39,100,3,1.2,1,1.2829,0,17,"Subject_17","2",120,1
"3400",40,100,1,10,1,0.8824,0,17,"Subject_17","2",1000,1
"3401",41,20,60,5,1,1.1371,0,17,"Subject_17","2",100,2
"3402",42,100,1,5,1,1.2452,0,17,"Subject_17","2",500,1
"3403",43,100,5,3,1,0.9128,0,17,"Subject_17","2",300,1
"3404",44,100,30,1.2,1,0.9015,1,17,"Subject_17","2",120,1
"3405",45,100,30,1.05,1,1.2241,0,17,"Subject_17","2",105,1
"3406",46,100,60,1.5,1,0.9102,0,17,"Subject_17","2",150,1
"3407",47,100,5,2,1,1.1223,0,17,"Subject_17","2",200,1
"3408",48,100,60,1.2,1,1.073,0,17,"Subject_17","2",120,1
"3409",49,100,1,1.1,1,1.0805,1,17,"Subject_17","2",110,1
"3410",50,100,30,3,1,0.8979,1,17,"Subject_17","2",300,1
"3411",51,100,14,5,1,1.1046,0,17,"Subject_17","2",500,1
"3412",52,20,1,4,1,1.0709,1,17,"Subject_17","2",80,2
"3413",53,100,8,2.5,1,0.8469,0,17,"Subject_17","2",250,1
"3414",54,100,8,1.02,1,1.4948,0,17,"Subject_17","2",102,1
"3415",55,100,8,10,1,1.0053,1,17,"Subject_17","2",1000,1
"3416",56,20,3,1.5,1,1.528,0,17,"Subject_17","2",30,2
"3417",57,100,1,13,1,1.0749,1,17,"Subject_17","2",1300,1
"3418",58,100,60,1.02,0,1.4703,0,17,"Subject_17","2",102,1
"3419",59,100,14,1.5,1,1.1506,0,17,"Subject_17","2",150,1
"3420",60,20,30,1.1,1,1.5377,1,17,"Subject_17","2",22,2
"3421",61,100,1,1.01,1,1.5273,1,17,"Subject_17","2",101,1
"3422",62,20,5,10,1,1.1396,0,17,"Subject_17","2",200,2
"3423",63,100,3,1.01,1,1.569,0,17,"Subject_17","2",101,1
"3424",64,20,5,1.5,1,1.1065,1,17,"Subject_17","2",30,2
"3425",65,20,30,4,1,1.122,0,17,"Subject_17","2",80,2
"3426",66,100,60,1.01,0,1.2248,1,17,"Subject_17","2",101,1
"3427",67,100,5,4,1,0.9976,1,17,"Subject_17","2",400,1
"3428",68,20,8,3,1,1.1688,1,17,"Subject_17","2",60,2
"3429",69,20,5,5,1,1.1728,1,17,"Subject_17","2",100,2
"3430",70,100,1,1.05,1,1.3136,0,17,"Subject_17","2",105,1
"3431",71,20,5,1.1,1,0.9906,1,17,"Subject_17","2",22,2
"3432",72,20,3,7,1,1.1801,1,17,"Subject_17","2",140,2
"3433",73,20,8,1.5,1,1.1667,1,17,"Subject_17","2",30,2
"3434",74,100,30,1.01,0,1.5423,1,17,"Subject_17","2",101,1
"3435",75,100,3,1.8,1,1.1944,1,17,"Subject_17","2",180,1
"3436",76,100,5,10,1,1.1532,0,17,"Subject_17","2",1000,1
"3437",77,100,30,5,1,1.0681,0,17,"Subject_17","2",500,1
"3438",78,100,60,5,1,0.7661,1,17,"Subject_17","2",500,1
"3439",79,100,8,13,1,0.7708,0,17,"Subject_17","2",1300,1
"3440",80,100,5,2.5,1,0.7489,1,17,"Subject_17","2",250,1
"3441",81,20,14,1.2,1,0.8522,0,17,"Subject_17","2",24,2
"3442",82,20,14,4,1,0.7729,1,17,"Subject_17","2",80,2
"3443",83,20,8,1.2,1,1.1113,0,17,"Subject_17","2",24,2
"3444",84,100,1,4,1,0.9733,1,17,"Subject_17","2",400,1
"3445",85,20,5,1.2,1,0.8795,0,17,"Subject_17","2",24,2
"3446",86,20,1,10,1,1.0208,0,17,"Subject_17","2",200,2
"3447",87,20,8,2,1,0.7042,1,17,"Subject_17","2",40,2
"3448",88,20,30,1.5,1,0.8334,1,17,"Subject_17","2",30,2
"3449",89,20,14,7,0,0.8894,0,17,"Subject_17","2",140,2
"3450",90,100,30,13,1,0.9187,0,17,"Subject_17","2",1300,1
"3451",91,20,30,1.05,1,0.9969,0,17,"Subject_17","2",21,2
"3452",92,20,8,13,1,0.7568,1,17,"Subject_17","2",260,2
"3453",93,20,1,1.2,1,0.8228,1,17,"Subject_17","2",24,2
"3454",94,20,60,1.8,1,0.704,1,17,"Subject_17","2",36,2
"3455",95,100,8,7,1,0.9815,1,17,"Subject_17","2",700,1
"3456",96,20,14,1.05,1,0.7901,1,17,"Subject_17","2",21,2
"3457",97,100,14,10,1,0.8755,1,17,"Subject_17","2",1000,1
"3458",98,100,8,4,1,1.1122,0,17,"Subject_17","2",400,1
"3459",99,100,14,3,1,0.8555,0,17,"Subject_17","2",300,1
"3460",100,100,8,1.2,1,0.9375,1,17,"Subject_17","2",120,1
"3461",101,100,5,1.2,1,0.9503,1,17,"Subject_17","2",120,1
"3462",102,20,1,5,1,0.8257,1,17,"Subject_17","2",100,2
"3463",103,20,30,1.2,1,0.9557,0,17,"Subject_17","2",24,2
"3464",104,20,5,2.5,1,1.1126,1,17,"Subject_17","2",50,2
"3465",105,20,14,3,1,1.152,0,17,"Subject_17","2",60,2
"3466",106,100,14,1.05,1,0.8816,1,17,"Subject_17","2",105,1
"3467",107,20,1,13,1,0.8561,1,17,"Subject_17","2",260,2
"3468",108,20,8,1.01,0,1.019,1,17,"Subject_17","2",20.2,2
"3469",109,20,14,1.1,1,1.0288,0,17,"Subject_17","2",22,2
"3470",110,100,3,7,1,0.7377,1,17,"Subject_17","2",700,1
"3471",111,100,1,1.2,1,0.8547,0,17,"Subject_17","2",120,1
"3472",112,20,5,1.02,0,1.0628,1,17,"Subject_17","2",20.4,2
"3473",113,100,1,7,1,0.7589,0,17,"Subject_17","2",700,1
"3474",114,20,3,1.2,1,0.9263,0,17,"Subject_17","2",24,2
"3475",115,20,30,13,1,0.9848,0,17,"Subject_17","2",260,2
"3476",116,20,30,3,1,0.8142,1,17,"Subject_17","2",60,2
"3477",117,20,3,1.8,1,0.8804,1,17,"Subject_17","2",36,2
"3478",118,20,60,4,1,0.8883,0,17,"Subject_17","2",80,2
"3479",119,20,5,1.01,0,0.7896,1,17,"Subject_17","2",20.2,2
"3480",120,100,1,1.02,1,0.6617,0,17,"Subject_17","2",102,1
"3481",121,100,3,5,1,0.6196,0,17,"Subject_17","2",500,1
"3482",122,20,8,2.5,1,0.852,1,17,"Subject_17","2",50,2
"3483",123,100,8,2,0,0.6662,0,17,"Subject_17","2",200,1
"3484",124,20,3,1.01,0,0.8535,1,17,"Subject_17","2",20.2,2
"3485",125,100,3,1.5,1,0.7773,1,17,"Subject_17","2",150,1
"3486",126,20,5,1.8,1,0.7946,0,17,"Subject_17","2",36,2
"3487",127,20,14,2,1,0.7611,0,17,"Subject_17","2",40,2
"3488",128,100,60,2.5,1,0.6772,1,17,"Subject_17","2",250,1
"3489",129,20,14,1.02,1,0.7844,1,17,"Subject_17","2",20.4,2
"3490",130,100,30,1.02,1,0.939,1,17,"Subject_17","2",102,1
"3491",131,100,5,1.05,1,0.759,0,17,"Subject_17","2",105,1
"3492",132,20,60,1.05,1,1.1302,1,17,"Subject_17","2",21,2
"3493",133,100,60,1.05,1,0.837,0,17,"Subject_17","2",105,1
"3494",134,20,30,2,1,1.0598,0,17,"Subject_17","2",40,2
"3495",135,20,14,5,1,0.8146,0,17,"Subject_17","2",100,2
"3496",136,20,5,4,1,1.0065,1,17,"Subject_17","2",80,2
"3497",137,20,3,3,1,1.0793,1,17,"Subject_17","2",60,2
"3498",138,20,3,2.5,1,0.8785,0,17,"Subject_17","2",50,2
"3499",139,100,3,3,1,1.1764,0,17,"Subject_17","2",300,1
"3500",140,100,8,1.1,1,0.7379,1,17,"Subject_17","2",110,1
"3501",141,20,3,10,1,0.9638,0,17,"Subject_17","2",200,2
"3502",142,20,1,7,1,0.8733,0,17,"Subject_17","2",140,2
"3503",143,20,5,3,1,0.8044,1,17,"Subject_17","2",60,2
"3504",144,20,60,1.5,1,0.7851,0,17,"Subject_17","2",30,2
"3505",145,100,8,5,1,0.8525,0,17,"Subject_17","2",500,1
"3506",146,20,14,1.8,1,0.8291,1,17,"Subject_17","2",36,2
"3507",147,20,30,1.01,0,1.0837,1,17,"Subject_17","2",20.2,2
"3508",148,100,8,3,1,0.9324,1,17,"Subject_17","2",300,1
"3509",149,100,60,1.1,1,1.1057,1,17,"Subject_17","2",110,1
"3510",150,100,5,5,1,0.9157,0,17,"Subject_17","2",500,1
"3511",151,100,30,2.5,1,0.7777,1,17,"Subject_17","2",250,1
"3512",152,20,30,1.02,0,1.2225,0,17,"Subject_17","2",20.4,2
"3513",153,100,3,1.02,1,0.7512,1,17,"Subject_17","2",102,1
"3514",154,20,3,5,1,0.9927,0,17,"Subject_17","2",100,2
"3515",155,100,14,2,1,0.7802,0,17,"Subject_17","2",200,1
"3516",156,100,14,4,1,0.7529,1,17,"Subject_17","2",400,1
"3517",157,20,60,1.1,1,0.8679,0,17,"Subject_17","2",22,2
"3518",158,20,8,1.8,1,1.3105,0,17,"Subject_17","2",36,2
"3519",159,100,5,1.02,1,1.3187,1,17,"Subject_17","2",102,1
"3520",160,20,3,13,1,1.0709,0,17,"Subject_17","2",260,2
"3521",161,100,60,2,1,0.9565,0,17,"Subject_17","2",200,1
"3522",162,100,14,2.5,1,1.1438,1,17,"Subject_17","2",250,1
"3523",163,100,8,1.5,1,0.9494,0,17,"Subject_17","2",150,1
"3524",164,100,1,2.5,1,0.8061,1,17,"Subject_17","2",250,1
"3525",165,20,1,1.05,1,1.0287,1,17,"Subject_17","2",21,2
"3526",166,100,8,1.8,1,0.6682,1,17,"Subject_17","2",180,1
"3527",167,100,30,10,1,0.7607,1,17,"Subject_17","2",1000,1
"3528",168,20,60,1.02,0,1.084,1,17,"Subject_17","2",20.4,2
"3529",169,20,3,1.05,1,0.9605,1,17,"Subject_17","2",21,2
"3530",170,20,30,1.8,1,0.8058,0,17,"Subject_17","2",36,2
"3531",171,100,30,1.1,1,1.1698,0,17,"Subject_17","2",110,1
"3532",172,100,8,1.01,1,0.9152,1,17,"Subject_17","2",101,1
"3533",173,20,1,1.5,1,0.7945,0,17,"Subject_17","2",30,2
"3534",174,100,5,7,1,0.7887,1,17,"Subject_17","2",700,1
"3535",175,100,14,1.1,1,0.8164,1,17,"Subject_17","2",110,1
"3536",176,100,3,13,1,0.9504,1,17,"Subject_17","2",1300,1
"3537",177,100,60,1.8,1,1.0833,0,17,"Subject_17","2",180,1
"3538",178,20,5,2,1,0.746,1,17,"Subject_17","2",40,2
"3539",179,100,3,2,1,0.8533,1,17,"Subject_17","2",200,1
"3540",180,20,30,7,1,0.9285,1,17,"Subject_17","2",140,2
"3541",181,20,1,2.5,1,0.889,1,17,"Subject_17","2",50,2
"3542",182,20,1,1.01,0,0.9072,1,17,"Subject_17","2",20.2,2
"3543",183,20,8,1.05,1,1.0152,0,17,"Subject_17","2",21,2
"3544",184,100,30,2,1,0.8036,0,17,"Subject_17","2",200,1
"3545",185,100,14,1.02,1,0.8826,0,17,"Subject_17","2",102,1
"3546",186,20,60,7,1,0.8548,0,17,"Subject_17","2",140,2
"3547",187,100,1,1.5,1,0.6993,1,17,"Subject_17","2",150,1
"3548",188,100,5,1.8,1,0.6673,1,17,"Subject_17","2",180,1
"3549",189,20,14,1.5,1,0.7039,1,17,"Subject_17","2",30,2
"3550",190,100,14,7,1,0.9933,1,17,"Subject_17","2",700,1
"3551",191,20,30,10,1,0.9078,1,17,"Subject_17","2",200,2
"3552",192,100,30,1.5,1,1.0924,0,17,"Subject_17","2",150,1
"3553",193,20,8,1.02,0,0.9858,1,17,"Subject_17","2",20.4,2
"3554",194,20,1,1.02,0,1.2193,0,17,"Subject_17","2",20.4,2
"3555",195,20,5,1.05,1,1.091,1,17,"Subject_17","2",21,2
"3556",196,100,1,2,1,0.9117,0,17,"Subject_17","2",200,1
"3557",197,100,3,1.05,1,0.9095,1,17,"Subject_17","2",105,1
"3558",198,100,1,3,1,1.0303,1,17,"Subject_17","2",300,1
"3559",199,100,5,1.1,1,1.1975,0,17,"Subject_17","2",110,1
"3560",200,20,60,10,1,0.9191,1,17,"Subject_17","2",200,2
"3561",201,20,60,13,1,1.0324,0,17,"Subject_17","2",260,2
"3562",202,20,5,13,1,0.8231,1,17,"Subject_17","2",260,2
"3563",203,20,8,7,1,0.9373,0,17,"Subject_17","2",140,2
"3564",204,20,1,1.1,1,1.1078,0,17,"Subject_17","2",22,2
"3565",205,20,14,13,1,0.7693,1,17,"Subject_17","2",260,2
"3566",206,100,3,4,1,0.7019,1,17,"Subject_17","2",400,1
"3567",207,100,60,3,1,0.8932,0,17,"Subject_17","2",300,1
"3568",208,20,30,2.5,1,0.8738,1,17,"Subject_17","2",50,2
"3569",209,100,14,1.01,0,0.7256,1,17,"Subject_17","2",101,1
"3570",210,20,3,1.02,1,0.9536,1,17,"Subject_17","2",20.4,2
"3571",1,100,1,1.02,0,3.9727,0,18,"Subject_18","2",102,1
"3572",2,100,30,1.01,0,3.1244,1,18,"Subject_18","2",101,1
"3573",3,100,8,1.1,0,4.2712,1,18,"Subject_18","2",110,1
"3574",4,100,14,1.2,0,5.3462,0,18,"Subject_18","2",120,1
"3575",5,20,3,1.5,1,4.6655,1,18,"Subject_18","2",30,2
"3576",6,100,60,1.1,0,2.7378,0,18,"Subject_18","2",110,1
"3577",7,100,8,7,1,3.3782,0,18,"Subject_18","2",700,1
"3578",8,20,14,1.1,0,2.5337,0,18,"Subject_18","2",22,2
"3579",9,100,60,13,1,4.4173,1,18,"Subject_18","2",1300,1
"3580",10,100,5,4,1,2.9288,1,18,"Subject_18","2",400,1
"3581",11,20,5,4,1,3.6932,0,18,"Subject_18","2",80,2
"3582",12,20,3,1.02,0,1.8356,0,18,"Subject_18","2",20.4,2
"3583",13,20,8,7,1,2.2383,1,18,"Subject_18","2",140,2
"3584",14,20,30,1.1,0,2.727,1,18,"Subject_18","2",22,2
"3585",15,20,5,10,1,2.1954,1,18,"Subject_18","2",200,2
"3586",16,100,1,1.5,1,3.0516,0,18,"Subject_18","2",150,1
"3587",17,20,3,1.01,0,1.6623,0,18,"Subject_18","2",20.2,2
"3588",18,20,60,1.5,0,2.7134,0,18,"Subject_18","2",30,2
"3589",19,20,3,1.1,0,2.0884,0,18,"Subject_18","2",22,2
"3590",20,20,1,1.01,0,2.1073,1,18,"Subject_18","2",20.2,2
"3591",21,100,3,4,1,2.1086,0,18,"Subject_18","2",400,1
"3592",22,20,30,1.2,0,2.3318,1,18,"Subject_18","2",24,2
"3593",23,20,60,2,0,2.7272,0,18,"Subject_18","2",40,2
"3594",24,20,60,13,1,4.7488,0,18,"Subject_18","2",260,2
"3595",25,20,14,10,1,1.9965,0,18,"Subject_18","2",200,2
"3596",26,20,14,2.5,1,3.6793,1,18,"Subject_18","2",50,2
"3597",27,20,30,1.01,0,1.1994,0,18,"Subject_18","2",20.2,2
"3598",28,100,8,2,1,1.9823,1,18,"Subject_18","2",200,1
"3599",29,100,8,10,1,1.5576,0,18,"Subject_18","2",1000,1
"3600",30,20,3,13,1,1.6295,0,18,"Subject_18","2",260,2
"3601",31,100,14,1.05,0,1.3567,0,18,"Subject_18","2",105,1
"3602",32,100,1,10,1,2.0738,1,18,"Subject_18","2",1000,1
"3603",33,20,3,1.05,0,2.5212,1,18,"Subject_18","2",21,2
"3604",34,100,1,1.8,1,1.9272,1,18,"Subject_18","2",180,1
"3605",35,20,5,13,1,1.5878,0,18,"Subject_18","2",260,2
"3606",36,100,5,3,1,1.8488,1,18,"Subject_18","2",300,1
"3607",37,100,60,2.5,1,4.2769,1,18,"Subject_18","2",250,1
"3608",38,20,30,5,1,5.3155,1,18,"Subject_18","2",100,2
"3609",39,100,1,1.05,0,1.3667,0,18,"Subject_18","2",105,1
"3610",40,100,5,1.8,1,1.3171,0,18,"Subject_18","2",180,1
"3611",41,100,8,13,1,1.2174,0,18,"Subject_18","2",1300,1
"3612",42,20,8,1.05,0,1.0863,1,18,"Subject_18","2",21,2
"3613",43,20,8,2.5,1,2.6514,1,18,"Subject_18","2",50,2
"3614",44,100,60,7,1,2.3235,0,18,"Subject_18","2",700,1
"3615",45,20,30,1.8,0,1.7364,0,18,"Subject_18","2",36,2
"3616",46,100,3,1.05,0,2.0848,0,18,"Subject_18","2",105,1
"3617",47,20,5,3,1,1.4934,0,18,"Subject_18","2",60,2
"3618",48,100,1,3,1,1.4344,1,18,"Subject_18","2",300,1
"3619",49,20,60,10,1,1.8809,1,18,"Subject_18","2",200,2
"3620",50,20,60,3,0,4.3722,1,18,"Subject_18","2",60,2
"3621",51,20,14,1.05,0,1.2089,0,18,"Subject_18","2",21,2
"3622",52,20,3,3,1,2.3305,0,18,"Subject_18","2",60,2
"3623",53,20,30,13,1,3.0109,0,18,"Subject_18","2",260,2
"3624",54,20,1,2.5,1,2.1968,1,18,"Subject_18","2",50,2
"3625",55,100,3,1.2,1,1.8694,1,18,"Subject_18","2",120,1
"3626",56,100,14,1.1,0,1.8113,0,18,"Subject_18","2",110,1
"3627",57,100,60,3,1,3.1347,1,18,"Subject_18","2",300,1
"3628",58,20,14,3,0,2.0508,1,18,"Subject_18","2",60,2
"3629",59,20,60,5,0,4.3841,0,18,"Subject_18","2",100,2
"3630",60,100,14,1.8,0,4.6911,1,18,"Subject_18","2",180,1
"3631",61,20,60,2.5,0,2.636,1,18,"Subject_18","2",50,2
"3632",62,20,30,4,1,4.7741,0,18,"Subject_18","2",80,2
"3633",63,100,8,5,1,4.0338,1,18,"Subject_18","2",500,1
"3634",64,100,30,3,1,2.3076,1,18,"Subject_18","2",300,1
"3635",65,100,5,1.02,0,1.7144,1,18,"Subject_18","2",102,1
"3636",66,100,8,1.01,0,2.2297,1,18,"Subject_18","2",101,1
"3637",67,20,1,4,1,1.966,1,18,"Subject_18","2",80,2
"3638",68,20,1,1.8,1,2.0979,0,18,"Subject_18","2",36,2
"3639",69,100,3,5,1,1.8901,0,18,"Subject_18","2",500,1
"3640",70,100,3,7,1,1.4301,1,18,"Subject_18","2",700,1
"3641",71,100,14,1.5,1,4.7917,1,18,"Subject_18","2",150,1
"3642",72,20,30,2,0,2.6055,1,18,"Subject_18","2",40,2
"3643",73,20,1,3,1,3.0371,0,18,"Subject_18","2",60,2
"3644",74,100,30,1.02,0,1.3638,1,18,"Subject_18","2",102,1
"3645",75,100,1,1.1,1,2.1742,1,18,"Subject_18","2",110,1
"3646",76,20,14,7,1,2.5451,1,18,"Subject_18","2",140,2
"3647",77,20,14,1.02,0,1.9867,0,18,"Subject_18","2",20.4,2
"3648",78,20,30,1.02,0,1.3626,1,18,"Subject_18","2",20.4,2
"3649",79,100,1,2.5,1,1.6301,0,18,"Subject_18","2",250,1
"3650",80,20,30,3,0,2.75,0,18,"Subject_18","2",60,2
"3651",81,20,14,2,0,3.7325,0,18,"Subject_18","2",40,2
"3652",82,20,1,5,1,1.9973,1,18,"Subject_18","2",100,2
"3653",83,100,8,2.5,1,1.5459,0,18,"Subject_18","2",250,1
"3654",84,20,8,1.5,0,3.3671,1,18,"Subject_18","2",30,2
"3655",85,20,5,1.1,0,1.8339,0,18,"Subject_18","2",22,2
"3656",86,100,1,2,1,2.3212,0,18,"Subject_18","2",200,1
"3657",87,20,60,4,0,1.9594,0,18,"Subject_18","2",80,2
"3658",88,20,30,10,1,2.514,0,18,"Subject_18","2",200,2
"3659",89,100,14,5,1,1.89,1,18,"Subject_18","2",500,1
"3660",90,100,14,13,1,1.5805,0,18,"Subject_18","2",1300,1
"3661",91,100,5,2,1,1.8296,0,18,"Subject_18","2",200,1
"3662",92,20,60,1.05,0,1.4945,0,18,"Subject_18","2",21,2
"3663",93,20,5,1.8,1,2.7208,1,18,"Subject_18","2",36,2
"3664",94,20,60,1.2,0,2.5031,1,18,"Subject_18","2",24,2
"3665",95,20,3,5,1,2.0941,1,18,"Subject_18","2",100,2
"3666",96,20,14,1.5,0,3.1402,0,18,"Subject_18","2",30,2
"3667",97,20,1,1.05,0,1.432,1,18,"Subject_18","2",21,2
"3668",98,100,14,7,1,1.3924,1,18,"Subject_18","2",700,1
"3669",99,20,60,1.02,0,1.627,1,18,"Subject_18","2",20.4,2
"3670",100,100,60,4,1,2.006,1,18,"Subject_18","2",400,1
"3671",101,20,1,1.1,0,1.3015,1,18,"Subject_18","2",22,2
"3672",102,20,5,1.2,0,2.341,0,18,"Subject_18","2",24,2
"3673",103,100,5,1.05,0,2.8953,1,18,"Subject_18","2",105,1
"3674",104,100,5,5,1,1.9526,1,18,"Subject_18","2",500,1
"3675",105,100,3,1.1,0,2.7651,1,18,"Subject_18","2",110,1
"3676",106,100,14,2,1,2.1554,1,18,"Subject_18","2",200,1
"3677",107,20,8,1.2,0,1.9575,0,18,"Subject_18","2",24,2
"3678",108,100,60,1.02,0,1.1902,1,18,"Subject_18","2",102,1
"3679",109,20,8,5,1,1.5477,1,18,"Subject_18","2",100,2
"3680",110,100,60,1.2,0,1.4776,1,18,"Subject_18","2",120,1
"3681",111,20,3,2,1,2.2659,0,18,"Subject_18","2",40,2
"3682",112,100,1,1.01,0,1.7229,1,18,"Subject_18","2",101,1
"3683",113,100,1,7,1,1.5074,1,18,"Subject_18","2",700,1
"3684",114,100,1,5,1,2.6327,0,18,"Subject_18","2",500,1
"3685",115,20,8,13,1,1.7142,1,18,"Subject_18","2",260,2
"3686",116,20,60,7,1,3.6793,1,18,"Subject_18","2",140,2
"3687",117,20,14,1.2,0,1.9689,0,18,"Subject_18","2",24,2
"3688",118,100,30,1.05,0,1.8131,0,18,"Subject_18","2",105,1
"3689",119,20,30,1.5,0,2.3671,0,18,"Subject_18","2",30,2
"3690",120,20,8,4,0,2.0528,0,18,"Subject_18","2",80,2
"3691",121,100,3,2.5,1,1.2989,0,18,"Subject_18","2",250,1
"3692",122,20,1,13,1,1.573,1,18,"Subject_18","2",260,2
"3693",123,20,14,13,1,1.8953,1,18,"Subject_18","2",260,2
"3694",124,100,5,1.2,1,1.9185,0,18,"Subject_18","2",120,1
"3695",125,100,60,1.01,0,1.2836,1,18,"Subject_18","2",101,1
"3696",126,100,5,2.5,1,2.4668,0,18,"Subject_18","2",250,1
"3697",127,20,60,1.1,0,2.0042,0,18,"Subject_18","2",22,2
"3698",128,100,8,4,1,2.4555,1,18,"Subject_18","2",400,1
"3699",129,100,30,1.1,0,1.5564,0,18,"Subject_18","2",110,1
"3700",130,100,8,1.05,0,1.2834,1,18,"Subject_18","2",105,1
"3701",131,20,5,1.01,0,1.353,0,18,"Subject_18","2",20.2,2
"3702",132,100,3,10,1,2.0281,1,18,"Subject_18","2",1000,1
"3703",133,20,1,1.5,1,2.2216,0,18,"Subject_18","2",30,2
"3704",134,20,14,4,0,2.1033,1,18,"Subject_18","2",80,2
"3705",135,100,14,4,1,2.1087,1,18,"Subject_18","2",400,1
"3706",136,100,3,1.01,0,2.0021,0,18,"Subject_18","2",101,1
"3707",137,20,1,1.2,0,2.1848,1,18,"Subject_18","2",24,2
"3708",138,20,3,10,1,1.3011,0,18,"Subject_18","2",200,2
"3709",139,100,5,10,1,1.4433,0,18,"Subject_18","2",1000,1
"3710",140,20,8,1.02,0,1.5404,0,18,"Subject_18","2",20.4,2
"3711",141,100,3,2,1,2.323,1,18,"Subject_18","2",200,1
"3712",142,20,8,1.8,0,2.0797,0,18,"Subject_18","2",36,2
"3713",143,20,60,1.8,0,1.9852,1,18,"Subject_18","2",36,2
"3714",144,20,5,7,1,1.5153,0,18,"Subject_18","2",140,2
"3715",145,20,14,5,1,1.7144,1,18,"Subject_18","2",100,2
"3716",146,100,60,10,1,2.0984,0,18,"Subject_18","2",1000,1
"3717",147,100,3,1.5,1,1.5592,1,18,"Subject_18","2",150,1
"3718",148,100,60,1.8,0,2.6195,0,18,"Subject_18","2",180,1
"3719",149,100,14,1.02,0,1.6493,1,18,"Subject_18","2",102,1
"3720",150,100,14,1.01,0,1.7498,1,18,"Subject_18","2",101,1
"3721",151,20,1,1.02,0,2.4816,0,18,"Subject_18","2",20.4,2
"3722",152,100,30,7,1,2.882,0,18,"Subject_18","2",700,1
"3723",153,100,8,1.8,0,4.2113,1,18,"Subject_18","2",180,1
"3724",154,100,30,4,1,3.518,1,18,"Subject_18","2",400,1
"3725",155,20,30,7,1,2.5116,1,18,"Subject_18","2",140,2
"3726",156,20,8,1.01,0,2.3226,1,18,"Subject_18","2",20.2,2
"3727",157,20,3,7,1,1.6033,0,18,"Subject_18","2",140,2
"3728",158,20,5,5,1,2.1666,1,18,"Subject_18","2",100,2
"3729",159,100,8,3,1,1.8942,1,18,"Subject_18","2",300,1
"3730",160,20,1,10,1,1.4826,1,18,"Subject_18","2",200,2
"3731",161,20,30,2.5,0,2.5639,0,18,"Subject_18","2",50,2
"3732",162,100,8,1.2,0,2.151,0,18,"Subject_18","2",120,1
"3733",163,100,3,1.02,0,1.4117,1,18,"Subject_18","2",102,1
"3734",164,100,30,1.8,0,2.5433,1,18,"Subject_18","2",180,1
"3735",165,20,3,4,1,1.9297,0,18,"Subject_18","2",80,2
"3736",166,100,30,1.5,0,1.913,0,18,"Subject_18","2",150,1
"3737",167,20,8,1.1,0,1.5383,0,18,"Subject_18","2",22,2
"3738",168,100,30,1.2,0,1.638,0,18,"Subject_18","2",120,1
"3739",169,100,5,1.5,1,2.2933,1,18,"Subject_18","2",150,1
"3740",170,20,5,1.05,0,1.7282,1,18,"Subject_18","2",21,2
"3741",171,20,5,1.02,0,1.348,0,18,"Subject_18","2",20.4,2
"3742",172,100,14,10,1,2.1609,1,18,"Subject_18","2",1000,1
"3743",173,20,60,1.01,0,1.1238,1,18,"Subject_18","2",20.2,2
"3744",174,100,14,3,1,1.4899,1,18,"Subject_18","2",300,1
"3745",175,100,30,13,1,1.0084,0,18,"Subject_18","2",1300,1
"3746",176,20,5,2.5,1,2.0472,0,18,"Subject_18","2",50,2
"3747",177,100,1,1.2,1,1.7467,0,18,"Subject_18","2",120,1
"3748",178,100,60,2,0,3.3412,1,18,"Subject_18","2",200,1
"3749",179,100,30,10,1,3.2739,0,18,"Subject_18","2",1000,1
"3750",180,100,14,2.5,1,2.6373,0,18,"Subject_18","2",250,1
"3751",181,100,5,7,1,1.2697,0,18,"Subject_18","2",700,1
"3752",182,100,8,1.02,0,1.188,0,18,"Subject_18","2",102,1
"3753",183,20,8,10,1,1.503,0,18,"Subject_18","2",200,2
"3754",184,100,3,13,1,1.7389,0,18,"Subject_18","2",1300,1
"3755",185,100,8,1.5,1,1.742,0,18,"Subject_18","2",150,1
"3756",186,20,3,1.2,0,1.5888,1,18,"Subject_18","2",24,2
"3757",187,20,3,1.8,0,1.1751,1,18,"Subject_18","2",36,2
"3758",188,100,3,1.8,1,1.3095,1,18,"Subject_18","2",180,1
"3759",189,100,1,4,1,1.5152,1,18,"Subject_18","2",400,1
"3760",190,20,5,2,0,1.353,1,18,"Subject_18","2",40,2
"3761",191,100,3,3,1,1.3584,0,18,"Subject_18","2",300,1
"3762",192,20,8,3,0,2.0108,1,18,"Subject_18","2",60,2
"3763",193,100,30,2,1,1.2302,1,18,"Subject_18","2",200,1
"3764",194,100,1,13,1,1.3238,0,18,"Subject_18","2",1300,1
"3765",195,20,3,2.5,1,1.5175,1,18,"Subject_18","2",50,2
"3766",196,20,1,2,1,1.5064,1,18,"Subject_18","2",40,2
"3767",197,100,60,5,1,1.279,1,18,"Subject_18","2",500,1
"3768",198,100,5,1.01,0,1.5599,1,18,"Subject_18","2",101,1
"3769",199,20,8,2,0,2.8745,0,18,"Subject_18","2",40,2
"3770",200,100,60,1.5,0,3.1467,1,18,"Subject_18","2",150,1
"3771",201,20,14,1.8,0,1.3102,0,18,"Subject_18","2",36,2
"3772",202,100,60,1.05,0,1.3551,0,18,"Subject_18","2",105,1
"3773",203,100,5,13,1,1.0796,0,18,"Subject_18","2",1300,1
"3774",204,20,5,1.5,1,2.5416,0,18,"Subject_18","2",30,2
"3775",205,20,30,1.05,0,1.0221,0,18,"Subject_18","2",21,2
"3776",206,20,1,7,1,1.3763,1,18,"Subject_18","2",140,2
"3777",207,100,30,5,1,1.34,0,18,"Subject_18","2",500,1
"3778",208,100,5,1.1,0,1.0072,1,18,"Subject_18","2",110,1
"3779",209,100,30,2.5,1,1.7835,0,18,"Subject_18","2",250,1
"3780",210,20,14,1.01,0,1.3131,0,18,"Subject_18","2",20.2,2
"3781",1,20,3,7,1,3.8859,0,19,"Subject_19","1",140,2
"3782",2,20,14,7,1,2.9426,0,19,"Subject_19","1",140,2
"3783",3,100,14,7,1,2.1623,1,19,"Subject_19","1",700,1
"3784",4,20,8,1.2,0,2.8902,0,19,"Subject_19","1",24,2
"3785",5,20,14,2,1,3.2518,1,19,"Subject_19","1",40,2
"3786",6,20,5,4,1,1.8932,1,19,"Subject_19","1",80,2
"3787",7,100,8,1.01,0,2.1089,0,19,"Subject_19","1",101,1
"3788",8,20,1,13,1,2.9509,0,19,"Subject_19","1",260,2
"3789",9,20,3,1.05,0,2.0284,1,19,"Subject_19","1",21,2
"3790",10,20,5,2,1,3.5677,1,19,"Subject_19","1",40,2
"3791",11,100,1,13,1,2.5158,1,19,"Subject_19","1",1300,1
"3792",12,100,1,1.01,0,2.2231,0,19,"Subject_19","1",101,1
"3793",13,20,60,13,1,3.1973,1,19,"Subject_19","1",260,2
"3794",14,20,5,1.01,0,1.9563,1,19,"Subject_19","1",20.2,2
"3795",15,100,5,3,1,4.5023,1,19,"Subject_19","1",300,1
"3796",16,100,1,1.1,1,2.4998,1,19,"Subject_19","1",110,1
"3797",17,20,30,2.5,1,3.03,0,19,"Subject_19","1",50,2
"3798",18,20,8,1.01,0,2.7362,1,19,"Subject_19","1",20.2,2
"3799",19,100,1,2,1,2.0805,1,19,"Subject_19","1",200,1
"3800",20,20,60,10,1,1.9247,1,19,"Subject_19","1",200,2
"3801",21,20,8,10,1,3.0964,0,19,"Subject_19","1",200,2
"3802",22,20,30,1.8,0,3.2029,0,19,"Subject_19","1",36,2
"3803",23,20,8,5,1,2.0095,1,19,"Subject_19","1",100,2
"3804",24,20,5,5,1,2.0568,1,19,"Subject_19","1",100,2
"3805",25,100,8,2,1,1.8719,0,19,"Subject_19","1",200,1
"3806",26,20,14,10,1,2.2179,0,19,"Subject_19","1",200,2
"3807",27,100,5,1.5,1,2.8144,1,19,"Subject_19","1",150,1
"3808",28,100,60,1.5,1,1.8247,1,19,"Subject_19","1",150,1
"3809",29,20,30,1.2,0,5.7524,0,19,"Subject_19","1",24,2
"3810",30,20,30,1.05,0,2.1794,1,19,"Subject_19","1",21,2
"3811",31,100,5,4,1,2.0706,1,19,"Subject_19","1",400,1
"3812",32,100,14,13,1,1.7433,0,19,"Subject_19","1",1300,1
"3813",33,20,30,7,1,2.4889,0,19,"Subject_19","1",140,2
"3814",34,20,60,1.5,0,2.8185,0,19,"Subject_19","1",30,2
"3815",35,20,60,1.1,0,2.2708,0,19,"Subject_19","1",22,2
"3816",36,20,8,4,1,2.4214,1,19,"Subject_19","1",80,2
"3817",37,20,30,4,1,2.2097,1,19,"Subject_19","1",80,2
"3818",38,100,1,5,1,2.2983,1,19,"Subject_19","1",500,1
"3819",39,20,3,1.01,0,1.3824,0,19,"Subject_19","1",20.2,2
"3820",40,100,14,1.5,1,1.2667,0,19,"Subject_19","1",150,1
"3821",41,100,5,1.1,0,1.523,1,19,"Subject_19","1",110,1
"3822",42,20,14,4,1,1.634,0,19,"Subject_19","1",80,2
"3823",43,100,60,5,1,1.737,1,19,"Subject_19","1",500,1
"3824",44,100,30,1.1,0,1.6816,0,19,"Subject_19","1",110,1
"3825",45,20,14,13,1,2.4187,1,19,"Subject_19","1",260,2
"3826",46,100,14,10,1,1.4907,1,19,"Subject_19","1",1000,1
"3827",47,20,14,1.8,0,1.6112,1,19,"Subject_19","1",36,2
"3828",48,20,5,10,1,1.1536,0,19,"Subject_19","1",200,2
"3829",49,20,8,7,1,1.6758,1,19,"Subject_19","1",140,2
"3830",50,100,3,5,1,1.3075,1,19,"Subject_19","1",500,1
"3831",51,100,30,1.02,0,1.6852,0,19,"Subject_19","1",102,1
"3832",52,100,8,1.2,1,2.1203,1,19,"Subject_19","1",120,1
"3833",53,20,5,1.1,0,1.3587,1,19,"Subject_19","1",22,2
"3834",54,20,1,4,1,1.4002,1,19,"Subject_19","1",80,2
"3835",55,100,3,1.02,0,1.3245,0,19,"Subject_19","1",102,1
"3836",56,20,3,1.5,0,1.6355,1,19,"Subject_19","1",30,2
"3837",57,20,30,3,0,4.0536,1,19,"Subject_19","1",60,2
"3838",58,20,30,1.5,0,1.8865,1,19,"Subject_19","1",30,2
"3839",59,20,60,1.05,0,1.4291,1,19,"Subject_19","1",21,2
"3840",60,20,3,5,1,1.343,0,19,"Subject_19","1",100,2
"3841",61,100,30,2,1,1.544,1,19,"Subject_19","1",200,1
"3842",62,20,5,1.02,0,1.2242,1,19,"Subject_19","1",20.4,2
"3843",63,20,60,2,0,2.017,0,19,"Subject_19","1",40,2
"3844",64,20,1,10,1,0.9948,1,19,"Subject_19","1",200,2
"3845",65,100,1,3,1,1.2918,0,19,"Subject_19","1",300,1
"3846",66,100,30,7,1,1.2198,0,19,"Subject_19","1",700,1
"3847",67,20,8,13,1,2.1133,1,19,"Subject_19","1",260,2
"3848",68,100,5,1.2,0,1.2993,1,19,"Subject_19","1",120,1
"3849",69,20,1,1.5,0,1.2688,1,19,"Subject_19","1",30,2
"3850",70,20,60,1.01,0,1.2692,0,19,"Subject_19","1",20.2,2
"3851",71,100,30,2.5,1,2.63,1,19,"Subject_19","1",250,1
"3852",72,20,14,2.5,1,2.4903,0,19,"Subject_19","1",50,2
"3853",73,100,14,3,1,1.941,1,19,"Subject_19","1",300,1
"3854",74,20,8,3,1,2.8073,1,19,"Subject_19","1",60,2
"3855",75,100,14,1.05,0,2.0125,1,19,"Subject_19","1",105,1
"3856",76,100,3,1.8,1,2.0045,1,19,"Subject_19","1",180,1
"3857",77,100,60,3,1,1.8731,0,19,"Subject_19","1",300,1
"3858",78,100,30,3,1,1.4489,0,19,"Subject_19","1",300,1
"3859",79,100,8,5,1,1.5756,1,19,"Subject_19","1",500,1
"3860",80,20,14,1.5,1,1.923,0,19,"Subject_19","1",30,2
"3861",81,20,1,2.5,1,2.4701,1,19,"Subject_19","1",50,2
"3862",82,100,5,13,1,1.5249,1,19,"Subject_19","1",1300,1
"3863",83,20,5,7,1,1.5967,1,19,"Subject_19","1",140,2
"3864",84,20,60,4,0,2.3201,1,19,"Subject_19","1",80,2
"3865",85,100,3,10,1,1.5047,1,19,"Subject_19","1",1000,1
"3866",86,20,60,5,1,1.9759,0,19,"Subject_19","1",100,2
"3867",87,20,30,1.02,0,2.8877,1,19,"Subject_19","1",20.4,2
"3868",88,20,14,1.2,0,1.5115,0,19,"Subject_19","1",24,2
"3869",89,100,60,1.05,0,1.8224,1,19,"Subject_19","1",105,1
"3870",90,100,14,2.5,1,2.098,0,19,"Subject_19","1",250,1
"3871",91,100,8,1.5,1,1.3388,1,19,"Subject_19","1",150,1
"3872",92,20,1,1.02,0,3.0603,1,19,"Subject_19","1",20.4,2
"3873",93,20,8,1.5,0,2.6074,0,19,"Subject_19","1",30,2
"3874",94,100,60,10,1,1.7929,1,19,"Subject_19","1",1000,1
"3875",95,100,14,1.1,1,1.6655,1,19,"Subject_19","1",110,1
"3876",96,100,30,4,1,1.4199,0,19,"Subject_19","1",400,1
"3877",97,100,60,7,1,2.7393,1,19,"Subject_19","1",700,1
"3878",98,100,30,1.01,0,2.6969,1,19,"Subject_19","1",101,1
"3879",99,20,8,2,1,1.7655,0,19,"Subject_19","1",40,2
"3880",100,100,1,4,1,1.5968,0,19,"Subject_19","1",400,1
"3881",101,20,30,1.01,0,1.1338,1,19,"Subject_19","1",20.2,2
"3882",102,100,3,1.01,0,1.3385,0,19,"Subject_19","1",101,1
"3883",103,100,8,1.1,1,1.3031,1,19,"Subject_19","1",110,1
"3884",104,100,8,1.8,1,1.4118,0,19,"Subject_19","1",180,1
"3885",105,100,1,2.5,1,1.32,1,19,"Subject_19","1",250,1
"3886",106,100,30,1.2,1,1.1514,0,19,"Subject_19","1",120,1
"3887",107,20,60,3,0,2.4516,0,19,"Subject_19","1",60,2
"3888",108,100,1,7,1,2.5015,0,19,"Subject_19","1",700,1
"3889",109,100,3,1.2,0,2.5325,1,19,"Subject_19","1",120,1
"3890",110,100,1,10,1,1.6193,1,19,"Subject_19","1",1000,1
"3891",111,100,5,1.8,1,1.8126,0,19,"Subject_19","1",180,1
"3892",112,20,5,13,1,1.2322,1,19,"Subject_19","1",260,2
"3893",113,100,60,4,1,0.8243,0,19,"Subject_19","1",400,1
"3894",114,20,5,1.5,0,1.4544,0,19,"Subject_19","1",30,2
"3895",115,100,5,2.5,1,1.1748,0,19,"Subject_19","1",250,1
"3896",116,100,1,1.8,1,1.0538,0,19,"Subject_19","1",180,1
"3897",117,100,30,13,1,1.4624,1,19,"Subject_19","1",1300,1
"3898",118,20,14,5,1,1.0761,0,19,"Subject_19","1",100,2
"3899",119,100,5,1.01,0,1.3097,0,19,"Subject_19","1",101,1
"3900",120,20,1,1.8,1,1.2124,1,19,"Subject_19","1",36,2
"3901",121,20,14,1.01,0,1.9266,0,19,"Subject_19","1",20.2,2
"3902",122,100,60,1.02,0,1.4979,1,19,"Subject_19","1",102,1
"3903",123,100,14,2,1,1.3573,0,19,"Subject_19","1",200,1
"3904",124,20,8,2.5,0,1.8576,1,19,"Subject_19","1",50,2
"3905",125,20,30,1.1,0,4.281,1,19,"Subject_19","1",22,2
"3906",126,100,3,2.5,1,1.7499,1,19,"Subject_19","1",250,1
"3907",127,100,30,1.5,1,1.3331,0,19,"Subject_19","1",150,1
"3908",128,20,3,13,1,1.4149,1,19,"Subject_19","1",260,2
"3909",129,100,30,10,1,1.3764,1,19,"Subject_19","1",1000,1
"3910",130,20,3,1.8,1,2.1488,1,19,"Subject_19","1",36,2
"3911",131,100,14,5,1,1.4999,0,19,"Subject_19","1",500,1
"3912",132,100,14,1.01,0,2.4083,0,19,"Subject_19","1",101,1
"3913",133,100,3,1.1,1,2.9103,0,19,"Subject_19","1",110,1
"3914",134,20,8,1.05,0,1.48,1,19,"Subject_19","1",21,2
"3915",135,100,30,1.8,1,1.2563,1,19,"Subject_19","1",180,1
"3916",136,100,8,7,1,1.2578,1,19,"Subject_19","1",700,1
"3917",137,20,3,2.5,1,2.4634,0,19,"Subject_19","1",50,2
"3918",138,100,1,1.2,1,3.502,0,19,"Subject_19","1",120,1
"3919",139,20,60,7,1,1.6429,0,19,"Subject_19","1",140,2
"3920",140,100,8,1.02,1,1.4629,1,19,"Subject_19","1",102,1
"3921",141,100,3,3,1,1.4868,0,19,"Subject_19","1",300,1
"3922",142,100,3,7,1,1.1418,0,19,"Subject_19","1",700,1
"3923",143,100,14,1.2,0,1.8506,1,19,"Subject_19","1",120,1
"3924",144,100,1,1.02,1,1.5544,0,19,"Subject_19","1",102,1
"3925",145,100,60,2.5,1,1.3663,0,19,"Subject_19","1",250,1
"3926",146,20,8,1.8,1,1.4907,0,19,"Subject_19","1",36,2
"3927",147,100,60,1.01,0,2.7555,0,19,"Subject_19","1",101,1
"3928",148,20,3,1.1,0,1.6739,0,19,"Subject_19","1",22,2
"3929",149,100,14,1.8,1,1.8398,0,19,"Subject_19","1",180,1
"3930",150,20,60,2.5,1,1.9568,0,19,"Subject_19","1",50,2
"3931",151,20,1,7,1,1.6933,0,19,"Subject_19","1",140,2
"3932",152,100,60,1.2,0,4.7637,0,19,"Subject_19","1",120,1
"3933",153,100,8,13,1,5.2522,1,19,"Subject_19","1",1300,1
"3934",154,100,8,3,1,1.4576,0,19,"Subject_19","1",300,1
"3935",155,100,60,1.8,1,1.9421,0,19,"Subject_19","1",180,1
"3936",156,100,5,7,1,0.9785,1,19,"Subject_19","1",700,1
"3937",157,20,8,1.02,0,1.2847,1,19,"Subject_19","1",20.4,2
"3938",158,20,60,1.8,0,1.322,1,19,"Subject_19","1",36,2
"3939",159,20,8,1.1,0,2.5989,0,19,"Subject_19","1",22,2
"3940",160,20,5,1.2,1,2.299,1,19,"Subject_19","1",24,2
"3941",161,20,1,2,1,1.0425,0,19,"Subject_19","1",40,2
"3942",162,100,8,4,1,1.6252,1,19,"Subject_19","1",400,1
"3943",163,100,5,5,1,1.2291,1,19,"Subject_19","1",500,1
"3944",164,100,1,1.5,1,1.3736,0,19,"Subject_19","1",150,1
"3945",165,100,30,1.05,0,2.0288,1,19,"Subject_19","1",105,1
"3946",166,100,8,10,1,1.1647,1,19,"Subject_19","1",1000,1
"3947",167,100,60,13,1,1.3262,0,19,"Subject_19","1",1300,1
"3948",168,20,3,1.2,0,4.4431,1,19,"Subject_19","1",24,2
"3949",169,20,60,1.02,0,2.527,0,19,"Subject_19","1",20.4,2
"3950",170,20,14,1.02,0,1.3624,0,19,"Subject_19","1",20.4,2
"3951",171,20,3,10,1,1.3067,0,19,"Subject_19","1",200,2
"3952",172,20,30,13,1,3.4002,1,19,"Subject_19","1",260,2
"3953",173,20,1,1.2,1,2.1915,0,19,"Subject_19","1",24,2
"3954",174,100,8,1.05,0,2.8334,0,19,"Subject_19","1",105,1
"3955",175,20,14,3,0,2.6466,0,19,"Subject_19","1",60,2
"3956",176,100,14,1.02,0,1.9336,0,19,"Subject_19","1",102,1
"3957",177,20,14,1.1,0,1.9114,0,19,"Subject_19","1",22,2
"3958",178,20,3,2,1,11.1546,0,19,"Subject_19","1",40,2
"3959",179,100,60,2,1,1.3791,1,19,"Subject_19","1",200,1
"3960",180,20,1,3,1,1.8673,1,19,"Subject_19","1",60,2
"3961",181,100,30,5,1,1.5287,1,19,"Subject_19","1",500,1
"3962",182,20,5,1.8,0,1.7162,1,19,"Subject_19","1",36,2
"3963",183,100,60,1.1,0,3.2786,1,19,"Subject_19","1",110,1
"3964",184,100,1,1.05,0,1.2132,1,19,"Subject_19","1",105,1
"3965",185,20,1,5,1,1.3273,0,19,"Subject_19","1",100,2
"3966",186,20,30,5,0,1.1997,1,19,"Subject_19","1",100,2
"3967",187,20,1,1.05,0,1.1226,1,19,"Subject_19","1",21,2
"3968",188,20,30,2,1,1.8322,1,19,"Subject_19","1",40,2
"3969",189,100,5,1.02,0,1.7787,0,19,"Subject_19","1",102,1
"3970",190,20,5,2.5,1,1.5016,1,19,"Subject_19","1",50,2
"3971",191,100,3,13,1,1.022,1,19,"Subject_19","1",1300,1
"3972",192,20,30,10,1,0.924,0,19,"Subject_19","1",200,2
"3973",193,100,8,2.5,1,1.108,1,19,"Subject_19","1",250,1
"3974",194,20,5,3,1,1.156,1,19,"Subject_19","1",60,2
"3975",195,20,14,1.05,0,1.8954,1,19,"Subject_19","1",21,2
"3976",196,20,1,1.01,0,2.8206,0,19,"Subject_19","1",20.2,2
"3977",197,100,3,1.05,1,2.6503,1,19,"Subject_19","1",105,1
"3978",198,20,60,1.2,0,1.7679,1,19,"Subject_19","1",24,2
"3979",199,100,3,1.5,1,1.9937,0,19,"Subject_19","1",150,1
"3980",200,20,5,1.05,0,1.5495,0,19,"Subject_19","1",21,2
"3981",201,100,14,4,1,1.6118,0,19,"Subject_19","1",400,1
"3982",202,100,5,2,1,1.0862,1,19,"Subject_19","1",200,1
"3983",203,100,5,1.05,0,1.6232,1,19,"Subject_19","1",105,1
"3984",204,20,3,4,1,2.2268,0,19,"Subject_19","1",80,2
"3985",205,20,3,1.02,0,1.1961,1,19,"Subject_19","1",20.4,2
"3986",206,20,3,3,1,0.9289,0,19,"Subject_19","1",60,2
"3987",207,20,1,1.1,1,1.487,1,19,"Subject_19","1",22,2
"3988",208,100,3,2,1,1.5586,1,19,"Subject_19","1",200,1
"3989",209,100,3,4,1,2.04,0,19,"Subject_19","1",400,1
"3990",210,100,5,10,1,2.3609,1,19,"Subject_19","1",1000,1
"3991",1,20,3,2.5,1,2.6299,0,20,"Subject_21","1",50,2
"3992",2,100,60,1.1,0,3.5028,0,20,"Subject_21","1",110,1
"3993",3,20,60,2,0,5.4624,1,20,"Subject_21","1",40,2
"3994",4,20,60,7,1,2.6832,1,20,"Subject_21","1",140,2
"3995",5,100,5,1.01,1,4.049,1,20,"Subject_21","1",101,1
"3996",6,20,30,10,1,2.8459,1,20,"Subject_21","1",200,2
"3997",7,20,3,10,1,4.4056,1,20,"Subject_21","1",200,2
"3998",8,20,5,1.2,0,7.8798,1,20,"Subject_21","1",24,2
"3999",9,20,1,1.01,1,5.0614,0,20,"Subject_21","1",20.2,2
"4000",10,20,14,3,1,3.5782,0,20,"Subject_21","1",60,2
"4001",11,100,5,5,1,2.2962,0,20,"Subject_21","1",500,1
"4002",12,100,8,1.1,1,2.5015,0,20,"Subject_21","1",110,1
"4003",13,20,5,1.01,0,4.0823,1,20,"Subject_21","1",20.2,2
"4004",14,20,60,1.2,0,6.0952,1,20,"Subject_21","1",24,2
"4005",15,20,8,5,1,5.6873,1,20,"Subject_21","1",100,2
"4006",16,100,30,1.01,0,3.6816,1,20,"Subject_21","1",101,1
"4007",17,20,14,1.05,0,2.7085,0,20,"Subject_21","1",21,2
"4008",18,100,14,2,1,3.6748,1,20,"Subject_21","1",200,1
"4009",19,100,8,1.5,1,2.9029,0,20,"Subject_21","1",150,1
"4010",20,100,14,10,1,2.4658,1,20,"Subject_21","1",1000,1
"4011",21,20,1,2,1,2.342,1,20,"Subject_21","1",40,2
"4012",22,100,8,1.02,0,4.2588,1,20,"Subject_21","1",102,1
"4013",23,20,60,1.05,0,3.1631,0,20,"Subject_21","1",21,2
"4014",24,100,30,5,1,1.7929,1,20,"Subject_21","1",500,1
"4015",25,20,30,1.01,0,2.7893,1,20,"Subject_21","1",20.2,2
"4016",26,20,8,1.2,1,4.4851,0,20,"Subject_21","1",24,2
"4017",27,100,30,13,1,1.8868,0,20,"Subject_21","1",1300,1
"4018",28,20,30,5,1,2.662,1,20,"Subject_21","1",100,2
"4019",29,100,3,5,1,1.945,1,20,"Subject_21","1",500,1
"4020",30,100,3,7,1,1.3895,1,20,"Subject_21","1",700,1
"4021",31,20,60,4,0,2.5517,0,20,"Subject_21","1",80,2
"4022",32,100,60,7,1,2.0238,1,20,"Subject_21","1",700,1
"4023",33,100,60,1.01,0,3.0237,1,20,"Subject_21","1",101,1
"4024",34,20,60,13,1,5.2039,0,20,"Subject_21","1",260,2
"4025",35,20,30,4,1,2.215,1,20,"Subject_21","1",80,2
"4026",36,100,8,7,1,1.2982,1,20,"Subject_21","1",700,1
"4027",37,100,5,1.5,1,1.3698,0,20,"Subject_21","1",150,1
"4028",38,20,8,7,1,1.2093,0,20,"Subject_21","1",140,2
"4029",39,20,3,1.2,0,1.6509,0,20,"Subject_21","1",24,2
"4030",40,20,5,1.05,0,2.5928,0,20,"Subject_21","1",21,2
"4031",41,100,5,13,1,1.629,0,20,"Subject_21","1",1300,1
"4032",42,20,3,2,1,1.3206,1,20,"Subject_21","1",40,2
"4033",43,20,14,1.2,1,3.3975,1,20,"Subject_21","1",24,2
"4034",44,20,60,3,0,2.1074,1,20,"Subject_21","1",60,2
"4035",45,20,14,4,1,1.8054,1,20,"Subject_21","1",80,2
"4036",46,100,1,10,1,1.2992,1,20,"Subject_21","1",1000,1
"4037",47,20,30,1.1,0,3.5956,1,20,"Subject_21","1",22,2
"4038",48,20,14,2.5,1,3.0025,0,20,"Subject_21","1",50,2
"4039",49,20,1,1.8,1,2.1344,0,20,"Subject_21","1",36,2
"4040",50,20,3,13,1,1.7251,0,20,"Subject_21","1",260,2
"4041",51,20,60,10,1,1.608,0,20,"Subject_21","1",200,2
"4042",52,20,8,13,1,1.4698,0,20,"Subject_21","1",260,2
"4043",53,100,14,1.8,1,1.4422,0,20,"Subject_21","1",180,1
"4044",54,100,3,2.5,1,4.4099,0,20,"Subject_21","1",250,1
"4045",55,20,8,2.5,1,1.4862,0,20,"Subject_21","1",50,2
"4046",56,100,3,1.2,1,1.4491,0,20,"Subject_21","1",120,1
"4047",57,20,1,1.5,1,4.5248,1,20,"Subject_21","1",30,2
"4048",58,100,3,1.02,0,2.9312,0,20,"Subject_21","1",102,1
"4049",59,100,3,2,1,2.1436,0,20,"Subject_21","1",200,1
"4050",60,100,14,1.05,0,2.6362,1,20,"Subject_21","1",105,1
"4051",61,100,14,5,1,2.6912,1,20,"Subject_21","1",500,1
"4052",62,100,1,1.02,0,1.1975,1,20,"Subject_21","1",102,1
"4053",63,100,1,1.8,1,2.3428,1,20,"Subject_21","1",180,1
"4054",64,100,30,2.5,1,2.0503,1,20,"Subject_21","1",250,1
"4055",65,100,5,1.02,1,3.0369,1,20,"Subject_21","1",102,1
"4056",66,20,1,1.05,1,2.6874,1,20,"Subject_21","1",21,2
"4057",67,100,60,1.05,0,2.4469,0,20,"Subject_21","1",105,1
"4058",68,100,30,1.2,0,4.7336,1,20,"Subject_21","1",120,1
"4059",69,20,5,3,1,4.852,0,20,"Subject_21","1",60,2
"4060",70,100,30,7,1,3.1303,0,20,"Subject_21","1",700,1
"4061",71,100,5,3,1,3.1028,0,20,"Subject_21","1",300,1
"4062",72,100,60,5,1,1.8893,0,20,"Subject_21","1",500,1
"4063",73,100,5,2,1,3.1972,0,20,"Subject_21","1",200,1
"4064",74,100,8,1.2,1,3.0722,0,20,"Subject_21","1",120,1
"4065",75,100,1,1.2,1,1.414,0,20,"Subject_21","1",120,1
"4066",76,20,3,1.8,1,1.2241,1,20,"Subject_21","1",36,2
"4067",77,20,3,3,1,2.0864,0,20,"Subject_21","1",60,2
"4068",78,20,30,1.02,0,2.2637,0,20,"Subject_21","1",20.4,2
"4069",79,100,14,13,1,1.3444,0,20,"Subject_21","1",1300,1
"4070",80,100,60,1.02,0,3.33,1,20,"Subject_21","1",102,1
"4071",81,20,30,1.5,0,1.7147,1,20,"Subject_21","1",30,2
"4072",82,100,60,1.5,1,3.9596,1,20,"Subject_21","1",150,1
"4073",83,100,3,13,1,1.7639,1,20,"Subject_21","1",1300,1
"4074",84,20,14,10,1,2.5136,0,20,"Subject_21","1",200,2
"4075",85,100,30,1.8,1,3.9705,1,20,"Subject_21","1",180,1
"4076",86,100,1,1.5,1,1.9748,1,20,"Subject_21","1",150,1
"4077",87,100,8,3,1,1.5564,1,20,"Subject_21","1",300,1
"4078",88,20,14,1.1,1,4.1089,1,20,"Subject_21","1",22,2
"4079",89,100,8,10,1,1.2751,1,20,"Subject_21","1",1000,1
"4080",90,100,8,1.8,1,1.6399,0,20,"Subject_21","1",180,1
"4081",91,100,1,4,1,1.4823,0,20,"Subject_21","1",400,1
"4082",92,100,8,13,1,1.3281,0,20,"Subject_21","1",1300,1
"4083",93,20,8,1.1,1,2.3629,1,20,"Subject_21","1",22,2
"4084",94,20,60,1.1,0,2.3043,0,20,"Subject_21","1",22,2
"4085",95,100,8,2,1,2.7904,1,20,"Subject_21","1",200,1
"4086",96,100,14,1.5,0,3.6566,1,20,"Subject_21","1",150,1
"4087",97,20,60,1.5,0,2.4908,1,20,"Subject_21","1",30,2
"4088",98,20,3,7,1,1.4801,0,20,"Subject_21","1",140,2
"4089",99,100,8,1.05,1,0.9586,1,20,"Subject_21","1",105,1
"4090",100,20,5,1.5,1,1.8514,0,20,"Subject_21","1",30,2
"4091",101,100,3,1.8,1,1.9758,0,20,"Subject_21","1",180,1
"4092",102,20,60,1.02,0,1.8331,0,20,"Subject_21","1",20.4,2
"4093",103,100,14,1.1,1,2.3793,1,20,"Subject_21","1",110,1
"4094",104,20,5,13,1,1.408,1,20,"Subject_21","1",260,2
"4095",105,20,1,5,1,3.691,0,20,"Subject_21","1",100,2
"4096",106,20,1,7,1,1.5758,1,20,"Subject_21","1",140,2
"4097",107,100,5,7,1,1.2154,0,20,"Subject_21","1",700,1
"4098",108,100,30,1.02,0,1.5386,0,20,"Subject_21","1",102,1
"4099",109,20,1,3,1,1.5616,0,20,"Subject_21","1",60,2
"4100",110,20,3,1.01,0,2.3767,0,20,"Subject_21","1",20.2,2
"4101",111,100,3,3,0,2.4022,1,20,"Subject_21","1",300,1
"4102",112,20,30,2.5,0,3.2189,0,20,"Subject_21","1",50,2
"4103",113,20,30,13,1,1.6434,0,20,"Subject_21","1",260,2
"4104",114,100,1,1.01,0,1.5803,1,20,"Subject_21","1",101,1
"4105",115,20,3,1.02,0,3.9052,1,20,"Subject_21","1",20.4,2
"4106",116,100,3,1.1,1,1.2872,1,20,"Subject_21","1",110,1
"4107",117,20,60,1.01,0,3.3728,1,20,"Subject_21","1",20.2,2
"4108",118,100,14,1.02,1,1.7844,1,20,"Subject_21","1",102,1
"4109",119,100,8,2.5,1,1.3047,0,20,"Subject_21","1",250,1
"4110",120,100,14,3,1,1.6364,1,20,"Subject_21","1",300,1
"4111",121,100,30,1.5,0,2.0052,1,20,"Subject_21","1",150,1
"4112",122,20,3,1.1,1,2.0171,1,20,"Subject_21","1",22,2
"4113",123,20,1,1.2,1,1.4457,0,20,"Subject_21","1",24,2
"4114",124,20,14,5,1,1.4541,0,20,"Subject_21","1",100,2
"4115",125,100,8,5,1,2.2359,1,20,"Subject_21","1",500,1
"4116",126,100,14,1.2,1,3,1,20,"Subject_21","1",120,1
"4117",127,20,8,3,1,1.8756,1,20,"Subject_21","1",60,2
"4118",128,20,1,1.1,1,1.9727,1,20,"Subject_21","1",22,2
"4119",129,20,5,4,1,1.5021,1,20,"Subject_21","1",80,2
"4120",130,100,1,2.5,1,1.6477,0,20,"Subject_21","1",250,1
"4121",131,100,3,1.5,1,1.2183,0,20,"Subject_21","1",150,1
"4122",132,100,14,7,1,1.4742,1,20,"Subject_21","1",700,1
"4123",133,20,14,1.01,1,2.958,1,20,"Subject_21","1",20.2,2
"4124",134,20,1,10,1,1.1636,1,20,"Subject_21","1",200,2
"4125",135,100,60,10,1,1.5982,0,20,"Subject_21","1",1000,1
"4126",136,100,14,2.5,1,3.5192,0,20,"Subject_21","1",250,1
"4127",137,20,60,5,1,2.1261,0,20,"Subject_21","1",100,2
"4128",138,20,5,7,1,1.2545,1,20,"Subject_21","1",140,2
"4129",139,20,3,1.5,1,1.4547,0,20,"Subject_21","1",30,2
"4130",140,20,14,1.02,0,1.655,1,20,"Subject_21","1",20.4,2
"4131",141,20,1,13,1,2.358,1,20,"Subject_21","1",260,2
"4132",142,20,1,4,1,1.8756,0,20,"Subject_21","1",80,2
"4133",143,100,60,3,1,2.7627,1,20,"Subject_21","1",300,1
"4134",144,100,60,13,1,1.4183,0,20,"Subject_21","1",1300,1
"4135",145,100,1,2,1,1.5474,1,20,"Subject_21","1",200,1
"4136",146,100,3,1.05,1,1.8303,1,20,"Subject_21","1",105,1
"4137",147,20,8,1.01,0,1.825,1,20,"Subject_21","1",20.2,2
"4138",148,20,8,4,1,1.3401,1,20,"Subject_21","1",80,2
"4139",149,20,8,1.8,1,2.1776,1,20,"Subject_21","1",36,2
"4140",150,100,3,1.01,1,1.3183,0,20,"Subject_21","1",101,1
"4141",151,100,30,3,1,1.8306,0,20,"Subject_21","1",300,1
"4142",152,20,8,2,1,1.4071,1,20,"Subject_21","1",40,2
"4143",153,20,5,1.8,1,1.2742,1,20,"Subject_21","1",36,2
"4144",154,20,8,1.5,1,1.1449,1,20,"Subject_21","1",30,2
"4145",155,20,60,2.5,0,4.0951,1,20,"Subject_21","1",50,2
"4146",156,20,8,1.02,0,1.5828,0,20,"Subject_21","1",20.4,2
"4147",157,20,3,1.05,1,1.6791,0,20,"Subject_21","1",21,2
"4148",158,20,30,1.8,1,1.6772,0,20,"Subject_21","1",36,2
"4149",159,20,1,2.5,1,1.3229,1,20,"Subject_21","1",50,2
"4150",160,100,5,2.5,1,1.3957,1,20,"Subject_21","1",250,1
"4151",161,100,1,7,1,1.4195,0,20,"Subject_21","1",700,1
"4152",162,100,30,10,1,1.5718,1,20,"Subject_21","1",1000,1
"4153",163,100,8,1.01,1,1.75,1,20,"Subject_21","1",101,1
"4154",164,100,30,4,1,1.1038,1,20,"Subject_21","1",400,1
"4155",165,100,60,2,0,1.8593,1,20,"Subject_21","1",200,1
"4156",166,20,30,1.2,0,2.5851,0,20,"Subject_21","1",24,2
"4157",167,20,3,4,1,1.4891,1,20,"Subject_21","1",80,2
"4158",168,20,14,2,1,4.5142,0,20,"Subject_21","1",40,2
"4159",169,100,8,4,1,1.3451,1,20,"Subject_21","1",400,1
"4160",170,100,14,4,1,1.4542,0,20,"Subject_21","1",400,1
"4161",171,100,1,13,1,1.1697,0,20,"Subject_21","1",1300,1
"4162",172,20,5,1.1,1,1.4198,0,20,"Subject_21","1",22,2
"4163",173,100,30,1.1,1,1.9555,1,20,"Subject_21","1",110,1
"4164",174,20,14,1.8,1,2.3732,0,20,"Subject_21","1",36,2
"4165",175,20,5,2.5,1,1.1314,1,20,"Subject_21","1",50,2
"4166",176,100,1,5,1,4.3824,1,20,"Subject_21","1",500,1
"4167",177,100,1,1.05,1,7.1832,1,20,"Subject_21","1",105,1
"4168",178,20,8,1.05,1,2.2052,0,20,"Subject_21","1",21,2
"4169",179,100,5,1.8,1,2.2646,0,20,"Subject_21","1",180,1
"4170",180,20,5,5,1,1.5019,1,20,"Subject_21","1",100,2
"4171",181,20,8,10,1,4.6583,1,20,"Subject_21","1",200,2
"4172",182,20,3,5,1,5.0662,1,20,"Subject_21","1",100,2
"4173",183,20,14,1.5,1,2.1971,1,20,"Subject_21","1",30,2
"4174",184,20,14,7,1,1.3558,0,20,"Subject_21","1",140,2
"4175",185,100,60,1.2,1,1.2732,0,20,"Subject_21","1",120,1
"4176",186,100,5,1.2,1,1.1099,1,20,"Subject_21","1",120,1
"4177",187,100,60,1.8,1,1.4813,1,20,"Subject_21","1",180,1
"4178",188,100,5,4,1,1.5537,0,20,"Subject_21","1",400,1
"4179",189,100,14,1.01,0,1.7049,0,20,"Subject_21","1",101,1
"4180",190,100,3,4,1,1.0462,1,20,"Subject_21","1",400,1
"4181",191,20,30,3,1,2.9755,0,20,"Subject_21","1",60,2
"4182",192,100,5,10,1,1.4353,1,20,"Subject_21","1",1000,1
"4183",193,20,60,1.8,0,3.3278,0,20,"Subject_21","1",36,2
"4184",194,20,5,2,1,1.8862,0,20,"Subject_21","1",40,2
"4185",195,100,60,4,1,1.7026,0,20,"Subject_21","1",400,1
"4186",196,100,30,2,1,1.2516,0,20,"Subject_21","1",200,1
"4187",197,100,5,1.1,1,1.4439,1,20,"Subject_21","1",110,1
"4188",198,100,1,3,1,1.1281,1,20,"Subject_21","1",300,1
"4189",199,100,60,2.5,1,1.1383,0,20,"Subject_21","1",250,1
"4190",200,100,30,1.05,0,1.4378,1,20,"Subject_21","1",105,1
"4191",201,20,30,7,1,3.0802,0,20,"Subject_21","1",140,2
"4192",202,20,14,13,1,1.114,0,20,"Subject_21","1",260,2
"4193",203,20,5,10,1,1.3282,1,20,"Subject_21","1",200,2
"4194",204,100,3,10,1,0.828,1,20,"Subject_21","1",1000,1
"4195",205,20,30,2,0,1.9025,0,20,"Subject_21","1",40,2
"4196",206,100,5,1.05,1,1.4952,0,20,"Subject_21","1",105,1
"4197",207,20,1,1.02,1,1.7888,0,20,"Subject_21","1",20.4,2
"4198",208,20,30,1.05,1,3.7363,1,20,"Subject_21","1",21,2
"4199",209,20,5,1.02,1,1.8551,0,20,"Subject_21","1",20.4,2
"4200",210,100,1,1.1,1,1.5244,0,20,"Subject_21","1",110,1
"4201",1,100,5,10,1,5.1029,1,21,"Subject_22","2",1000,1
"4202",2,100,14,2.5,1,1.3932,0,21,"Subject_22","2",250,1
"4203",3,20,14,1.8,1,0.7366,1,21,"Subject_22","2",36,2
"4204",4,20,5,1.5,1,1.0745,0,21,"Subject_22","2",30,2
"4205",5,20,3,1.01,1,1.5716,0,21,"Subject_22","2",20.2,2
"4206",6,100,14,2,1,1.014,0,21,"Subject_22","2",200,1
"4207",7,100,30,1.05,1,0.6344,1,21,"Subject_22","2",105,1
"4208",8,100,14,10,1,0.4191,1,21,"Subject_22","2",1000,1
"4209",9,20,1,1.2,1,0.8416,0,21,"Subject_22","2",24,2
"4210",10,100,14,1.8,1,1.1926,1,21,"Subject_22","2",180,1
"4211",11,20,5,2,1,1.397,1,21,"Subject_22","2",40,2
"4212",12,20,3,1.1,1,0.9265,0,21,"Subject_22","2",22,2
"4213",13,100,3,2.5,1,1.3283,0,21,"Subject_22","2",250,1
"4214",14,100,3,4,1,1.1483,0,21,"Subject_22","2",400,1
"4215",15,20,14,1.1,1,0.7522,1,21,"Subject_22","2",22,2
"4216",16,100,60,1.2,1,2.2011,1,21,"Subject_22","2",120,1
"4217",17,20,60,7,1,1.3392,1,21,"Subject_22","2",140,2
"4218",18,20,8,2,1,1.6261,0,21,"Subject_22","2",40,2
"4219",19,100,30,4,1,0.7117,1,21,"Subject_22","2",400,1
"4220",20,20,14,2,1,0.7032,0,21,"Subject_22","2",40,2
"4221",21,20,8,4,1,1.2648,0,21,"Subject_22","2",80,2
"4222",22,20,60,1.1,1,0.7322,1,21,"Subject_22","2",22,2
"4223",23,20,5,7,1,0.8777,1,21,"Subject_22","2",140,2
"4224",24,20,30,1.05,1,0.5186,1,21,"Subject_22","2",21,2
"4225",25,100,14,5,1,0.7744,1,21,"Subject_22","2",500,1
"4226",26,20,14,4,1,0.556,1,21,"Subject_22","2",80,2
"4227",27,20,3,13,1,1.4358,1,21,"Subject_22","2",260,2
"4228",28,100,8,4,1,0.769,0,21,"Subject_22","2",400,1
"4229",29,20,5,1.1,1,1.001,1,21,"Subject_22","2",22,2
"4230",30,100,3,1.02,1,0.5321,0,21,"Subject_22","2",102,1
"4231",31,100,60,2,1,0.6671,0,21,"Subject_22","2",200,1
"4232",32,100,8,2,1,0.6919,0,21,"Subject_22","2",200,1
"4233",33,100,1,7,1,0.4031,1,21,"Subject_22","2",700,1
"4234",34,20,60,3,1,0.4693,0,21,"Subject_22","2",60,2
"4235",35,100,8,2.5,1,0.6016,1,21,"Subject_22","2",250,1
"4236",36,20,14,7,1,1.0444,1,21,"Subject_22","2",140,2
"4237",37,100,30,13,1,0.672,1,21,"Subject_22","2",1300,1
"4238",38,20,8,1.8,1,0.8008,1,21,"Subject_22","2",36,2
"4239",39,100,8,1.2,1,0.5261,0,21,"Subject_22","2",120,1
"4240",40,20,60,13,1,0.6483,1,21,"Subject_22","2",260,2
"4241",41,100,5,1.02,1,0.5101,0,21,"Subject_22","2",102,1
"4242",42,100,14,4,1,0.4626,0,21,"Subject_22","2",400,1
"4243",43,20,8,1.01,1,0.6316,0,21,"Subject_22","2",20.2,2
"4244",44,20,3,2.5,1,0.5733,0,21,"Subject_22","2",50,2
"4245",45,100,30,2,1,0.9425,0,21,"Subject_22","2",200,1
"4246",46,100,5,1.1,1,0.5301,0,21,"Subject_22","2",110,1
"4247",47,100,8,1.02,1,0.5956,0,21,"Subject_22","2",102,1
"4248",48,100,14,1.05,1,0.6572,1,21,"Subject_22","2",105,1
"4249",49,20,5,2.5,1,0.6094,1,21,"Subject_22","2",50,2
"4250",50,20,5,4,1,0.5918,0,21,"Subject_22","2",80,2
"4251",51,20,5,10,1,0.5067,0,21,"Subject_22","2",200,2
"4252",52,100,8,10,1,0.5257,1,21,"Subject_22","2",1000,1
"4253",53,20,1,1.5,1,0.7712,1,21,"Subject_22","2",30,2
"4254",54,20,8,10,1,0.4392,0,21,"Subject_22","2",200,2
"4255",55,100,14,1.5,1,0.632,0,21,"Subject_22","2",150,1
"4256",56,20,8,13,1,0.6936,0,21,"Subject_22","2",260,2
"4257",57,100,1,1.2,1,0.7423,0,21,"Subject_22","2",120,1
"4258",58,20,30,1.1,1,0.4803,1,21,"Subject_22","2",22,2
"4259",59,100,1,1.05,0,0.6165,0,21,"Subject_22","2",105,1
"4260",60,20,30,1.02,1,0.6618,1,21,"Subject_22","2",20.4,2
"4261",61,100,5,4,1,1.2904,0,21,"Subject_22","2",400,1
"4262",62,20,30,7,1,0.4399,1,21,"Subject_22","2",140,2
"4263",63,100,1,10,1,0.486,0,21,"Subject_22","2",1000,1
"4264",64,100,60,1.8,0,0.7691,0,21,"Subject_22","2",180,1
"4265",65,20,1,7,1,0.9837,0,21,"Subject_22","2",140,2
"4266",66,20,5,3,1,0.5347,1,21,"Subject_22","2",60,2
"4267",67,100,14,1.1,1,0.6308,0,21,"Subject_22","2",110,1
"4268",68,100,1,1.01,1,0.7433,0,21,"Subject_22","2",101,1
"4269",69,20,8,2.5,1,0.8088,1,21,"Subject_22","2",50,2
"4270",70,20,60,1.8,1,0.9679,1,21,"Subject_22","2",36,2
"4271",71,100,1,1.02,1,0.4655,1,21,"Subject_22","2",102,1
"4272",72,100,8,1.1,1,0.7811,1,21,"Subject_22","2",110,1
"4273",73,100,8,13,1,1.0666,0,21,"Subject_22","2",1300,1
"4274",74,100,8,5,1,0.6715,1,21,"Subject_22","2",500,1
"4275",75,100,30,1.8,1,0.9701,1,21,"Subject_22","2",180,1
"4276",76,100,60,1.05,1,0.8379,1,21,"Subject_22","2",105,1
"4277",77,100,60,7,1,1.0931,0,21,"Subject_22","2",700,1
"4278",78,20,1,2.5,1,0.6769,1,21,"Subject_22","2",50,2
"4279",79,100,5,1.01,1,0.9699,0,21,"Subject_22","2",101,1
"4280",80,20,30,13,1,1.2344,0,21,"Subject_22","2",260,2
"4281",81,100,5,2,1,0.8287,1,21,"Subject_22","2",200,1
"4282",82,20,30,3,1,1.0544,1,21,"Subject_22","2",60,2
"4283",83,100,8,1.01,1,0.5247,0,21,"Subject_22","2",101,1
"4284",84,20,5,1.05,1,0.5105,0,21,"Subject_22","2",21,2
"4285",85,20,60,1.5,1,0.5931,0,21,"Subject_22","2",30,2
"4286",86,20,30,4,1,0.4623,1,21,"Subject_22","2",80,2
"4287",87,20,30,1.01,1,0.4081,0,21,"Subject_22","2",20.2,2
"4288",88,100,1,1.1,1,0.6407,1,21,"Subject_22","2",110,1
"4289",89,100,60,1.02,1,0.5027,1,21,"Subject_22","2",102,1
"4290",90,100,30,3,0,0.5622,1,21,"Subject_22","2",300,1
"4291",91,100,30,1.02,1,1.3249,1,21,"Subject_22","2",102,1
"4292",92,100,60,1.01,1,0.6193,0,21,"Subject_22","2",101,1
"4293",93,100,14,3,1,0.6979,1,21,"Subject_22","2",300,1
"4294",94,100,14,1.2,1,0.4864,1,21,"Subject_22","2",120,1
"4295",95,20,3,1.2,1,0.6924,0,21,"Subject_22","2",24,2
"4296",96,20,60,2,1,0.5277,0,21,"Subject_22","2",40,2
"4297",97,20,30,2.5,1,0.4566,1,21,"Subject_22","2",50,2
"4298",98,100,3,1.5,1,0.7599,0,21,"Subject_22","2",150,1
"4299",99,20,3,1.02,0,0.6852,0,21,"Subject_22","2",20.4,2
"4300",100,20,1,4,1,0.547,1,21,"Subject_22","2",80,2
"4301",101,20,1,1.02,1,0.6526,0,21,"Subject_22","2",20.4,2
"4302",102,20,60,10,1,0.8253,1,21,"Subject_22","2",200,2
"4303",103,100,30,10,1,0.4265,1,21,"Subject_22","2",1000,1
"4304",104,20,60,1.01,1,1.1665,0,21,"Subject_22","2",20.2,2
"4305",105,100,5,1.2,1,0.4033,1,21,"Subject_22","2",120,1
"4306",106,100,3,10,1,1.4128,1,21,"Subject_22","2",1000,1
"4307",107,20,3,1.05,1,0.6268,1,21,"Subject_22","2",21,2
"4308",108,20,14,10,1,0.7933,0,21,"Subject_22","2",200,2
"4309",109,100,5,7,1,0.5852,1,21,"Subject_22","2",700,1
"4310",110,20,1,3,1,0.6407,0,21,"Subject_22","2",60,2
"4311",111,20,14,13,1,0.6269,1,21,"Subject_22","2",260,2
"4312",112,20,5,13,1,0.6024,1,21,"Subject_22","2",260,2
"4313",113,100,60,1.1,1,0.4647,0,21,"Subject_22","2",110,1
"4314",114,100,1,4,1,0.3768,1,21,"Subject_22","2",400,1
"4315",115,20,14,1.02,1,0.4594,1,21,"Subject_22","2",20.4,2
"4316",116,20,1,13,1,0.6195,1,21,"Subject_22","2",260,2
"4317",117,100,5,1.8,1,0.6484,0,21,"Subject_22","2",180,1
"4318",118,20,5,1.01,1,0.5238,0,21,"Subject_22","2",20.2,2
"4319",119,20,30,10,1,1.0669,0,21,"Subject_22","2",200,2
"4320",120,100,14,13,1,0.4313,1,21,"Subject_22","2",1300,1
"4321",121,20,3,1.8,1,0.5275,1,21,"Subject_22","2",36,2
"4322",122,20,5,1.02,1,0.6767,0,21,"Subject_22","2",20.4,2
"4323",123,20,14,1.05,1,0.5763,0,21,"Subject_22","2",21,2
"4324",124,100,1,3,1,0.5721,1,21,"Subject_22","2",300,1
"4325",125,100,30,5,1,0.5846,1,21,"Subject_22","2",500,1
"4326",126,100,30,1.01,1,0.5438,1,21,"Subject_22","2",101,1
"4327",127,100,14,7,1,0.6966,1,21,"Subject_22","2",700,1
"4328",128,20,3,3,1,0.5454,0,21,"Subject_22","2",60,2
"4329",129,20,1,5,1,0.5786,1,21,"Subject_22","2",100,2
"4330",130,100,5,1.5,1,0.4437,1,21,"Subject_22","2",150,1
"4331",131,20,1,10,1,0.7266,0,21,"Subject_22","2",200,2
"4332",132,100,3,13,1,0.612,1,21,"Subject_22","2",1300,1
"4333",133,20,1,1.05,1,0.6076,1,21,"Subject_22","2",21,2
"4334",134,20,14,3,1,0.9507,0,21,"Subject_22","2",60,2
"4335",135,100,30,2.5,1,0.6658,1,21,"Subject_22","2",250,1
"4336",136,100,30,7,1,0.9556,0,21,"Subject_22","2",700,1
"4337",137,100,8,1.5,1,0.5069,0,21,"Subject_22","2",150,1
"4338",138,20,8,1.05,1,0.5434,1,21,"Subject_22","2",21,2
"4339",139,100,3,3,1,0.5225,0,21,"Subject_22","2",300,1
"4340",140,20,30,5,1,1.0093,1,21,"Subject_22","2",100,2
"4341",141,100,1,13,1,0.7648,0,21,"Subject_22","2",1300,1
"4342",142,100,5,2.5,1,1.6046,1,21,"Subject_22","2",250,1
"4343",143,20,14,1.2,1,0.3641,0,21,"Subject_22","2",24,2
"4344",144,20,8,1.1,1,0.4105,1,21,"Subject_22","2",22,2
"4345",145,20,8,3,1,0.6469,0,21,"Subject_22","2",60,2
"4346",146,100,1,1.8,1,0.4493,0,21,"Subject_22","2",180,1
"4347",147,20,60,1.2,1,0.4819,1,21,"Subject_22","2",24,2
"4348",148,100,60,4,1,0.5246,0,21,"Subject_22","2",400,1
"4349",149,20,14,5,1,0.3645,1,21,"Subject_22","2",100,2
"4350",150,20,3,7,1,0.5613,1,21,"Subject_22","2",140,2
"4351",151,20,8,7,1,0.5776,1,21,"Subject_22","2",140,2
"4352",152,100,1,2.5,1,0.4933,0,21,"Subject_22","2",250,1
"4353",153,20,30,2,1,0.4131,1,21,"Subject_22","2",40,2
"4354",154,20,8,1.2,1,0.5122,0,21,"Subject_22","2",24,2
"4355",155,100,1,2,1,0.5224,1,21,"Subject_22","2",200,1
"4356",156,20,8,5,1,0.5545,1,21,"Subject_22","2",100,2
"4357",157,100,60,10,1,0.7815,0,21,"Subject_22","2",1000,1
"4358",158,100,5,1.05,1,0.6465,1,21,"Subject_22","2",105,1
"4359",159,100,1,5,1,0.4556,1,21,"Subject_22","2",500,1
"4360",160,100,3,1.01,1,0.6853,1,21,"Subject_22","2",101,1
"4361",161,100,8,1.8,1,0.594,0,21,"Subject_22","2",180,1
"4362",162,100,5,5,1,0.4795,0,21,"Subject_22","2",500,1
"4363",163,100,1,1.5,1,0.4994,0,21,"Subject_22","2",150,1
"4364",164,100,5,13,1,0.6553,1,21,"Subject_22","2",1300,1
"4365",165,20,3,2,1,0.8651,1,21,"Subject_22","2",40,2
"4366",166,100,14,1.01,1,0.6002,0,21,"Subject_22","2",101,1
"4367",167,20,60,2.5,1,0.7325,0,21,"Subject_22","2",50,2
"4368",168,100,60,3,1,0.9277,0,21,"Subject_22","2",300,1
"4369",169,20,3,4,1,0.6129,1,21,"Subject_22","2",80,2
"4370",170,100,60,5,1,0.6354,1,21,"Subject_22","2",500,1
"4371",171,20,1,2,1,0.4039,1,21,"Subject_22","2",40,2
"4372",172,20,5,1.2,1,0.5435,0,21,"Subject_22","2",24,2
"4373",173,20,30,1.2,1,0.4227,0,21,"Subject_22","2",24,2
"4374",174,100,3,1.1,1,0.3658,0,21,"Subject_22","2",110,1
"4375",175,100,14,1.02,1,0.3656,0,21,"Subject_22","2",102,1
"4376",176,20,8,1.5,1,0.6887,1,21,"Subject_22","2",30,2
"4377",177,20,60,4,1,0.7607,0,21,"Subject_22","2",80,2
"4378",178,20,3,1.5,1,0.4492,1,21,"Subject_22","2",30,2
"4379",179,20,5,1.8,1,0.4887,1,21,"Subject_22","2",36,2
"4380",180,20,60,1.02,1,0.4047,1,21,"Subject_22","2",20.4,2
"4381",181,20,30,1.8,1,0.4644,0,21,"Subject_22","2",36,2
"4382",182,20,60,1.05,1,0.357,0,21,"Subject_22","2",21,2
"4383",183,100,60,1.5,1,0.7836,1,21,"Subject_22","2",150,1
"4384",184,20,14,2.5,1,0.5956,1,21,"Subject_22","2",50,2
"4385",185,20,3,5,1,0.5884,1,21,"Subject_22","2",100,2
"4386",186,100,3,2,1,0.5346,1,21,"Subject_22","2",200,1
"4387",187,100,3,1.05,1,0.5446,0,21,"Subject_22","2",105,1
"4388",188,100,3,1.2,1,0.3872,1,21,"Subject_22","2",120,1
"4389",189,20,30,1.5,1,0.7272,0,21,"Subject_22","2",30,2
"4390",190,20,1,1.1,1,0.4022,1,21,"Subject_22","2",22,2
"4391",191,100,3,1.8,1,0.5819,0,21,"Subject_22","2",180,1
"4392",192,20,14,1.01,1,0.3675,1,21,"Subject_22","2",20.2,2
"4393",193,100,30,1.1,1,0.6684,0,21,"Subject_22","2",110,1
"4394",194,100,60,13,1,0.5979,1,21,"Subject_22","2",1300,1
"4395",195,100,60,2.5,1,0.4375,1,21,"Subject_22","2",250,1
"4396",196,100,3,7,1,0.4774,1,21,"Subject_22","2",700,1
"4397",197,100,5,3,1,0.4308,1,21,"Subject_22","2",300,1
"4398",198,100,3,5,1,0.4237,0,21,"Subject_22","2",500,1
"4399",199,20,5,5,1,0.4702,0,21,"Subject_22","2",100,2
"4400",200,20,8,1.02,1,0.4335,1,21,"Subject_22","2",20.4,2
"4401",201,20,1,1.01,1,0.6971,0,21,"Subject_22","2",20.2,2
"4402",202,100,8,1.05,1,0.4193,0,21,"Subject_22","2",105,1
"4403",203,20,60,5,1,0.4722,1,21,"Subject_22","2",100,2
"4404",204,100,8,7,1,1.0157,0,21,"Subject_22","2",700,1
"4405",205,100,8,3,1,0.4673,1,21,"Subject_22","2",300,1
"4406",206,100,30,1.5,1,0.4664,0,21,"Subject_22","2",150,1
"4407",207,20,1,1.8,1,0.6358,1,21,"Subject_22","2",36,2
"4408",208,20,3,10,1,0.7988,1,21,"Subject_22","2",200,2
"4409",209,20,14,1.5,1,0.5273,1,21,"Subject_22","2",30,2
"4410",210,100,30,1.2,1,0.3467,1,21,"Subject_22","2",120,1
"4411",1,100,14,1.2,0,3.4417,1,22,"Subject_23","1",120,1
"4412",2,100,3,2.5,1,1.8362,0,22,"Subject_23","1",250,1
"4413",3,100,1,1.05,0,2.6287,1,22,"Subject_23","1",105,1
"4414",4,100,14,1.02,0,1.6776,0,22,"Subject_23","1",102,1
"4415",5,100,8,4,1,1.5151,1,22,"Subject_23","1",400,1
"4416",6,20,1,1.02,0,2.2762,1,22,"Subject_23","1",20.4,2
"4417",7,20,8,1.02,0,1.8857,1,22,"Subject_23","1",20.4,2
"4418",8,100,1,5,1,1.6048,0,22,"Subject_23","1",500,1
"4419",9,100,14,4,1,2.0573,0,22,"Subject_23","1",400,1
"4420",10,100,5,7,1,1.1972,1,22,"Subject_23","1",700,1
"4421",11,100,3,1.05,0,1.5513,0,22,"Subject_23","1",105,1
"4422",12,20,3,4,1,1.8924,0,22,"Subject_23","1",80,2
"4423",13,100,5,5,1,1.5149,1,22,"Subject_23","1",500,1
"4424",14,100,3,7,1,1.0894,1,22,"Subject_23","1",700,1
"4425",15,100,60,1.5,0,2.3483,1,22,"Subject_23","1",150,1
"4426",16,20,3,13,1,1.6524,1,22,"Subject_23","1",260,2
"4427",17,20,30,2,0,2.2606,1,22,"Subject_23","1",40,2
"4428",18,100,14,1.05,0,1.9536,1,22,"Subject_23","1",105,1
"4429",19,20,30,1.01,0,1.7013,1,22,"Subject_23","1",20.2,2
"4430",20,20,14,1.8,0,1.8676,1,22,"Subject_23","1",36,2
"4431",21,100,8,5,1,1.3964,0,22,"Subject_23","1",500,1
"4432",22,100,60,3,0,1.5239,0,22,"Subject_23","1",300,1
"4433",23,100,8,1.8,0,2.7223,1,22,"Subject_23","1",180,1
"4434",24,100,30,1.5,1,1.7199,1,22,"Subject_23","1",150,1
"4435",25,100,8,1.02,0,1.2515,0,22,"Subject_23","1",102,1
"4436",26,20,14,3,0,1.5777,0,22,"Subject_23","1",60,2
"4437",27,20,1,1.2,1,2.632,0,22,"Subject_23","1",24,2
"4438",28,100,1,1.01,0,1.7724,1,22,"Subject_23","1",101,1
"4439",29,20,60,2,0,1.4633,0,22,"Subject_23","1",40,2
"4440",30,20,60,7,0,1.5609,0,22,"Subject_23","1",140,2
"4441",31,100,5,2.5,1,1.5386,1,22,"Subject_23","1",250,1
"4442",32,20,60,3,0,2.3594,1,22,"Subject_23","1",60,2
"4443",33,20,1,7,1,1.5148,0,22,"Subject_23","1",140,2
"4444",34,100,60,5,1,1.9125,0,22,"Subject_23","1",500,1
"4445",35,100,8,2.5,1,1.2771,0,22,"Subject_23","1",250,1
"4446",36,100,5,1.02,0,2.5405,1,22,"Subject_23","1",102,1
"4447",37,100,5,1.5,1,1.5693,1,22,"Subject_23","1",150,1
"4448",38,100,14,5,1,1.5238,0,22,"Subject_23","1",500,1
"4449",39,20,3,3,1,1.6829,1,22,"Subject_23","1",60,2
"4450",40,20,60,10,1,1.9665,0,22,"Subject_23","1",200,2
"4451",41,100,14,3,1,1.3929,1,22,"Subject_23","1",300,1
"4452",42,100,60,1.02,0,1.3879,1,22,"Subject_23","1",102,1
"4453",43,100,5,13,1,1.8127,1,22,"Subject_23","1",1300,1
"4454",44,100,60,10,1,1.2146,0,22,"Subject_23","1",1000,1
"4455",45,100,3,4,1,2.0415,0,22,"Subject_23","1",400,1
"4456",46,20,60,1.02,0,4.2247,1,22,"Subject_23","1",20.4,2
"4457",47,20,5,1.8,1,3.5317,0,22,"Subject_23","1",36,2
"4458",48,20,60,1.1,0,2.7878,1,22,"Subject_23","1",22,2
"4459",49,20,3,1.02,0,1.838,0,22,"Subject_23","1",20.4,2
"4460",50,100,5,1.8,1,1.452,1,22,"Subject_23","1",180,1
"4461",51,20,14,1.2,1,1.6728,1,22,"Subject_23","1",24,2
"4462",52,20,60,1.5,0,1.5901,0,22,"Subject_23","1",30,2
"4463",53,100,8,13,1,1.0658,0,22,"Subject_23","1",1300,1
"4464",54,100,30,1.02,0,1.5379,0,22,"Subject_23","1",102,1
"4465",55,100,3,1.8,1,1.1419,1,22,"Subject_23","1",180,1
"4466",56,100,1,4,1,1.1052,1,22,"Subject_23","1",400,1
"4467",57,20,3,2.5,1,1.7274,1,22,"Subject_23","1",50,2
"4468",58,20,5,1.5,1,2.155,1,22,"Subject_23","1",30,2
"4469",59,20,60,1.2,0,1.4465,0,22,"Subject_23","1",24,2
"4470",60,100,60,1.05,0,1.5628,1,22,"Subject_23","1",105,1
"4471",61,100,30,1.1,0,2.431,0,22,"Subject_23","1",110,1
"4472",62,100,14,7,1,1.2184,1,22,"Subject_23","1",700,1
"4473",63,100,5,2,1,3.0085,0,22,"Subject_23","1",200,1
"4474",64,20,30,1.05,0,2.3596,1,22,"Subject_23","1",21,2
"4475",65,100,14,1.8,1,1.7209,0,22,"Subject_23","1",180,1
"4476",66,100,5,3,1,1.3394,1,22,"Subject_23","1",300,1
"4477",67,100,1,2,1,1.2816,1,22,"Subject_23","1",200,1
"4478",68,100,8,1.2,1,1.1545,1,22,"Subject_23","1",120,1
"4479",69,20,3,1.01,0,1.2706,1,22,"Subject_23","1",20.2,2
"4480",70,100,60,7,1,1.702,1,22,"Subject_23","1",700,1
"4481",71,100,60,2,1,2.0019,0,22,"Subject_23","1",200,1
"4482",72,100,30,2,1,2.8539,0,22,"Subject_23","1",200,1
"4483",73,20,14,2,1,2.0029,1,22,"Subject_23","1",40,2
"4484",74,20,1,1.8,1,1.079,0,22,"Subject_23","1",36,2
"4485",75,20,5,4,1,1.2512,1,22,"Subject_23","1",80,2
"4486",76,20,1,1.01,0,1.5927,1,22,"Subject_23","1",20.2,2
"4487",77,20,30,1.2,0,1.9627,0,22,"Subject_23","1",24,2
"4488",78,100,30,1.01,0,1.3186,0,22,"Subject_23","1",101,1
"4489",79,20,3,1.5,1,1.6123,1,22,"Subject_23","1",30,2
"4490",80,20,1,5,1,1.4818,1,22,"Subject_23","1",100,2
"4491",81,20,60,5,0,1.5468,0,22,"Subject_23","1",100,2
"4492",82,100,14,1.1,1,1.9445,1,22,"Subject_23","1",110,1
"4493",83,20,60,1.8,1,2.0869,0,22,"Subject_23","1",36,2
"4494",84,20,1,4,1,1.6177,0,22,"Subject_23","1",80,2
"4495",85,20,5,1.01,0,1.5441,0,22,"Subject_23","1",20.2,2
"4496",86,100,8,1.5,1,1.285,1,22,"Subject_23","1",150,1
"4497",87,100,1,1.1,1,1.3661,1,22,"Subject_23","1",110,1
"4498",88,100,60,1.1,0,1.8823,0,22,"Subject_23","1",110,1
"4499",89,20,3,2,1,1.6907,0,22,"Subject_23","1",40,2
"4500",90,100,1,1.2,1,1.4385,1,22,"Subject_23","1",120,1
"4501",91,20,60,1.05,0,1.952,1,22,"Subject_23","1",21,2
"4502",92,20,30,1.8,1,1.332,1,22,"Subject_23","1",36,2
"4503",93,100,3,2,1,1.9855,0,22,"Subject_23","1",200,1
"4504",94,20,8,2.5,0,1.5261,0,22,"Subject_23","1",50,2
"4505",95,100,3,1.2,1,0.9547,0,22,"Subject_23","1",120,1
"4506",96,100,5,4,1,1.3025,1,22,"Subject_23","1",400,1
"4507",97,100,14,1.01,0,1.6994,1,22,"Subject_23","1",101,1
"4508",98,20,60,13,1,1.7432,1,22,"Subject_23","1",260,2
"4509",99,100,14,13,1,1.119,0,22,"Subject_23","1",1300,1
"4510",100,20,8,2,0,1.4146,1,22,"Subject_23","1",40,2
"4511",101,20,3,1.1,0,1.367,1,22,"Subject_23","1",22,2
"4512",102,100,1,7,1,0.9458,0,22,"Subject_23","1",700,1
"4513",103,100,60,1.8,1,1.5579,1,22,"Subject_23","1",180,1
"4514",104,20,30,1.5,0,2.4123,1,22,"Subject_23","1",30,2
"4515",105,20,5,2,1,2.1005,0,22,"Subject_23","1",40,2
"4516",106,100,5,10,1,1.1031,0,22,"Subject_23","1",1000,1
"4517",107,100,8,1.01,0,1.3733,0,22,"Subject_23","1",101,1
"4518",108,20,14,5,1,1.3266,0,22,"Subject_23","1",100,2
"4519",109,20,1,13,1,0.9623,0,22,"Subject_23","1",260,2
"4520",110,20,14,4,1,2.6784,1,22,"Subject_23","1",80,2
"4521",111,20,30,1.1,0,1.3021,0,22,"Subject_23","1",22,2
"4522",112,100,3,1.5,1,1.1783,0,22,"Subject_23","1",150,1
"4523",113,20,3,5,1,1.1663,0,22,"Subject_23","1",100,2
"4524",114,20,14,2.5,1,1.6071,0,22,"Subject_23","1",50,2
"4525",115,20,8,7,1,1.2123,0,22,"Subject_23","1",140,2
"4526",116,20,3,10,1,1.0784,0,22,"Subject_23","1",200,2
"4527",117,20,60,1.01,0,1.8591,0,22,"Subject_23","1",20.2,2
"4528",118,100,8,3,1,1.5157,1,22,"Subject_23","1",300,1
"4529",119,20,8,1.5,1,2.04,0,22,"Subject_23","1",30,2
"4530",120,20,8,1.05,0,1.4514,0,22,"Subject_23","1",21,2
"4531",121,20,5,2.5,1,3.5318,1,22,"Subject_23","1",50,2
"4532",122,20,5,1.05,0,1.2896,0,22,"Subject_23","1",21,2
"4533",123,100,8,10,1,1.3947,0,22,"Subject_23","1",1000,1
"4534",124,20,5,1.2,0,1.2714,0,22,"Subject_23","1",24,2
"4535",125,20,3,7,1,2.7788,0,22,"Subject_23","1",140,2
"4536",126,100,60,4,1,2.1102,0,22,"Subject_23","1",400,1
"4537",127,20,8,3,1,1.3246,1,22,"Subject_23","1",60,2
"4538",128,100,60,1.01,0,1.5543,1,22,"Subject_23","1",101,1
"4539",129,100,14,2.5,1,1.4124,0,22,"Subject_23","1",250,1
"4540",130,20,8,1.01,0,1.319,1,22,"Subject_23","1",20.2,2
"4541",131,20,8,10,1,3.1378,1,22,"Subject_23","1",200,2
"4542",132,100,14,10,1,1.3937,1,22,"Subject_23","1",1000,1
"4543",133,100,30,4,1,2.2051,0,22,"Subject_23","1",400,1
"4544",134,100,14,2,1,1.3105,0,22,"Subject_23","1",200,1
"4545",135,20,14,1.5,1,2.0521,1,22,"Subject_23","1",30,2
"4546",136,20,30,13,1,1.0149,0,22,"Subject_23","1",260,2
"4547",137,100,14,1.5,1,1.4068,1,22,"Subject_23","1",150,1
"4548",138,100,30,10,1,1.4244,1,22,"Subject_23","1",1000,1
"4549",139,100,8,7,1,1.1105,0,22,"Subject_23","1",700,1
"4550",140,100,8,2,1,1.3414,0,22,"Subject_23","1",200,1
"4551",141,100,30,1.2,1,1.4802,0,22,"Subject_23","1",120,1
"4552",142,20,5,3,1,1.5816,0,22,"Subject_23","1",60,2
"4553",143,20,3,1.05,0,1.5168,0,22,"Subject_23","1",21,2
"4554",144,100,5,1.2,0,1.9976,1,22,"Subject_23","1",120,1
"4555",145,20,5,10,1,1.3741,0,22,"Subject_23","1",200,2
"4556",146,100,3,3,1,1.2976,1,22,"Subject_23","1",300,1
"4557",147,100,5,1.1,0,1.6213,1,22,"Subject_23","1",110,1
"4558",148,20,1,10,1,1.5868,0,22,"Subject_23","1",200,2
"4559",149,100,30,2.5,1,1.1921,0,22,"Subject_23","1",250,1
"4560",150,20,30,7,1,1.1286,0,22,"Subject_23","1",140,2
"4561",151,100,8,1.1,0,1.6767,0,22,"Subject_23","1",110,1
"4562",152,20,14,1.01,0,1.5346,0,22,"Subject_23","1",20.2,2
"4563",153,100,60,1.2,0,1.5015,0,22,"Subject_23","1",120,1
"4564",154,20,30,4,1,2.3439,0,22,"Subject_23","1",80,2
"4565",155,20,3,1.8,0,1.8713,1,22,"Subject_23","1",36,2
"4566",156,100,3,5,1,1.1787,1,22,"Subject_23","1",500,1
"4567",157,20,1,1.5,1,1.6573,1,22,"Subject_23","1",30,2
"4568",158,100,30,5,1,1.7538,1,22,"Subject_23","1",500,1
"4569",159,20,1,1.1,0,1.2204,1,22,"Subject_23","1",22,2
"4570",160,100,1,2.5,1,1.0553,0,22,"Subject_23","1",250,1
"4571",161,100,30,13,1,1.0193,1,22,"Subject_23","1",1300,1
"4572",162,100,3,1.01,0,1.2395,0,22,"Subject_23","1",101,1
"4573",163,20,60,2.5,1,2.1829,0,22,"Subject_23","1",50,2
"4574",164,20,8,1.8,0,1.6738,0,22,"Subject_23","1",36,2
"4575",165,20,8,13,1,1.3366,1,22,"Subject_23","1",260,2
"4576",166,100,3,1.1,1,1.3395,0,22,"Subject_23","1",110,1
"4577",167,100,30,3,1,1.016,0,22,"Subject_23","1",300,1
"4578",168,20,14,1.1,0,1.4022,0,22,"Subject_23","1",22,2
"4579",169,20,5,13,1,0.831,0,22,"Subject_23","1",260,2
"4580",170,100,1,1.5,1,1.8422,0,22,"Subject_23","1",150,1
"4581",171,20,8,1.2,0,1.3399,1,22,"Subject_23","1",24,2
"4582",172,20,14,13,1,0.6615,0,22,"Subject_23","1",260,2
"4583",173,100,5,1.01,0,1.5482,0,22,"Subject_23","1",101,1
"4584",174,20,3,1.2,0,2.1164,1,22,"Subject_23","1",24,2
"4585",175,100,30,7,1,1.6104,1,22,"Subject_23","1",700,1
"4586",176,20,14,10,1,1.5202,0,22,"Subject_23","1",200,2
"4587",177,100,30,1.8,1,1.2752,0,22,"Subject_23","1",180,1
"4588",178,100,60,2.5,1,1.1529,1,22,"Subject_23","1",250,1
"4589",179,20,1,3,1,1.2994,0,22,"Subject_23","1",60,2
"4590",180,20,8,4,1,1.2985,1,22,"Subject_23","1",80,2
"4591",181,100,3,13,1,0.6309,0,22,"Subject_23","1",1300,1
"4592",182,100,5,1.05,0,1.3972,0,22,"Subject_23","1",105,1
"4593",183,20,1,1.05,0,2.2656,1,22,"Subject_23","1",21,2
"4594",184,100,1,10,1,0.7469,0,22,"Subject_23","1",1000,1
"4595",185,100,1,1.8,1,2.4269,0,22,"Subject_23","1",180,1
"4596",186,20,30,1.02,1,1.163,1,22,"Subject_23","1",20.4,2
"4597",187,100,30,1.05,0,1.6531,0,22,"Subject_23","1",105,1
"4598",188,20,1,2,1,1.3702,1,22,"Subject_23","1",40,2
"4599",189,20,5,5,1,2.2295,0,22,"Subject_23","1",100,2
"4600",190,20,8,5,1,1.4283,0,22,"Subject_23","1",100,2
"4601",191,20,14,1.02,0,1.1685,0,22,"Subject_23","1",20.4,2
"4602",192,20,60,4,1,1.4291,1,22,"Subject_23","1",80,2
"4603",193,20,30,5,1,1.5954,1,22,"Subject_23","1",100,2
"4604",194,20,30,10,1,1.1516,1,22,"Subject_23","1",200,2
"4605",195,20,30,3,1,0.9936,1,22,"Subject_23","1",60,2
"4606",196,100,3,10,1,0.9244,1,22,"Subject_23","1",1000,1
"4607",197,20,5,1.1,0,1.4866,0,22,"Subject_23","1",22,2
"4608",198,100,8,1.05,0,1.5415,0,22,"Subject_23","1",105,1
"4609",199,20,14,7,1,1.0592,1,22,"Subject_23","1",140,2
"4610",200,100,1,3,1,1.028,0,22,"Subject_23","1",300,1
"4611",201,100,60,13,1,1.2316,0,22,"Subject_23","1",1300,1
"4612",202,20,5,7,1,0.861,0,22,"Subject_23","1",140,2
"4613",203,100,1,13,1,1.0442,1,22,"Subject_23","1",1300,1
"4614",204,20,1,2.5,1,1.1443,1,22,"Subject_23","1",50,2
"4615",205,100,1,1.02,0,1.0198,0,22,"Subject_23","1",102,1
"4616",206,20,30,2.5,1,2.0198,0,22,"Subject_23","1",50,2
"4617",207,20,5,1.02,0,1.317,0,22,"Subject_23","1",20.4,2
"4618",208,100,3,1.02,0,1.4426,1,22,"Subject_23","1",102,1
"4619",209,20,8,1.1,0,1.6829,1,22,"Subject_23","1",22,2
"4620",210,20,14,1.05,0,1.37,0,22,"Subject_23","1",21,2
"4621",1,100,60,10,1,2.4784,0,23,"Subject_24","1",1000,1
"4622",2,100,14,2,1,1.9354,1,23,"Subject_24","1",200,1
"4623",3,100,5,1.01,0,2.7892,1,23,"Subject_24","1",101,1
"4624",4,20,8,10,1,1.954,0,23,"Subject_24","1",200,2
"4625",5,100,30,4,1,2.53,1,23,"Subject_24","1",400,1
"4626",6,20,1,2,1,2.0827,1,23,"Subject_24","1",40,2
"4627",7,20,30,1.8,1,2.8792,0,23,"Subject_24","1",36,2
"4628",8,20,30,2,1,3.3297,1,23,"Subject_24","1",40,2
"4629",9,20,5,1.05,0,1.8957,1,23,"Subject_24","1",21,2
"4630",10,20,8,1.05,0,2.1615,1,23,"Subject_24","1",21,2
"4631",11,20,1,2.5,1,1.8595,1,23,"Subject_24","1",50,2
"4632",12,100,8,13,1,1.4521,1,23,"Subject_24","1",1300,1
"4633",13,100,60,1.02,0,1.5476,0,23,"Subject_24","1",102,1
"4634",14,100,30,1.2,1,3.7916,0,23,"Subject_24","1",120,1
"4635",15,20,30,1.1,0,2.2656,1,23,"Subject_24","1",22,2
"4636",16,20,3,3,1,1.5997,0,23,"Subject_24","1",60,2
"4637",17,20,60,3,1,2.4793,0,23,"Subject_24","1",60,2
"4638",18,100,60,2,1,2.2775,0,23,"Subject_24","1",200,1
"4639",19,20,1,5,1,2.0934,0,23,"Subject_24","1",100,2
"4640",20,100,3,1.1,0,1.5701,1,23,"Subject_24","1",110,1
"4641",21,20,60,10,1,2.693,1,23,"Subject_24","1",200,2
"4642",22,20,1,4,1,1.3059,1,23,"Subject_24","1",80,2
"4643",23,20,1,1.5,1,2.1735,1,23,"Subject_24","1",30,2
"4644",24,20,8,5,1,1.5194,1,23,"Subject_24","1",100,2
"4645",25,100,1,10,1,0.9852,0,23,"Subject_24","1",1000,1
"4646",26,100,3,2,1,1.3586,1,23,"Subject_24","1",200,1
"4647",27,100,14,2.5,1,1.8182,1,23,"Subject_24","1",250,1
"4648",28,20,30,1.01,0,1.2913,1,23,"Subject_24","1",20.2,2
"4649",29,100,14,1.05,0,1.895,0,23,"Subject_24","1",105,1
"4650",30,20,60,4,1,2.2916,0,23,"Subject_24","1",80,2
"4651",31,20,1,3,1,1.2317,0,23,"Subject_24","1",60,2
"4652",32,100,60,1.1,1,1.723,0,23,"Subject_24","1",110,1
"4653",33,20,30,1.2,0,3.8171,0,23,"Subject_24","1",24,2
"4654",34,100,3,10,1,0.9946,1,23,"Subject_24","1",1000,1
"4655",35,100,8,1.5,1,1.2611,1,23,"Subject_24","1",150,1
"4656",36,100,1,7,1,1.0754,1,23,"Subject_24","1",700,1
"4657",37,100,14,1.02,0,2.0424,1,23,"Subject_24","1",102,1
"4658",38,20,3,1.02,0,1.3955,1,23,"Subject_24","1",20.4,2
"4659",39,20,5,1.1,0,2.0319,1,23,"Subject_24","1",22,2
"4660",40,20,60,1.02,0,2.0983,1,23,"Subject_24","1",20.4,2
"4661",41,20,5,1.5,1,1.5177,0,23,"Subject_24","1",30,2
"4662",42,100,60,2.5,1,1.2132,0,23,"Subject_24","1",250,1
"4663",43,20,8,2.5,1,1.0833,1,23,"Subject_24","1",50,2
"4664",44,20,5,1.01,0,1.1322,1,23,"Subject_24","1",20.2,2
"4665",45,100,14,1.01,0,1.6056,0,23,"Subject_24","1",101,1
"4666",46,100,60,13,1,1.1813,1,23,"Subject_24","1",1300,1
"4667",47,100,30,1.02,0,1.2962,1,23,"Subject_24","1",102,1
"4668",48,20,5,5,1,2.0635,0,23,"Subject_24","1",100,2
"4669",49,100,3,3,1,1.0661,1,23,"Subject_24","1",300,1
"4670",50,100,3,5,1,0.9917,0,23,"Subject_24","1",500,1
"4671",51,20,30,5,1,0.9211,1,23,"Subject_24","1",100,2
"4672",52,20,1,10,1,1.1038,0,23,"Subject_24","1",200,2
"4673",53,20,5,1.02,0,1.5613,0,23,"Subject_24","1",20.4,2
"4674",54,100,5,4,1,0.7981,0,23,"Subject_24","1",400,1
"4675",55,100,3,1.05,0,1.6789,0,23,"Subject_24","1",105,1
"4676",56,100,14,10,1,1.6261,1,23,"Subject_24","1",1000,1
"4677",57,100,8,5,1,1.4503,0,23,"Subject_24","1",500,1
"4678",58,100,5,1.1,1,2.7383,0,23,"Subject_24","1",110,1
"4679",59,100,60,1.05,0,1.6082,1,23,"Subject_24","1",105,1
"4680",60,100,14,13,1,0.76,0,23,"Subject_24","1",1300,1
"4681",61,20,14,3,1,0.9792,0,23,"Subject_24","1",60,2
"4682",62,100,8,10,1,0.7831,0,23,"Subject_24","1",1000,1
"4683",63,20,14,5,1,0.7011,1,23,"Subject_24","1",100,2
"4684",64,100,1,1.5,1,1.055,0,23,"Subject_24","1",150,1
"4685",65,20,3,1.5,1,1.4076,0,23,"Subject_24","1",30,2
"4686",66,100,8,1.05,0,1.7213,1,23,"Subject_24","1",105,1
"4687",67,20,14,1.05,0,2.499,0,23,"Subject_24","1",21,2
"4688",68,20,60,1.8,1,1.2287,1,23,"Subject_24","1",36,2
"4689",69,100,5,7,1,1.0402,1,23,"Subject_24","1",700,1
"4690",70,20,14,10,1,1.2322,0,23,"Subject_24","1",200,2
"4691",71,20,14,7,1,0.9525,0,23,"Subject_24","1",140,2
"4692",72,20,5,1.2,1,4.3998,0,23,"Subject_24","1",24,2
"4693",73,100,60,1.01,0,1.3408,0,23,"Subject_24","1",101,1
"4694",74,100,30,2,1,0.9931,0,23,"Subject_24","1",200,1
"4695",75,20,3,10,1,0.9099,0,23,"Subject_24","1",200,2
"4696",76,20,8,3,1,0.6545,1,23,"Subject_24","1",60,2
"4697",77,100,1,1.05,0,1.0872,0,23,"Subject_24","1",105,1
"4698",78,20,5,13,1,1.0633,0,23,"Subject_24","1",260,2
"4699",79,100,30,3,1,0.6626,0,23,"Subject_24","1",300,1
"4700",80,20,3,2.5,1,0.6971,1,23,"Subject_24","1",50,2
"4701",81,100,1,3,1,0.6998,1,23,"Subject_24","1",300,1
"4702",82,20,60,1.1,0,1.1482,0,23,"Subject_24","1",22,2
"4703",83,20,30,1.02,0,1.3703,1,23,"Subject_24","1",20.4,2
"4704",84,100,1,13,1,0.6959,1,23,"Subject_24","1",1300,1
"4705",85,20,3,1.8,1,0.6741,1,23,"Subject_24","1",36,2
"4706",86,20,3,1.05,1,1.052,0,23,"Subject_24","1",21,2
"4707",87,20,1,1.05,0,1.5575,0,23,"Subject_24","1",21,2
"4708",88,100,1,1.01,0,1.221,0,23,"Subject_24","1",101,1
"4709",89,100,1,5,1,1.0839,1,23,"Subject_24","1",500,1
"4710",90,100,5,1.2,1,1.0913,0,23,"Subject_24","1",120,1
"4711",91,20,8,4,1,0.8727,0,23,"Subject_24","1",80,2
"4712",92,20,14,1.1,0,1.6648,1,23,"Subject_24","1",22,2
"4713",93,20,3,2,1,0.851,1,23,"Subject_24","1",40,2
"4714",94,20,1,7,1,1.0093,1,23,"Subject_24","1",140,2
"4715",95,20,14,2,1,2.846,0,23,"Subject_24","1",40,2
"4716",96,20,14,1.01,0,0.7243,1,23,"Subject_24","1",20.2,2
"4717",97,20,14,2.5,1,0.8682,1,23,"Subject_24","1",50,2
"4718",98,100,3,1.5,1,0.8703,1,23,"Subject_24","1",150,1
"4719",99,100,60,1.5,1,0.7969,1,23,"Subject_24","1",150,1
"4720",100,20,8,7,1,0.7817,0,23,"Subject_24","1",140,2
"4721",101,20,60,1.2,0,2.0171,0,23,"Subject_24","1",24,2
"4722",102,100,30,1.5,1,1.0937,0,23,"Subject_24","1",150,1
"4723",103,100,14,4,1,1.0306,1,23,"Subject_24","1",400,1
"4724",104,100,8,2.5,1,1.2412,0,23,"Subject_24","1",250,1
"4725",105,20,60,5,1,0.9372,1,23,"Subject_24","1",100,2
"4726",106,100,5,10,1,1.7972,1,23,"Subject_24","1",1000,1
"4727",107,100,30,1.1,1,3.8535,1,23,"Subject_24","1",110,1
"4728",108,20,8,1.1,0,1.9823,0,23,"Subject_24","1",22,2
"4729",109,100,5,3,1,1.0094,1,23,"Subject_24","1",300,1
"4730",110,100,5,5,1,1.2041,0,23,"Subject_24","1",500,1
"4731",111,100,3,1.2,1,1.1057,0,23,"Subject_24","1",120,1
"4732",112,100,5,1.5,1,0.6385,0,23,"Subject_24","1",150,1
"4733",113,20,60,7,1,0.6677,1,23,"Subject_24","1",140,2
"4734",114,20,8,1.5,1,0.7982,0,23,"Subject_24","1",30,2
"4735",115,100,1,4,1,0.6109,0,23,"Subject_24","1",400,1
"4736",116,100,30,13,1,0.9627,1,23,"Subject_24","1",1300,1
"4737",117,100,14,1.5,1,0.6374,1,23,"Subject_24","1",150,1
"4738",118,100,60,1.2,1,0.8362,0,23,"Subject_24","1",120,1
"4739",119,100,60,1.8,1,0.8607,0,23,"Subject_24","1",180,1
"4740",120,100,30,2.5,1,0.5868,1,23,"Subject_24","1",250,1
"4741",121,20,5,2.5,1,0.7454,1,23,"Subject_24","1",50,2
"4742",122,20,1,1.8,1,0.6294,0,23,"Subject_24","1",36,2
"4743",123,20,8,2,1,0.514,1,23,"Subject_24","1",40,2
"4744",124,20,8,1.02,0,0.9113,0,23,"Subject_24","1",20.4,2
"4745",125,100,1,2,1,0.7311,0,23,"Subject_24","1",200,1
"4746",126,100,3,2.5,1,0.5971,1,23,"Subject_24","1",250,1
"4747",127,20,30,3,1,0.5619,1,23,"Subject_24","1",60,2
"4748",128,100,30,1.8,1,0.7295,0,23,"Subject_24","1",180,1
"4749",129,20,30,1.5,1,0.8295,0,23,"Subject_24","1",30,2
"4750",130,100,5,1.02,0,1.6486,1,23,"Subject_24","1",102,1
"4751",131,100,14,7,1,0.5799,0,23,"Subject_24","1",700,1
"4752",132,100,60,5,1,0.7491,1,23,"Subject_24","1",500,1
"4753",133,20,3,7,1,0.6753,0,23,"Subject_24","1",140,2
"4754",134,20,1,1.01,0,0.8258,1,23,"Subject_24","1",20.2,2
"4755",135,100,8,1.01,0,1.0636,1,23,"Subject_24","1",101,1
"4756",136,100,30,10,1,0.5973,0,23,"Subject_24","1",1000,1
"4757",137,20,8,13,1,0.5604,1,23,"Subject_24","1",260,2
"4758",138,20,3,5,1,0.5463,1,23,"Subject_24","1",100,2
"4759",139,100,3,1.01,0,0.7654,1,23,"Subject_24","1",101,1
"4760",140,20,8,1.2,1,1.5741,0,23,"Subject_24","1",24,2
"4761",141,20,30,7,1,0.6809,0,23,"Subject_24","1",140,2
"4762",142,100,30,1.05,0,1.575,0,23,"Subject_24","1",105,1
"4763",143,20,5,1.8,1,0.674,0,23,"Subject_24","1",36,2
"4764",144,100,8,3,1,0.5839,0,23,"Subject_24","1",300,1
"4765",145,20,3,13,1,0.6092,1,23,"Subject_24","1",260,2
"4766",146,100,30,7,1,0.8638,1,23,"Subject_24","1",700,1
"4767",147,20,60,2.5,1,0.9426,1,23,"Subject_24","1",50,2
"4768",148,20,8,1.8,1,0.646,1,23,"Subject_24","1",36,2
"4769",149,20,60,13,1,0.6265,0,23,"Subject_24","1",260,2
"4770",150,20,14,1.02,1,0.9319,0,23,"Subject_24","1",20.4,2
"4771",151,20,30,10,1,0.9492,0,23,"Subject_24","1",200,2
"4772",152,100,1,1.02,0,1.0158,0,23,"Subject_24","1",102,1
"4773",153,100,5,1.05,0,1.5874,0,23,"Subject_24","1",105,1
"4774",154,20,5,10,1,1.389,0,23,"Subject_24","1",200,2
"4775",155,100,14,1.1,1,1.6346,0,23,"Subject_24","1",110,1
"4776",156,100,3,1.8,1,1.2864,0,23,"Subject_24","1",180,1
"4777",157,100,8,1.8,1,1.1236,1,23,"Subject_24","1",180,1
"4778",158,20,60,2,1,1.8641,1,23,"Subject_24","1",40,2
"4779",159,100,3,1.02,0,1.4346,0,23,"Subject_24","1",102,1
"4780",160,100,8,7,1,1.403,0,23,"Subject_24","1",700,1
"4781",161,100,3,7,1,0.9825,1,23,"Subject_24","1",700,1
"4782",162,20,5,7,1,0.9053,1,23,"Subject_24","1",140,2
"4783",163,100,14,5,1,1.0421,1,23,"Subject_24","1",500,1
"4784",164,100,8,4,1,0.8439,1,23,"Subject_24","1",400,1
"4785",165,100,8,2,1,0.5727,1,23,"Subject_24","1",200,1
"4786",166,100,3,4,1,0.7117,1,23,"Subject_24","1",400,1
"4787",167,20,5,4,1,0.8096,1,23,"Subject_24","1",80,2
"4788",168,20,5,3,1,0.6014,1,23,"Subject_24","1",60,2
"4789",169,20,3,1.1,0,1.8392,1,23,"Subject_24","1",22,2
"4790",170,100,8,1.2,1,1.0185,1,23,"Subject_24","1",120,1
"4791",171,100,60,3,1,0.8978,0,23,"Subject_24","1",300,1
"4792",172,20,1,1.2,1,1.7026,0,23,"Subject_24","1",24,2
"4793",173,20,1,1.02,0,1.7791,1,23,"Subject_24","1",20.4,2
"4794",174,20,30,2.5,1,0.9241,1,23,"Subject_24","1",50,2
"4795",175,100,1,1.8,1,1.1069,1,23,"Subject_24","1",180,1
"4796",176,20,60,1.01,0,1.9056,1,23,"Subject_24","1",20.2,2
"4797",177,20,14,1.2,0,1.416,1,23,"Subject_24","1",24,2
"4798",178,20,3,1.2,1,2.7776,1,23,"Subject_24","1",24,2
"4799",179,100,14,3,1,0.5821,0,23,"Subject_24","1",300,1
"4800",180,20,14,4,1,0.8476,1,23,"Subject_24","1",80,2
"4801",181,100,5,2,1,0.6469,0,23,"Subject_24","1",200,1
"4802",182,100,5,1.8,1,0.6309,0,23,"Subject_24","1",180,1
"4803",183,100,8,1.02,0,1.774,0,23,"Subject_24","1",102,1
"4804",184,100,5,13,1,0.6225,0,23,"Subject_24","1",1300,1
"4805",185,20,60,1.05,0,1.3698,1,23,"Subject_24","1",21,2
"4806",186,100,30,5,1,0.6161,0,23,"Subject_24","1",500,1
"4807",187,20,1,1.1,0,1.3079,0,23,"Subject_24","1",22,2
"4808",188,100,1,1.1,1,1.6267,1,23,"Subject_24","1",110,1
"4809",189,100,60,4,1,0.7757,1,23,"Subject_24","1",400,1
"4810",190,100,14,1.8,1,0.8222,1,23,"Subject_24","1",180,1
"4811",191,20,14,13,1,0.7864,1,23,"Subject_24","1",260,2
"4812",192,20,1,13,1,0.6616,1,23,"Subject_24","1",260,2
"4813",193,20,30,1.05,0,1.2519,1,23,"Subject_24","1",21,2
"4814",194,20,60,1.5,1,0.9082,1,23,"Subject_24","1",30,2
"4815",195,20,3,4,1,0.8649,0,23,"Subject_24","1",80,2
"4816",196,100,1,2.5,1,0.7187,0,23,"Subject_24","1",250,1
"4817",197,20,30,4,1,0.6407,0,23,"Subject_24","1",80,2
"4818",198,20,30,13,1,0.8539,1,23,"Subject_24","1",260,2
"4819",199,20,5,2,1,0.8918,1,23,"Subject_24","1",40,2
"4820",200,100,30,1.01,0,1.6643,1,23,"Subject_24","1",101,1
"4821",201,100,3,13,1,0.7557,1,23,"Subject_24","1",1300,1
"4822",202,100,1,1.2,1,1.3192,0,23,"Subject_24","1",120,1
"4823",203,20,8,1.01,0,1.2726,0,23,"Subject_24","1",20.2,2
"4824",204,100,60,7,1,1.1903,0,23,"Subject_24","1",700,1
"4825",205,20,14,1.5,1,0.8498,0,23,"Subject_24","1",30,2
"4826",206,100,5,2.5,1,1.0246,1,23,"Subject_24","1",250,1
"4827",207,20,3,1.01,0,2.9685,1,23,"Subject_24","1",20.2,2
"4828",208,20,14,1.8,1,1.8922,1,23,"Subject_24","1",36,2
"4829",209,100,8,1.1,1,1.5828,0,23,"Subject_24","1",110,1
"4830",210,100,14,1.2,1,1.0111,1,23,"Subject_24","1",120,1
"4831",1,20,5,7,1,3.6405,0,24,"Subject_27","2",140,2
"4832",2,100,1,2.5,1,3.8014,0,24,"Subject_27","2",250,1
"4833",3,20,5,1.01,0,4.0002,1,24,"Subject_27","2",20.2,2
"4834",4,100,5,1.5,1,3.8736,0,24,"Subject_27","2",150,1
"4835",5,20,1,5,1,2.8447,1,24,"Subject_27","2",100,2
"4836",6,20,5,1.5,1,2.6695,1,24,"Subject_27","2",30,2
"4837",7,100,60,1.2,0,4.6431,1,24,"Subject_27","2",120,1
"4838",8,100,14,1.8,1,4.0624,1,24,"Subject_27","2",180,1
"4839",9,20,14,5,1,2.7253,1,24,"Subject_27","2",100,2
"4840",10,20,60,7,1,1.8603,0,24,"Subject_27","2",140,2
"4841",11,100,60,1.5,1,2.9281,0,24,"Subject_27","2",150,1
"4842",12,100,3,1.02,0,3.0089,0,24,"Subject_27","2",102,1
"4843",13,20,60,1.2,0,2.3102,1,24,"Subject_27","2",24,2
"4844",14,100,60,1.1,0,1.9962,1,24,"Subject_27","2",110,1
"4845",15,20,30,1.02,0,2.4048,1,24,"Subject_27","2",20.4,2
"4846",16,100,1,7,1,1.9896,1,24,"Subject_27","2",700,1
"4847",17,20,60,1.1,0,2.4409,1,24,"Subject_27","2",22,2
"4848",18,20,1,2,1,2.4451,1,24,"Subject_27","2",40,2
"4849",19,20,5,10,1,1.5153,1,24,"Subject_27","2",200,2
"4850",20,20,60,2.5,1,2.3009,0,24,"Subject_27","2",50,2
"4851",21,20,60,1.05,0,3.3006,0,24,"Subject_27","2",21,2
"4852",22,20,60,13,1,1.9068,1,24,"Subject_27","2",260,2
"4853",23,20,3,1.8,1,2.1145,0,24,"Subject_27","2",36,2
"4854",24,20,8,1.05,0,1.9536,0,24,"Subject_27","2",21,2
"4855",25,100,3,2,1,1.8427,0,24,"Subject_27","2",200,1
"4856",26,20,8,10,1,2.152,1,24,"Subject_27","2",200,2
"4857",27,20,3,10,1,1.8686,0,24,"Subject_27","2",200,2
"4858",28,100,8,1.02,0,1.7917,1,24,"Subject_27","2",102,1
"4859",29,20,8,2.5,1,4.4039,1,24,"Subject_27","2",50,2
"4860",30,100,8,3,1,1.1471,0,24,"Subject_27","2",300,1
"4861",31,100,14,1.05,0,4.2894,1,24,"Subject_27","2",105,1
"4862",32,100,3,1.01,0,1.7989,0,24,"Subject_27","2",101,1
"4863",33,20,30,1.01,0,2.4369,1,24,"Subject_27","2",20.2,2
"4864",34,100,8,2,1,2.0763,1,24,"Subject_27","2",200,1
"4865",35,100,60,10,1,1.3814,1,24,"Subject_27","2",1000,1
"4866",36,20,60,2,1,3.392,0,24,"Subject_27","2",40,2
"4867",37,20,30,13,1,6.5352,0,24,"Subject_27","2",260,2
"4868",38,100,3,4,1,2.1499,0,24,"Subject_27","2",400,1
"4869",39,100,5,10,1,3.1012,0,24,"Subject_27","2",1000,1
"4870",40,20,14,4,1,3.3536,1,24,"Subject_27","2",80,2
"4871",41,100,3,10,1,1.7456,1,24,"Subject_27","2",1000,1
"4872",42,20,1,1.1,1,3.0859,1,24,"Subject_27","2",22,2
"4873",43,20,60,1.02,0,1.9899,0,24,"Subject_27","2",20.4,2
"4874",44,100,3,7,1,1.4464,1,24,"Subject_27","2",700,1
"4875",45,100,14,10,1,1.7965,0,24,"Subject_27","2",1000,1
"4876",46,100,3,13,1,1.2478,0,24,"Subject_27","2",1300,1
"4877",47,100,60,2,1,1.3546,1,24,"Subject_27","2",200,1
"4878",48,100,8,7,1,2.7827,1,24,"Subject_27","2",700,1
"4879",49,100,8,1.5,1,4.6477,1,24,"Subject_27","2",150,1
"4880",50,100,5,1.8,1,4.6204,0,24,"Subject_27","2",180,1
"4881",51,100,14,3,1,1.7975,0,24,"Subject_27","2",300,1
"4882",52,20,14,1.01,0,2.8572,1,24,"Subject_27","2",20.2,2
"4883",53,100,14,1.5,1,2.8733,0,24,"Subject_27","2",150,1
"4884",54,20,14,1.8,1,1.2332,1,24,"Subject_27","2",36,2
"4885",55,100,60,1.01,0,1.5274,1,24,"Subject_27","2",101,1
"4886",56,100,5,1.1,1,1.5511,1,24,"Subject_27","2",110,1
"4887",57,100,8,13,1,2.7368,1,24,"Subject_27","2",1300,1
"4888",58,100,3,1.5,1,1.7975,0,24,"Subject_27","2",150,1
"4889",59,100,14,5,1,1.1527,1,24,"Subject_27","2",500,1
"4890",60,20,60,4,1,1.6696,0,24,"Subject_27","2",80,2
"4891",61,100,60,3,1,1.624,1,24,"Subject_27","2",300,1
"4892",62,20,14,2.5,1,1.5445,1,24,"Subject_27","2",50,2
"4893",63,20,30,3,1,2.0196,0,24,"Subject_27","2",60,2
"4894",64,100,30,10,1,1.2198,1,24,"Subject_27","2",1000,1
"4895",65,100,5,1.01,0,2.7563,1,24,"Subject_27","2",101,1
"4896",66,20,14,13,1,1.5552,0,24,"Subject_27","2",260,2
"4897",67,100,3,1.2,1,1.639,0,24,"Subject_27","2",120,1
"4898",68,20,60,3,1,2.4308,0,24,"Subject_27","2",60,2
"4899",69,20,60,5,1,2.3995,0,24,"Subject_27","2",100,2
"4900",70,100,5,13,1,2.3531,1,24,"Subject_27","2",1300,1
"4901",71,20,1,1.01,0,1.6721,0,24,"Subject_27","2",20.2,2
"4902",72,100,5,2,1,2.3764,0,24,"Subject_27","2",200,1
"4903",73,20,5,1.02,0,1.6711,0,24,"Subject_27","2",20.4,2
"4904",74,20,8,1.5,1,2.5423,0,24,"Subject_27","2",30,2
"4905",75,20,5,1.8,1,2.8211,0,24,"Subject_27","2",36,2
"4906",76,20,5,1.2,1,1.584,1,24,"Subject_27","2",24,2
"4907",77,20,14,7,1,1.3165,1,24,"Subject_27","2",140,2
"4908",78,20,30,1.2,1,2.1573,0,24,"Subject_27","2",24,2
"4909",79,100,14,1.1,0,2.3237,0,24,"Subject_27","2",110,1
"4910",80,100,5,2.5,1,3.9871,1,24,"Subject_27","2",250,1
"4911",81,20,1,2.5,1,1.0461,0,24,"Subject_27","2",50,2
"4912",82,20,1,13,1,1.0731,0,24,"Subject_27","2",260,2
"4913",83,20,8,4,1,2.8881,1,24,"Subject_27","2",80,2
"4914",84,20,30,7,1,2.7013,1,24,"Subject_27","2",140,2
"4915",85,20,5,13,1,4.7087,1,24,"Subject_27","2",260,2
"4916",86,100,1,10,1,0.8687,0,24,"Subject_27","2",1000,1
"4917",87,20,3,1.2,1,1.1293,0,24,"Subject_27","2",24,2
"4918",88,100,14,13,1,0.9102,0,24,"Subject_27","2",1300,1
"4919",89,100,60,1.8,1,1.2415,0,24,"Subject_27","2",180,1
"4920",90,100,8,1.2,1,1.1503,1,24,"Subject_27","2",120,1
"4921",91,20,14,10,1,0.6114,0,24,"Subject_27","2",200,2
"4922",92,20,5,1.1,1,0.9977,1,24,"Subject_27","2",22,2
"4923",93,100,30,1.05,1,2.2818,0,24,"Subject_27","2",105,1
"4924",94,100,30,13,1,1.2673,1,24,"Subject_27","2",1300,1
"4925",95,100,5,3,1,2.9242,1,24,"Subject_27","2",300,1
"4926",96,100,8,10,1,1.627,0,24,"Subject_27","2",1000,1
"4927",97,100,1,2,1,3.21,0,24,"Subject_27","2",200,1
"4928",98,20,30,1.5,1,2.3489,1,24,"Subject_27","2",30,2
"4929",99,20,8,2,1,1.4082,0,24,"Subject_27","2",40,2
"4930",100,100,30,7,1,1.4485,1,24,"Subject_27","2",700,1
"4931",101,100,5,1.2,1,1.7767,0,24,"Subject_27","2",120,1
"4932",102,20,3,1.5,1,5.9583,0,24,"Subject_27","2",30,2
"4933",103,100,1,1.01,0,1.9915,0,24,"Subject_27","2",101,1
"4934",104,20,1,4,1,2.8271,1,24,"Subject_27","2",80,2
"4935",105,100,8,1.8,1,1.6822,1,24,"Subject_27","2",180,1
"4936",106,100,3,1.1,1,3.6697,1,24,"Subject_27","2",110,1
"4937",107,20,60,1.8,1,2.0657,1,24,"Subject_27","2",36,2
"4938",108,100,30,1.8,1,1.3944,1,24,"Subject_27","2",180,1
"4939",109,100,14,2,1,1.4842,1,24,"Subject_27","2",200,1
"4940",110,20,3,5,1,0.8807,0,24,"Subject_27","2",100,2
"4941",111,20,8,1.8,1,1.2419,1,24,"Subject_27","2",36,2
"4942",112,100,3,3,1,1.6174,0,24,"Subject_27","2",300,1
"4943",113,20,3,1.05,1,0.9476,1,24,"Subject_27","2",21,2
"4944",114,20,3,13,1,0.7522,0,24,"Subject_27","2",260,2
"4945",115,20,60,1.01,1,0.6623,1,24,"Subject_27","2",20.2,2
"4946",116,20,8,1.2,1,1.1302,0,24,"Subject_27","2",24,2
"4947",117,100,60,13,1,0.9795,0,24,"Subject_27","2",1300,1
"4948",118,20,1,1.2,1,0.813,0,24,"Subject_27","2",24,2
"4949",119,100,14,1.01,1,0.5729,1,24,"Subject_27","2",101,1
"4950",120,100,60,2.5,1,0.6527,0,24,"Subject_27","2",250,1
"4951",121,20,5,3,1,1.0954,1,24,"Subject_27","2",60,2
"4952",122,100,60,1.05,1,0.9854,1,24,"Subject_27","2",105,1
"4953",123,20,3,2.5,1,0.8468,0,24,"Subject_27","2",50,2
"4954",124,20,30,10,1,1.4135,0,24,"Subject_27","2",200,2
"4955",125,20,8,7,1,0.6222,0,24,"Subject_27","2",140,2
"4956",126,100,30,1.5,1,0.4862,0,24,"Subject_27","2",150,1
"4957",127,100,1,1.02,1,0.5306,0,24,"Subject_27","2",102,1
"4958",128,20,30,1.8,1,0.5844,0,24,"Subject_27","2",36,2
"4959",129,100,8,1.1,1,0.3705,0,24,"Subject_27","2",110,1
"4960",130,20,14,1.02,1,0.6348,1,24,"Subject_27","2",20.4,2
"4961",131,20,1,7,1,0.5303,1,24,"Subject_27","2",140,2
"4962",132,20,3,1.02,1,0.5261,0,24,"Subject_27","2",20.4,2
"4963",133,20,60,1.5,1,0.6172,0,24,"Subject_27","2",30,2
"4964",134,20,30,2,1,0.561,0,24,"Subject_27","2",40,2
"4965",135,100,30,2,1,0.6056,1,24,"Subject_27","2",200,1
"4966",136,20,30,4,1,0.5707,1,24,"Subject_27","2",80,2
"4967",137,20,8,1.02,1,0.5886,1,24,"Subject_27","2",20.4,2
"4968",138,20,1,1.05,0,0.6627,0,24,"Subject_27","2",21,2
"4969",139,100,30,1.01,1,0.9585,1,24,"Subject_27","2",101,1
"4970",140,20,8,1.01,1,0.4495,0,24,"Subject_27","2",20.2,2
"4971",141,20,5,2.5,1,0.607,0,24,"Subject_27","2",50,2
"4972",142,100,60,1.02,1,0.8195,1,24,"Subject_27","2",102,1
"4973",143,100,8,1.05,1,0.7643,1,24,"Subject_27","2",105,1
"4974",144,20,1,3,1,0.9793,1,24,"Subject_27","2",60,2
"4975",145,100,30,1.1,1,1.9817,0,24,"Subject_27","2",110,1
"4976",146,100,5,1.02,1,1.0255,0,24,"Subject_27","2",102,1
"4977",147,20,1,1.8,1,1.0284,1,24,"Subject_27","2",36,2
"4978",148,100,30,3,1,0.5002,0,24,"Subject_27","2",300,1
"4979",149,20,3,2,1,0.674,1,24,"Subject_27","2",40,2
"4980",150,20,1,1.5,1,0.5674,1,24,"Subject_27","2",30,2
"4981",151,100,3,5,1,1.1937,1,24,"Subject_27","2",500,1
"4982",152,100,8,1.01,1,3.7483,0,24,"Subject_27","2",101,1
"4983",153,100,3,2.5,1,1.664,1,24,"Subject_27","2",250,1
"4984",154,20,14,2,1,0.7042,0,24,"Subject_27","2",40,2
"4985",155,100,30,5,1,1.077,1,24,"Subject_27","2",500,1
"4986",156,20,8,3,1,2.9463,0,24,"Subject_27","2",60,2
"4987",157,100,14,7,1,0.6734,1,24,"Subject_27","2",700,1
"4988",158,20,5,5,1,0.5382,0,24,"Subject_27","2",100,2
"4989",159,20,30,5,1,1.3579,0,24,"Subject_27","2",100,2
"4990",160,20,8,1.1,1,1.0794,0,24,"Subject_27","2",22,2
"4991",161,100,1,3,1,0.782,0,24,"Subject_27","2",300,1
"4992",162,100,14,1.02,1,0.7313,1,24,"Subject_27","2",102,1
"4993",163,100,60,5,1,0.8151,1,24,"Subject_27","2",500,1
"4994",164,100,1,1.05,1,1.9678,0,24,"Subject_27","2",105,1
"4995",165,100,5,5,1,0.6697,0,24,"Subject_27","2",500,1
"4996",166,20,14,1.1,1,0.6431,0,24,"Subject_27","2",22,2
"4997",167,20,14,1.5,1,0.6523,0,24,"Subject_27","2",30,2
"4998",168,20,5,1.05,1,0.7541,0,24,"Subject_27","2",21,2
"4999",169,20,1,1.02,1,0.8998,1,24,"Subject_27","2",20.4,2
"5000",170,20,5,4,1,0.8985,1,24,"Subject_27","2",80,2
"5001",171,100,1,1.2,1,0.7417,0,24,"Subject_27","2",120,1
"5002",172,20,3,4,1,0.4777,0,24,"Subject_27","2",80,2
"5003",173,20,3,7,1,0.5578,0,24,"Subject_27","2",140,2
"5004",174,20,14,1.05,1,0.3836,0,24,"Subject_27","2",21,2
"5005",175,100,14,4,1,0.3971,0,24,"Subject_27","2",400,1
"5006",176,20,60,10,1,0.5156,1,24,"Subject_27","2",200,2
"5007",177,100,8,2.5,1,0.6116,0,24,"Subject_27","2",250,1
"5008",178,20,30,1.05,1,0.7941,0,24,"Subject_27","2",21,2
"5009",179,100,3,1.05,1,0.7714,1,24,"Subject_27","2",105,1
"5010",180,20,14,3,1,0.7012,1,24,"Subject_27","2",60,2
"5011",181,100,1,1.8,1,0.9012,0,24,"Subject_27","2",180,1
"5012",182,100,8,4,1,0.7695,1,24,"Subject_27","2",400,1
"5013",183,100,3,1.8,1,0.7257,0,24,"Subject_27","2",180,1
"5014",184,100,1,4,1,1.0351,0,24,"Subject_27","2",400,1
"5015",185,100,30,1.02,1,0.5386,1,24,"Subject_27","2",102,1
"5016",186,100,8,5,1,0.7586,0,24,"Subject_27","2",500,1
"5017",187,100,5,7,1,0.6698,1,24,"Subject_27","2",700,1
"5018",188,100,30,1.2,1,0.7056,1,24,"Subject_27","2",120,1
"5019",189,20,3,1.1,1,0.7722,1,24,"Subject_27","2",22,2
"5020",190,100,1,5,1,0.5314,1,24,"Subject_27","2",500,1
"5021",191,20,3,1.01,1,0.5457,1,24,"Subject_27","2",20.2,2
"5022",192,100,1,13,1,1.3501,0,24,"Subject_27","2",1300,1
"5023",193,100,30,4,1,3.2525,1,24,"Subject_27","2",400,1
"5024",194,20,14,1.2,1,0.7932,0,24,"Subject_27","2",24,2
"5025",195,20,5,2,1,2.2904,0,24,"Subject_27","2",40,2
"5026",196,100,14,1.2,1,0.5717,0,24,"Subject_27","2",120,1
"5027",197,20,30,2.5,1,0.4256,0,24,"Subject_27","2",50,2
"5028",198,100,60,7,1,0.752,1,24,"Subject_27","2",700,1
"5029",199,20,3,3,1,0.5955,1,24,"Subject_27","2",60,2
"5030",200,100,60,4,1,0.682,0,24,"Subject_27","2",400,1
"5031",201,100,1,1.5,1,0.5586,1,24,"Subject_27","2",150,1
"5032",202,100,5,4,1,0.5838,0,24,"Subject_27","2",400,1
"5033",203,20,8,5,1,1.1555,1,24,"Subject_27","2",100,2
"5034",204,100,5,1.05,1,0.8676,0,24,"Subject_27","2",105,1
"5035",205,100,1,1.1,1,0.9784,0,24,"Subject_27","2",110,1
"5036",206,100,30,2.5,1,0.7158,0,24,"Subject_27","2",250,1
"5037",207,20,8,13,1,0.6876,1,24,"Subject_27","2",260,2
"5038",208,100,14,2.5,1,1.5241,0,24,"Subject_27","2",250,1
"5039",209,20,30,1.1,1,0.6297,1,24,"Subject_27","2",22,2
"5040",210,20,1,10,1,0.6103,0,24,"Subject_27","2",200,2
"5041",1,100,30,5,0,1.8462,0,25,"Subject_28","1",500,1
"5042",2,100,3,1.02,1,2.3352,1,25,"Subject_28","1",102,1
"5043",3,100,14,1.05,0,1.8245,0,25,"Subject_28","1",105,1
"5044",4,20,30,1.01,0,1.6182,0,25,"Subject_28","1",20.2,2
"5045",5,20,60,2,0,1.7871,0,25,"Subject_28","1",40,2
"5046",6,100,3,2.5,1,1.3829,1,25,"Subject_28","1",250,1
"5047",7,20,30,1.2,0,3.2723,0,25,"Subject_28","1",24,2
"5048",8,20,30,1.1,0,2.7123,1,25,"Subject_28","1",22,2
"5049",9,100,60,1.01,0,1.9277,0,25,"Subject_28","1",101,1
"5050",10,100,8,1.1,1,2.7202,1,25,"Subject_28","1",110,1
"5051",11,20,14,1.01,0,2.6702,1,25,"Subject_28","1",20.2,2
"5052",12,20,1,2,1,1.597,1,25,"Subject_28","1",40,2
"5053",13,20,5,1.8,1,2.6275,1,25,"Subject_28","1",36,2
"5054",14,20,5,1.1,0,1.9011,1,25,"Subject_28","1",22,2
"5055",15,20,3,1.01,0,1.2096,0,25,"Subject_28","1",20.2,2
"5056",16,100,60,1.1,0,2.2168,0,25,"Subject_28","1",110,1
"5057",17,20,1,10,1,1.8693,0,25,"Subject_28","1",200,2
"5058",18,20,60,1.02,0,2.4725,1,25,"Subject_28","1",20.4,2
"5059",19,100,14,5,1,1.7306,1,25,"Subject_28","1",500,1
"5060",20,100,60,5,1,2.3675,1,25,"Subject_28","1",500,1
"5061",21,100,14,1.8,1,1.8127,1,25,"Subject_28","1",180,1
"5062",22,100,14,2.5,1,2.205,1,25,"Subject_28","1",250,1
"5063",23,100,30,10,1,2.871,0,25,"Subject_28","1",1000,1
"5064",24,100,30,2.5,0,2.2792,1,25,"Subject_28","1",250,1
"5065",25,20,5,2.5,0,1.7572,0,25,"Subject_28","1",50,2
"5066",26,100,1,13,1,1.6508,0,25,"Subject_28","1",1300,1
"5067",27,100,30,1.2,0,3.0558,0,25,"Subject_28","1",120,1
"5068",28,100,30,1.01,0,1.2841,1,25,"Subject_28","1",101,1
"5069",29,20,30,2.5,0,1.625,0,25,"Subject_28","1",50,2
"5070",30,100,30,1.1,0,1.8152,0,25,"Subject_28","1",110,1
"5071",31,20,60,1.2,0,1.5942,1,25,"Subject_28","1",24,2
"5072",32,100,30,13,0,1.1546,0,25,"Subject_28","1",1300,1
"5073",33,100,14,1.1,0,1.324,1,25,"Subject_28","1",110,1
"5074",34,100,8,2,0,1.353,1,25,"Subject_28","1",200,1
"5075",35,100,8,1.02,0,1.6297,1,25,"Subject_28","1",102,1
"5076",36,100,30,7,1,2.1329,0,25,"Subject_28","1",700,1
"5077",37,100,1,2,1,1.5206,1,25,"Subject_28","1",200,1
"5078",38,100,1,4,1,1.4241,0,25,"Subject_28","1",400,1
"5079",39,20,30,13,0,1.5457,0,25,"Subject_28","1",260,2
"5080",40,20,5,7,1,2.3674,0,25,"Subject_28","1",140,2
"5081",41,100,30,3,0,1.9382,1,25,"Subject_28","1",300,1
"5082",42,20,1,4,1,1.5117,1,25,"Subject_28","1",80,2
"5083",43,100,14,1.02,0,1.4041,0,25,"Subject_28","1",102,1
"5084",44,100,5,13,1,1.9917,0,25,"Subject_28","1",1300,1
"5085",45,20,8,3,1,1.9231,1,25,"Subject_28","1",60,2
"5086",46,100,5,4,1,1.4621,1,25,"Subject_28","1",400,1
"5087",47,100,5,1.8,1,2.0081,1,25,"Subject_28","1",180,1
"5088",48,100,30,4,0,1.9279,1,25,"Subject_28","1",400,1
"5089",49,20,5,13,1,2.1132,1,25,"Subject_28","1",260,2
"5090",50,20,1,1.2,1,1.8016,1,25,"Subject_28","1",24,2
"5091",51,20,60,1.5,0,1.6828,1,25,"Subject_28","1",30,2
"5092",52,20,3,4,1,1.4326,1,25,"Subject_28","1",80,2
"5093",53,20,30,5,1,2.4047,1,25,"Subject_28","1",100,2
"5094",54,20,5,3,1,2.1575,1,25,"Subject_28","1",60,2
"5095",55,20,60,1.8,0,1.7173,0,25,"Subject_28","1",36,2
"5096",56,20,14,10,1,2.3935,0,25,"Subject_28","1",200,2
"5097",57,20,14,1.1,0,2.3015,1,25,"Subject_28","1",22,2
"5098",58,20,14,1.2,0,1.6835,0,25,"Subject_28","1",24,2
"5099",59,20,30,2,0,2.038,1,25,"Subject_28","1",40,2
"5100",60,100,5,1.5,1,2.5626,0,25,"Subject_28","1",150,1
"5101",61,20,3,10,1,1.9025,0,25,"Subject_28","1",200,2
"5102",62,100,5,1.1,0,2.0239,1,25,"Subject_28","1",110,1
"5103",63,20,3,1.05,0,1.9555,0,25,"Subject_28","1",21,2
"5104",64,100,14,13,1,1.6508,1,25,"Subject_28","1",1300,1
"5105",65,20,1,1.01,0,2.0416,0,25,"Subject_28","1",20.2,2
"5106",66,100,60,1.5,0,1.8766,1,25,"Subject_28","1",150,1
"5107",67,100,3,5,1,1.4366,1,25,"Subject_28","1",500,1
"5108",68,20,8,1.02,0,1.3317,1,25,"Subject_28","1",20.4,2
"5109",69,100,60,7,1,2.7543,0,25,"Subject_28","1",700,1
"5110",70,100,5,1.02,0,2.4178,1,25,"Subject_28","1",102,1
"5111",71,100,8,1.01,0,1.4086,1,25,"Subject_28","1",101,1
"5112",72,100,8,7,1,1.6494,1,25,"Subject_28","1",700,1
"5113",73,100,1,1.01,1,1.3736,1,25,"Subject_28","1",101,1
"5114",74,20,5,1.2,0,2.5218,1,25,"Subject_28","1",24,2
"5115",75,20,3,2,1,2.6546,1,25,"Subject_28","1",40,2
"5116",76,100,5,1.2,0,1.922,0,25,"Subject_28","1",120,1
"5117",77,20,8,2.5,0,2.5777,0,25,"Subject_28","1",50,2
"5118",78,20,1,13,1,1.5219,0,25,"Subject_28","1",260,2
"5119",79,100,3,1.2,1,1.5501,1,25,"Subject_28","1",120,1
"5120",80,20,30,4,0,1.8265,0,25,"Subject_28","1",80,2
"5121",81,100,14,2,1,2.12,1,25,"Subject_28","1",200,1
"5122",82,20,14,7,1,2.1387,0,25,"Subject_28","1",140,2
"5123",83,100,3,1.05,0,1.3698,0,25,"Subject_28","1",105,1
"5124",84,100,30,1.05,0,1.4461,0,25,"Subject_28","1",105,1
"5125",85,100,30,1.8,0,1.2537,0,25,"Subject_28","1",180,1
"5126",86,20,5,1.01,0,1.6206,1,25,"Subject_28","1",20.2,2
"5127",87,100,5,1.05,0,1.2517,0,25,"Subject_28","1",105,1
"5128",88,20,8,5,1,2.002,1,25,"Subject_28","1",100,2
"5129",89,20,60,3,0,2.1825,0,25,"Subject_28","1",60,2
"5130",90,20,8,7,1,1.9677,0,25,"Subject_28","1",140,2
"5131",91,20,30,10,1,2.9317,1,25,"Subject_28","1",200,2
"5132",92,20,60,1.05,0,1.4764,0,25,"Subject_28","1",21,2
"5133",93,100,3,3,1,1.3,1,25,"Subject_28","1",300,1
"5134",94,20,8,4,0,2.0158,1,25,"Subject_28","1",80,2
"5135",95,100,8,1.8,0,1.8834,1,25,"Subject_28","1",180,1
"5136",96,20,8,1.01,0,1.7708,0,25,"Subject_28","1",20.2,2
"5137",97,100,3,1.5,1,1.9555,1,25,"Subject_28","1",150,1
"5138",98,100,14,10,1,1.7359,0,25,"Subject_28","1",1000,1
"5139",99,100,3,1.01,0,1.255,0,25,"Subject_28","1",101,1
"5140",100,20,3,1.2,0,1.2557,0,25,"Subject_28","1",24,2
"5141",101,100,8,2.5,1,2.0541,1,25,"Subject_28","1",250,1
"5142",102,20,3,5,1,2.2604,0,25,"Subject_28","1",100,2
"5143",103,100,60,2.5,0,1.8672,1,25,"Subject_28","1",250,1
"5144",104,100,5,2.5,1,2.5896,1,25,"Subject_28","1",250,1
"5145",105,100,60,1.02,0,2.9676,1,25,"Subject_28","1",102,1
"5146",106,20,8,1.2,0,1.1484,1,25,"Subject_28","1",24,2
"5147",107,100,60,4,0,2.5112,1,25,"Subject_28","1",400,1
"5148",108,20,1,1.5,1,1.7293,1,25,"Subject_28","1",30,2
"5149",109,100,1,1.05,1,2.1251,0,25,"Subject_28","1",105,1
"5150",110,20,3,1.5,0,2.2364,1,25,"Subject_28","1",30,2
"5151",111,20,3,13,1,1.8601,1,25,"Subject_28","1",260,2
"5152",112,100,60,1.05,0,1.7359,1,25,"Subject_28","1",105,1
"5153",113,100,8,13,1,1.1349,1,25,"Subject_28","1",1300,1
"5154",114,20,5,2,0,1.8889,1,25,"Subject_28","1",40,2
"5155",115,20,14,1.02,0,1.2711,1,25,"Subject_28","1",20.4,2
"5156",116,20,3,7,1,1.1246,0,25,"Subject_28","1",140,2
"5157",117,100,1,1.1,0,1.4954,1,25,"Subject_28","1",110,1
"5158",118,20,5,1.5,0,1.6363,0,25,"Subject_28","1",30,2
"5159",119,20,60,1.1,0,1.3247,1,25,"Subject_28","1",22,2
"5160",120,20,3,1.8,0,1.2349,1,25,"Subject_28","1",36,2
"5161",121,100,1,1.5,1,1.5863,1,25,"Subject_28","1",150,1
"5162",122,20,5,5,1,1.9259,0,25,"Subject_28","1",100,2
"5163",123,20,14,13,1,2.2169,1,25,"Subject_28","1",260,2
"5164",124,100,1,1.2,1,1.6135,1,25,"Subject_28","1",120,1
"5165",125,100,3,13,1,1.3078,1,25,"Subject_28","1",1300,1
"5166",126,100,14,1.01,0,1.6466,1,25,"Subject_28","1",101,1
"5167",127,100,3,7,1,1.2756,1,25,"Subject_28","1",700,1
"5168",128,100,5,1.01,0,1.2405,0,25,"Subject_28","1",101,1
"5169",129,20,1,7,1,1.7067,1,25,"Subject_28","1",140,2
"5170",130,20,14,5,1,2.0044,1,25,"Subject_28","1",100,2
"5171",131,20,3,1.02,0,1.2567,1,25,"Subject_28","1",20.4,2
"5172",132,100,60,1.8,0,1.9254,1,25,"Subject_28","1",180,1
"5173",133,20,14,2.5,0,2.2526,0,25,"Subject_28","1",50,2
"5174",134,100,1,7,1,1.9392,1,25,"Subject_28","1",700,1
"5175",135,20,30,1.05,0,2.6768,1,25,"Subject_28","1",21,2
"5176",136,20,14,4,1,2.7153,1,25,"Subject_28","1",80,2
"5177",137,20,8,13,1,1.5094,0,25,"Subject_28","1",260,2
"5178",138,100,8,1.2,0,2.4582,1,25,"Subject_28","1",120,1
"5179",139,20,14,2,0,1.4477,0,25,"Subject_28","1",40,2
"5180",140,100,3,1.1,0,1.4258,0,25,"Subject_28","1",110,1
"5181",141,100,5,5,1,1.4887,1,25,"Subject_28","1",500,1
"5182",142,20,5,10,1,1.7898,0,25,"Subject_28","1",200,2
"5183",143,100,5,7,1,1.7727,1,25,"Subject_28","1",700,1
"5184",144,20,1,2.5,1,1.6471,1,25,"Subject_28","1",50,2
"5185",145,20,8,2,0,1.4176,0,25,"Subject_28","1",40,2
"5186",146,20,60,5,0,1.8445,1,25,"Subject_28","1",100,2
"5187",147,100,8,3,1,2.0988,0,25,"Subject_28","1",300,1
"5188",148,100,14,7,1,2.3948,0,25,"Subject_28","1",700,1
"5189",149,100,3,4,1,1.3149,0,25,"Subject_28","1",400,1
"5190",150,20,14,1.5,0,2.1155,1,25,"Subject_28","1",30,2
"5191",151,20,1,1.02,0,1.3348,1,25,"Subject_28","1",20.4,2
"5192",152,100,1,1.8,1,1.3648,0,25,"Subject_28","1",180,1
"5193",153,20,8,1.8,0,2.2405,1,25,"Subject_28","1",36,2
"5194",154,20,14,1.8,0,1.3529,0,25,"Subject_28","1",36,2
"5195",155,20,30,3,0,0.9004,1,25,"Subject_28","1",60,2
"5196",156,20,1,1.1,0,1.1243,1,25,"Subject_28","1",22,2
"5197",157,20,1,3,1,1.451,1,25,"Subject_28","1",60,2
"5198",158,20,3,3,1,1.0865,1,25,"Subject_28","1",60,2
"5199",159,20,3,2.5,1,1.3014,1,25,"Subject_28","1",50,2
"5200",160,20,60,7,0,1.411,1,25,"Subject_28","1",140,2
"5201",161,20,30,1.02,0,3.5057,0,25,"Subject_28","1",20.4,2
"5202",162,20,60,10,1,3.1049,1,25,"Subject_28","1",200,2
"5203",163,100,3,2,1,1.2949,1,25,"Subject_28","1",200,1
"5204",164,20,60,2.5,0,1.4536,0,25,"Subject_28","1",50,2
"5205",165,20,1,5,1,1.2697,1,25,"Subject_28","1",100,2
"5206",166,100,30,2,0,1.222,0,25,"Subject_28","1",200,1
"5207",167,100,1,1.02,0,1.346,0,25,"Subject_28","1",102,1
"5208",168,100,30,1.02,0,1.7114,1,25,"Subject_28","1",102,1
"5209",169,20,8,1.5,0,1.4944,0,25,"Subject_28","1",30,2
"5210",170,20,5,4,1,1.2201,1,25,"Subject_28","1",80,2
"5211",171,20,60,13,1,2.3974,0,25,"Subject_28","1",260,2
"5212",172,20,8,1.05,0,1.6767,1,25,"Subject_28","1",21,2
"5213",173,20,5,1.02,0,1.8085,0,25,"Subject_28","1",20.4,2
"5214",174,100,8,5,1,2.1795,0,25,"Subject_28","1",500,1
"5215",175,100,14,4,1,1.0368,0,25,"Subject_28","1",400,1
"5216",176,100,60,2,0,1.092,0,25,"Subject_28","1",200,1
"5217",177,100,8,4,1,1.1683,0,25,"Subject_28","1",400,1
"5218",178,100,60,10,1,1.4669,1,25,"Subject_28","1",1000,1
"5219",179,100,60,13,1,1.9173,0,25,"Subject_28","1",1300,1
"5220",180,20,30,1.8,0,1.7643,0,25,"Subject_28","1",36,2
"5221",181,20,14,1.05,0,0.9299,1,25,"Subject_28","1",21,2
"5222",182,100,14,3,0,1.0145,0,25,"Subject_28","1",300,1
"5223",183,100,60,3,0,1.7578,1,25,"Subject_28","1",300,1
"5224",184,20,14,3,1,2.3774,0,25,"Subject_28","1",60,2
"5225",185,20,1,1.05,0,1.2132,0,25,"Subject_28","1",21,2
"5226",186,100,1,10,1,1.0194,0,25,"Subject_28","1",1000,1
"5227",187,20,1,1.8,0,1.1454,0,25,"Subject_28","1",36,2
"5228",188,100,5,3,1,1.4007,1,25,"Subject_28","1",300,1
"5229",189,20,60,4,0,1.6212,0,25,"Subject_28","1",80,2
"5230",190,100,5,2,0,2.7394,0,25,"Subject_28","1",200,1
"5231",191,100,14,1.2,0,1.511,0,25,"Subject_28","1",120,1
"5232",192,100,5,10,1,1.1053,1,25,"Subject_28","1",1000,1
"5233",193,100,3,10,1,1.1462,1,25,"Subject_28","1",1000,1
"5234",194,100,1,3,1,1.1513,1,25,"Subject_28","1",300,1
"5235",195,100,1,2.5,1,0.9094,1,25,"Subject_28","1",250,1
"5236",196,100,3,1.8,1,1.6288,1,25,"Subject_28","1",180,1
"5237",197,100,8,1.5,0,1.4572,1,25,"Subject_28","1",150,1
"5238",198,20,5,1.05,0,1.164,1,25,"Subject_28","1",21,2
"5239",199,100,8,1.05,0,1.2963,0,25,"Subject_28","1",105,1
"5240",200,20,30,1.5,0,1.3054,0,25,"Subject_28","1",30,2
"5241",201,100,1,5,1,1.1524,1,25,"Subject_28","1",500,1
"5242",202,20,60,1.01,0,1.3165,1,25,"Subject_28","1",20.2,2
"5243",203,100,30,1.5,0,1.5616,1,25,"Subject_28","1",150,1
"5244",204,20,3,1.1,0,1.2923,0,25,"Subject_28","1",22,2
"5245",205,100,60,1.2,0,1.2931,0,25,"Subject_28","1",120,1
"5246",206,20,30,7,1,2.5274,1,25,"Subject_28","1",140,2
"5247",207,20,8,10,1,1.2374,1,25,"Subject_28","1",200,2
"5248",208,20,8,1.1,0,1.3331,0,25,"Subject_28","1",22,2
"5249",209,100,14,1.5,0,1.4592,1,25,"Subject_28","1",150,1
"5250",210,100,8,10,1,1.3874,1,25,"Subject_28","1",1000,1
"5251",1,100,1,1.1,1,4.2623,1,26,"Subject_29","1",110,1
"5252",2,100,14,10,1,2.9735,0,26,"Subject_29","1",1000,1
"5253",3,100,30,1.8,1,2.4566,1,26,"Subject_29","1",180,1
"5254",4,100,30,4,1,2.0009,1,26,"Subject_29","1",400,1
"5255",5,20,60,13,1,2.6927,1,26,"Subject_29","1",260,2
"5256",6,100,3,7,1,2.0444,1,26,"Subject_29","1",700,1
"5257",7,100,1,5,1,1.7183,1,26,"Subject_29","1",500,1
"5258",8,100,3,4,1,1.518,0,26,"Subject_29","1",400,1
"5259",9,20,5,10,1,1.5283,1,26,"Subject_29","1",200,2
"5260",10,100,1,1.5,1,1.7873,0,26,"Subject_29","1",150,1
"5261",11,100,1,2.5,1,1.6159,0,26,"Subject_29","1",250,1
"5262",12,20,1,1.01,0,2.4447,0,26,"Subject_29","1",20.2,2
"5263",13,20,30,4,1,1.3923,1,26,"Subject_29","1",80,2
"5264",14,100,5,7,1,1.2727,1,26,"Subject_29","1",700,1
"5265",15,20,60,1.8,0,2.2441,1,26,"Subject_29","1",36,2
"5266",16,100,5,1.01,0,2.8403,1,26,"Subject_29","1",101,1
"5267",17,100,3,2.5,1,2.0184,0,26,"Subject_29","1",250,1
"5268",18,20,60,7,1,2.7505,1,26,"Subject_29","1",140,2
"5269",19,20,3,7,1,2.004,0,26,"Subject_29","1",140,2
"5270",20,100,8,1.1,1,3.1313,1,26,"Subject_29","1",110,1
"5271",21,100,8,2.5,1,1.1994,1,26,"Subject_29","1",250,1
"5272",22,100,60,1.8,1,2.0708,0,26,"Subject_29","1",180,1
"5273",23,100,5,1.8,1,1.2526,1,26,"Subject_29","1",180,1
"5274",24,100,8,2,1,1.799,1,26,"Subject_29","1",200,1
"5275",25,20,1,13,1,1.4927,1,26,"Subject_29","1",260,2
"5276",26,20,5,13,1,1.4989,0,26,"Subject_29","1",260,2
"5277",27,20,1,4,1,1.4346,1,26,"Subject_29","1",80,2
"5278",28,20,8,1.05,0,3.1242,1,26,"Subject_29","1",21,2
"5279",29,100,30,13,1,1.6314,1,26,"Subject_29","1",1300,1
"5280",30,100,3,13,1,1.5784,0,26,"Subject_29","1",1300,1
"5281",31,20,5,1.01,0,1.9582,0,26,"Subject_29","1",20.2,2
"5282",32,100,60,1.2,0,2.5659,0,26,"Subject_29","1",120,1
"5283",33,100,1,1.2,1,1.3841,1,26,"Subject_29","1",120,1
"5284",34,20,30,1.01,0,1.6349,0,26,"Subject_29","1",20.2,2
"5285",35,20,8,1.8,1,1.7554,0,26,"Subject_29","1",36,2
"5286",36,20,60,2.5,1,3.1471,1,26,"Subject_29","1",50,2
"5287",37,100,30,1.02,0,1.8158,1,26,"Subject_29","1",102,1
"5288",38,20,14,1.8,0,7.4527,0,26,"Subject_29","1",36,2
"5289",39,100,3,1.5,1,3.4786,0,26,"Subject_29","1",150,1
"5290",40,100,14,1.2,1,2.9473,1,26,"Subject_29","1",120,1
"5291",41,100,30,5,1,1.1519,1,26,"Subject_29","1",500,1
"5292",42,20,14,7,1,1.9557,0,26,"Subject_29","1",140,2
"5293",43,100,14,1.05,0,1.5138,1,26,"Subject_29","1",105,1
"5294",44,20,3,1.2,1,3.3494,0,26,"Subject_29","1",24,2
"5295",45,100,8,1.02,0,1.5966,0,26,"Subject_29","1",102,1
"5296",46,100,60,1.5,1,1.4984,1,26,"Subject_29","1",150,1
"5297",47,100,8,4,1,1.1026,1,26,"Subject_29","1",400,1
"5298",48,100,30,3,1,1.4921,1,26,"Subject_29","1",300,1
"5299",49,20,30,3,1,2.4259,0,26,"Subject_29","1",60,2
"5300",50,100,14,2.5,1,1.8432,0,26,"Subject_29","1",250,1
"5301",51,100,60,4,1,1.1419,1,26,"Subject_29","1",400,1
"5302",52,100,14,1.5,1,1.2607,1,26,"Subject_29","1",150,1
"5303",53,20,1,2.5,1,1.2989,1,26,"Subject_29","1",50,2
"5304",54,20,3,1.01,0,1.7449,0,26,"Subject_29","1",20.2,2
"5305",55,100,60,7,1,1.8481,0,26,"Subject_29","1",700,1
"5306",56,100,30,1.2,0,1.9867,1,26,"Subject_29","1",120,1
"5307",57,100,3,1.1,1,1.5711,1,26,"Subject_29","1",110,1
"5308",58,20,8,2,1,1.8961,0,26,"Subject_29","1",40,2
"5309",59,100,3,1.05,1,2.3487,0,26,"Subject_29","1",105,1
"5310",60,20,30,1.1,0,1.8499,0,26,"Subject_29","1",22,2
"5311",61,20,14,2,1,1.6171,0,26,"Subject_29","1",40,2
"5312",62,100,1,10,1,1.4521,0,26,"Subject_29","1",1000,1
"5313",63,100,1,1.01,0,2.9331,0,26,"Subject_29","1",101,1
"5314",64,100,1,1.02,1,3.0761,1,26,"Subject_29","1",102,1
"5315",65,100,8,5,1,2.1801,1,26,"Subject_29","1",500,1
"5316",66,20,3,2.5,1,1.5332,0,26,"Subject_29","1",50,2
"5317",67,100,30,1.05,0,4.3369,0,26,"Subject_29","1",105,1
"5318",68,20,14,1.2,1,1.6314,0,26,"Subject_29","1",24,2
"5319",69,100,14,1.1,1,2.0435,0,26,"Subject_29","1",110,1
"5320",70,100,60,1.1,0,1.6748,1,26,"Subject_29","1",110,1
"5321",71,20,1,7,1,1.774,1,26,"Subject_29","1",140,2
"5322",72,20,14,13,1,1.3026,1,26,"Subject_29","1",260,2
"5323",73,100,1,13,1,1.3341,0,26,"Subject_29","1",1300,1
"5324",74,100,5,3,1,1.9502,1,26,"Subject_29","1",300,1
"5325",75,100,5,1.5,1,1.313,0,26,"Subject_29","1",150,1
"5326",76,100,30,1.5,1,1.2566,1,26,"Subject_29","1",150,1
"5327",77,100,60,10,1,1.024,0,26,"Subject_29","1",1000,1
"5328",78,100,3,1.01,0,2.0194,0,26,"Subject_29","1",101,1
"5329",79,100,60,5,1,1.9694,1,26,"Subject_29","1",500,1
"5330",80,20,5,1.05,0,1.7818,1,26,"Subject_29","1",21,2
"5331",81,100,3,1.8,1,1.873,1,26,"Subject_29","1",180,1
"5332",82,100,30,7,1,1.1932,1,26,"Subject_29","1",700,1
"5333",83,20,60,1.02,0,1.9427,0,26,"Subject_29","1",20.4,2
"5334",84,20,30,5,1,1.7561,1,26,"Subject_29","1",100,2
"5335",85,20,5,1.2,1,3.0544,0,26,"Subject_29","1",24,2
"5336",86,20,5,1.8,1,1.4297,0,26,"Subject_29","1",36,2
"5337",87,20,8,2.5,1,2.1506,0,26,"Subject_29","1",50,2
"5338",88,100,14,4,1,1.1594,1,26,"Subject_29","1",400,1
"5339",89,20,1,1.2,1,1.5806,0,26,"Subject_29","1",24,2
"5340",90,100,8,1.8,1,1.1371,0,26,"Subject_29","1",180,1
"5341",91,20,30,2.5,1,1.0859,0,26,"Subject_29","1",50,2
"5342",92,20,5,1.5,1,1.7075,0,26,"Subject_29","1",30,2
"5343",93,20,30,1.02,0,1.4839,0,26,"Subject_29","1",20.4,2
"5344",94,20,14,3,1,1.7989,1,26,"Subject_29","1",60,2
"5345",95,20,1,10,1,1.2099,0,26,"Subject_29","1",200,2
"5346",96,20,30,1.2,1,3.2388,1,26,"Subject_29","1",24,2
"5347",97,100,5,2.5,1,1.3413,1,26,"Subject_29","1",250,1
"5348",98,100,5,1.2,1,1.8481,1,26,"Subject_29","1",120,1
"5349",99,20,3,1.5,1,1.4082,0,26,"Subject_29","1",30,2
"5350",100,100,8,1.05,1,1.579,1,26,"Subject_29","1",105,1
"5351",101,20,8,1.02,0,3.1741,1,26,"Subject_29","1",20.4,2
"5352",102,20,5,2.5,1,1.1766,1,26,"Subject_29","1",50,2
"5353",103,20,3,10,1,1.9021,0,26,"Subject_29","1",200,2
"5354",104,100,8,3,1,1.3306,1,26,"Subject_29","1",300,1
"5355",105,20,30,2,1,2.449,1,26,"Subject_29","1",40,2
"5356",106,20,30,1.8,1,1.4823,0,26,"Subject_29","1",36,2
"5357",107,20,14,5,1,1.2167,1,26,"Subject_29","1",100,2
"5358",108,100,5,5,1,0.7987,0,26,"Subject_29","1",500,1
"5359",109,100,14,1.01,0,1.9201,0,26,"Subject_29","1",101,1
"5360",110,20,60,3,1,2.1168,0,26,"Subject_29","1",60,2
"5361",111,100,3,10,1,0.9791,0,26,"Subject_29","1",1000,1
"5362",112,20,5,1.1,1,1.1744,1,26,"Subject_29","1",22,2
"5363",113,20,5,1.02,0,2.5045,0,26,"Subject_29","1",20.4,2
"5364",114,100,60,2,1,2.3955,0,26,"Subject_29","1",200,1
"5365",115,20,14,1.05,0,1.8382,0,26,"Subject_29","1",21,2
"5366",116,100,8,13,1,0.7414,0,26,"Subject_29","1",1300,1
"5367",117,20,14,1.02,0,1.2713,0,26,"Subject_29","1",20.4,2
"5368",118,20,3,13,1,1.0309,1,26,"Subject_29","1",260,2
"5369",119,20,3,1.02,0,1.7144,1,26,"Subject_29","1",20.4,2
"5370",120,20,1,1.1,1,1.3303,1,26,"Subject_29","1",22,2
"5371",121,20,8,13,1,0.9745,1,26,"Subject_29","1",260,2
"5372",122,20,30,7,1,0.9352,1,26,"Subject_29","1",140,2
"5373",123,100,5,13,1,0.7706,0,26,"Subject_29","1",1300,1
"5374",124,20,3,2,1,1.8291,0,26,"Subject_29","1",40,2
"5375",125,20,14,2.5,1,0.9555,1,26,"Subject_29","1",50,2
"5376",126,20,8,3,1,1.1107,0,26,"Subject_29","1",60,2
"5377",127,20,14,1.01,0,2.5258,1,26,"Subject_29","1",20.2,2
"5378",128,20,8,1.01,0,1.1863,1,26,"Subject_29","1",20.2,2
"5379",129,20,3,3,1,1.1075,1,26,"Subject_29","1",60,2
"5380",130,20,8,7,1,0.9552,1,26,"Subject_29","1",140,2
"5381",131,20,1,5,1,1.0452,0,26,"Subject_29","1",100,2
"5382",132,100,8,10,1,0.6585,0,26,"Subject_29","1",1000,1
"5383",133,100,60,1.02,0,1.8551,1,26,"Subject_29","1",102,1
"5384",134,20,1,3,1,1.6689,0,26,"Subject_29","1",60,2
"5385",135,100,8,1.5,1,1.6063,1,26,"Subject_29","1",150,1
"5386",136,20,30,13,1,1.1244,0,26,"Subject_29","1",260,2
"5387",137,100,8,7,1,0.7506,0,26,"Subject_29","1",700,1
"5388",138,20,1,1.02,0,2.6914,1,26,"Subject_29","1",20.4,2
"5389",139,100,3,5,1,0.9376,0,26,"Subject_29","1",500,1
"5390",140,100,30,2.5,1,1.1931,1,26,"Subject_29","1",250,1
"5391",141,20,60,1.1,0,2.5686,0,26,"Subject_29","1",22,2
"5392",142,20,1,1.5,1,2.0999,0,26,"Subject_29","1",30,2
"5393",143,100,14,1.02,0,2.5651,0,26,"Subject_29","1",102,1
"5394",144,20,1,1.05,1,1.9515,0,26,"Subject_29","1",21,2
"5395",145,20,60,1.01,0,1.9401,1,26,"Subject_29","1",20.2,2
"5396",146,20,60,1.2,0,1.7999,0,26,"Subject_29","1",24,2
"5397",147,20,60,5,1,1.3455,1,26,"Subject_29","1",100,2
"5398",148,20,8,4,1,1.5098,1,26,"Subject_29","1",80,2
"5399",149,100,5,10,1,0.704,0,26,"Subject_29","1",1000,1
"5400",150,20,3,1.1,1,1.738,0,26,"Subject_29","1",22,2
"5401",151,20,30,10,1,1.134,1,26,"Subject_29","1",200,2
"5402",152,20,8,10,1,1.3861,0,26,"Subject_29","1",200,2
"5403",153,100,5,1.05,1,1.5223,0,26,"Subject_29","1",105,1
"5404",154,100,1,1.05,1,1.6038,1,26,"Subject_29","1",105,1
"5405",155,20,3,1.05,1,2.1575,0,26,"Subject_29","1",21,2
"5406",156,100,14,3,1,2.04,0,26,"Subject_29","1",300,1
"5407",157,20,14,10,1,1.3227,0,26,"Subject_29","1",200,2
"5408",158,20,14,4,1,1.2749,1,26,"Subject_29","1",80,2
"5409",159,100,1,2,1,1.7158,1,26,"Subject_29","1",200,1
"5410",160,20,14,1.1,0,2.1133,1,26,"Subject_29","1",22,2
"5411",161,20,5,3,1,1.2007,0,26,"Subject_29","1",60,2
"5412",162,20,14,1.5,1,1.9077,1,26,"Subject_29","1",30,2
"5413",163,100,1,4,1,1.2302,0,26,"Subject_29","1",400,1
"5414",164,100,30,1.01,0,1.7924,1,26,"Subject_29","1",101,1
"5415",165,20,1,1.8,1,1.2143,1,26,"Subject_29","1",36,2
"5416",166,100,3,2,1,1.2838,0,26,"Subject_29","1",200,1
"5417",167,100,60,3,1,1.8839,1,26,"Subject_29","1",300,1
"5418",168,20,60,1.05,0,1.7124,0,26,"Subject_29","1",21,2
"5419",169,20,3,5,1,1.4315,0,26,"Subject_29","1",100,2
"5420",170,100,3,1.2,1,1.3297,0,26,"Subject_29","1",120,1
"5421",171,100,14,5,1,1.2453,1,26,"Subject_29","1",500,1
"5422",172,20,5,4,1,1.1857,1,26,"Subject_29","1",80,2
"5423",173,20,60,1.5,1,3.3146,0,26,"Subject_29","1",30,2
"5424",174,100,60,1.01,0,1.7563,0,26,"Subject_29","1",101,1
"5425",175,20,1,2,1,1.7555,0,26,"Subject_29","1",40,2
"5426",176,100,1,7,1,1.1613,1,26,"Subject_29","1",700,1
"5427",177,20,8,1.1,1,2.6747,0,26,"Subject_29","1",22,2
"5428",178,100,8,1.2,1,1.5316,0,26,"Subject_29","1",120,1
"5429",179,20,8,1.2,1,1.874,0,26,"Subject_29","1",24,2
"5430",180,20,60,10,1,0.9425,0,26,"Subject_29","1",200,2
"5431",181,100,3,3,1,0.8999,0,26,"Subject_29","1",300,1
"5432",182,20,3,1.8,1,1.2241,0,26,"Subject_29","1",36,2
"5433",183,100,5,4,1,1.0489,1,26,"Subject_29","1",400,1
"5434",184,100,14,1.8,1,1.969,0,26,"Subject_29","1",180,1
"5435",185,100,60,13,1,2.065,0,26,"Subject_29","1",1300,1
"5436",186,100,14,7,1,1.0103,1,26,"Subject_29","1",700,1
"5437",187,100,3,1.02,1,2.0957,1,26,"Subject_29","1",102,1
"5438",188,20,5,5,1,1.9344,0,26,"Subject_29","1",100,2
"5439",189,20,5,2,1,1.2794,0,26,"Subject_29","1",40,2
"5440",190,100,60,2.5,1,0.8829,1,26,"Subject_29","1",250,1
"5441",191,100,5,1.1,1,1.1317,0,26,"Subject_29","1",110,1
"5442",192,100,1,3,1,0.93,1,26,"Subject_29","1",300,1
"5443",193,20,60,4,1,1.3098,1,26,"Subject_29","1",80,2
"5444",194,100,30,10,1,1.0418,1,26,"Subject_29","1",1000,1
"5445",195,20,8,1.5,1,1.3275,1,26,"Subject_29","1",30,2
"5446",196,20,8,5,1,1.6415,0,26,"Subject_29","1",100,2
"5447",197,20,3,4,1,1.1953,1,26,"Subject_29","1",80,2
"5448",198,20,5,7,1,0.8886,1,26,"Subject_29","1",140,2
"5449",199,100,8,1.01,0,2.0847,1,26,"Subject_29","1",101,1
"5450",200,20,60,2,1,1.2366,0,26,"Subject_29","1",40,2
"5451",201,100,5,1.02,0,1.8066,1,26,"Subject_29","1",102,1
"5452",202,100,30,1.1,1,3.1776,1,26,"Subject_29","1",110,1
"5453",203,100,30,2,1,1.2941,1,26,"Subject_29","1",200,1
"5454",204,100,1,1.8,1,1.3384,1,26,"Subject_29","1",180,1
"5455",205,100,14,13,1,0.8506,0,26,"Subject_29","1",1300,1
"5456",206,100,5,2,1,1.4057,0,26,"Subject_29","1",200,1
"5457",207,100,60,1.05,0,1.9627,0,26,"Subject_29","1",105,1
"5458",208,100,14,2,1,1.4179,1,26,"Subject_29","1",200,1
"5459",209,20,30,1.5,1,2.0143,1,26,"Subject_29","1",30,2
"5460",210,20,30,1.05,0,1.8721,1,26,"Subject_29","1",21,2
"5461",1,100,3,1.8,1,1.5811,1,27,"Subject_31","2",180,1
"5462",2,100,3,2,0,1.9272,0,27,"Subject_31","2",200,1
"5463",3,100,30,4,0,2.4952,0,27,"Subject_31","2",400,1
"5464",4,100,1,1.05,0,2.5485,1,27,"Subject_31","2",105,1
"5465",5,100,60,1.05,0,2.16,0,27,"Subject_31","2",105,1
"5466",6,20,1,1.05,0,2.2305,0,27,"Subject_31","2",21,2
"5467",7,20,8,5,1,2.0674,0,27,"Subject_31","2",100,2
"5468",8,20,5,13,1,2.2732,1,27,"Subject_31","2",260,2
"5469",9,100,30,1.1,0,2.3116,0,27,"Subject_31","2",110,1
"5470",10,20,30,2.5,0,2.5139,1,27,"Subject_31","2",50,2
"5471",11,100,8,4,1,2.3364,1,27,"Subject_31","2",400,1
"5472",12,100,8,1.8,0,1.7791,1,27,"Subject_31","2",180,1
"5473",13,100,8,5,1,1.3842,1,27,"Subject_31","2",500,1
"5474",14,100,60,13,1,1.9739,1,27,"Subject_31","2",1300,1
"5475",15,20,3,1.5,0,2.6156,1,27,"Subject_31","2",30,2
"5476",16,100,30,1.2,1,2.1071,1,27,"Subject_31","2",120,1
"5477",17,20,14,1.1,0,2.6843,1,27,"Subject_31","2",22,2
"5478",18,100,60,4,0,1.5125,1,27,"Subject_31","2",400,1
"5479",19,100,60,10,1,2.4133,1,27,"Subject_31","2",1000,1
"5480",20,20,8,13,0,2,1,27,"Subject_31","2",260,2
"5481",21,20,8,1.8,0,2.6404,0,27,"Subject_31","2",36,2
"5482",22,20,1,4,1,3.1598,0,27,"Subject_31","2",80,2
"5483",23,20,60,5,0,2.4982,1,27,"Subject_31","2",100,2
"5484",24,100,8,1.5,0,3.1496,1,27,"Subject_31","2",150,1
"5485",25,100,5,1.1,0,2.6567,0,27,"Subject_31","2",110,1
"5486",26,20,14,10,0,3.4181,1,27,"Subject_31","2",200,2
"5487",27,100,3,5,1,1.2792,0,27,"Subject_31","2",500,1
"5488",28,20,3,2.5,1,2.4506,0,27,"Subject_31","2",50,2
"5489",29,100,30,2.5,0,2.0467,1,27,"Subject_31","2",250,1
"5490",30,20,3,1.2,0,3.6832,1,27,"Subject_31","2",24,2
"5491",31,20,30,3,0,1.5141,0,27,"Subject_31","2",60,2
"5492",32,100,14,1.01,0,1.3921,1,27,"Subject_31","2",101,1
"5493",33,100,5,1.01,0,1.413,1,27,"Subject_31","2",101,1
"5494",34,20,30,7,1,4.0584,1,27,"Subject_31","2",140,2
"5495",35,100,1,1.8,1,2.2158,0,27,"Subject_31","2",180,1
"5496",36,20,3,1.1,0,2.3539,0,27,"Subject_31","2",22,2
"5497",37,100,5,4,1,2.1857,1,27,"Subject_31","2",400,1
"5498",38,100,60,1.01,0,1.3903,0,27,"Subject_31","2",101,1
"5499",39,100,30,1.5,0,2.0658,1,27,"Subject_31","2",150,1
"5500",40,100,60,1.8,0,1.939,1,27,"Subject_31","2",180,1
"5501",41,20,8,2,0,1.6082,0,27,"Subject_31","2",40,2
"5502",42,20,14,2,0,2.4217,1,27,"Subject_31","2",40,2
"5503",43,100,30,1.02,0,1.6377,0,27,"Subject_31","2",102,1
"5504",44,100,8,13,1,1.8927,1,27,"Subject_31","2",1300,1
"5505",45,20,8,7,1,2.3731,0,27,"Subject_31","2",140,2
"5506",46,100,14,1.8,0,1.6678,0,27,"Subject_31","2",180,1
"5507",47,100,5,10,1,1.5768,0,27,"Subject_31","2",1000,1
"5508",48,100,30,13,1,1.7045,0,27,"Subject_31","2",1300,1
"5509",49,20,14,13,1,2.0238,1,27,"Subject_31","2",260,2
"5510",50,20,8,10,1,1.4623,1,27,"Subject_31","2",200,2
"5511",51,100,1,2,1,3.0611,0,27,"Subject_31","2",200,1
"5512",52,20,14,1.5,0,2.1375,0,27,"Subject_31","2",30,2
"5513",53,20,30,1.02,0,2.2322,0,27,"Subject_31","2",20.4,2
"5514",54,100,5,1.02,0,2.0986,1,27,"Subject_31","2",102,1
"5515",55,20,1,1.01,0,1.0412,0,27,"Subject_31","2",20.2,2
"5516",56,20,8,1.02,0,1.5979,1,27,"Subject_31","2",20.4,2
"5517",57,100,14,1.5,0,1.9048,0,27,"Subject_31","2",150,1
"5518",58,100,5,1.8,1,1.933,1,27,"Subject_31","2",180,1
"5519",59,100,30,2,0,1.2983,0,27,"Subject_31","2",200,1
"5520",60,100,3,2.5,1,1.9257,0,27,"Subject_31","2",250,1
"5521",61,20,14,7,0,1.5231,0,27,"Subject_31","2",140,2
"5522",62,100,30,3,1,1.5131,1,27,"Subject_31","2",300,1
"5523",63,20,60,1.02,0,3.3707,0,27,"Subject_31","2",20.4,2
"5524",64,20,14,1.8,0,3.1531,0,27,"Subject_31","2",36,2
"5525",65,20,30,1.05,0,2.213,0,27,"Subject_31","2",21,2
"5526",66,100,14,1.05,0,1.9382,1,27,"Subject_31","2",105,1
"5527",67,100,3,1.02,0,1.1888,0,27,"Subject_31","2",102,1
"5528",68,100,3,1.2,0,1.6536,0,27,"Subject_31","2",120,1
"5529",69,20,5,1.05,0,1.2111,1,27,"Subject_31","2",21,2
"5530",70,20,14,5,1,3.4894,1,27,"Subject_31","2",100,2
"5531",71,20,1,1.5,0,2.1957,0,27,"Subject_31","2",30,2
"5532",72,20,5,1.02,0,1.6284,1,27,"Subject_31","2",20.4,2
"5533",73,100,3,10,1,1.2142,1,27,"Subject_31","2",1000,1
"5534",74,20,30,4,0,1.4827,0,27,"Subject_31","2",80,2
"5535",75,20,3,1.01,0,3.2971,0,27,"Subject_31","2",20.2,2
"5536",76,100,8,10,1,1.4968,1,27,"Subject_31","2",1000,1
"5537",77,20,30,1.8,0,1.8012,1,27,"Subject_31","2",36,2
"5538",78,100,8,7,1,1.8108,0,27,"Subject_31","2",700,1
"5539",79,20,5,2,0,1.9446,1,27,"Subject_31","2",40,2
"5540",80,100,1,1.02,0,1.441,1,27,"Subject_31","2",102,1
"5541",81,20,8,1.1,0,1.5306,1,27,"Subject_31","2",22,2
"5542",82,20,3,2,0,1.0577,0,27,"Subject_31","2",40,2
"5543",83,20,5,10,1,1.6791,1,27,"Subject_31","2",200,2
"5544",84,100,8,1.2,0,2.0987,0,27,"Subject_31","2",120,1
"5545",85,20,8,1.01,0,3.3147,0,27,"Subject_31","2",20.2,2
"5546",86,100,8,1.01,0,1.7231,1,27,"Subject_31","2",101,1
"5547",87,100,60,7,1,1.5649,1,27,"Subject_31","2",700,1
"5548",88,20,14,1.2,0,2.5798,1,27,"Subject_31","2",24,2
"5549",89,100,1,1.1,0,3.1126,0,27,"Subject_31","2",110,1
"5550",90,20,1,2,0,1.8717,0,27,"Subject_31","2",40,2
"5551",91,20,60,1.5,0,1.29,0,27,"Subject_31","2",30,2
"5552",92,20,14,1.01,0,1.4794,1,27,"Subject_31","2",20.2,2
"5553",93,100,8,1.05,0,1.6583,1,27,"Subject_31","2",105,1
"5554",94,20,8,2.5,0,1.2806,1,27,"Subject_31","2",50,2
"5555",95,20,60,1.05,0,1.4269,1,27,"Subject_31","2",21,2
"5556",96,100,5,1.5,0,2.3785,0,27,"Subject_31","2",150,1
"5557",97,20,1,3,0,1.4991,0,27,"Subject_31","2",60,2
"5558",98,20,14,1.05,0,2.3459,1,27,"Subject_31","2",21,2
"5559",99,100,8,2,0,2.9232,1,27,"Subject_31","2",200,1
"5560",100,20,8,1.5,0,2.7598,1,27,"Subject_31","2",30,2
"5561",101,100,30,5,0,3.3892,0,27,"Subject_31","2",500,1
"5562",102,20,3,13,1,1.857,1,27,"Subject_31","2",260,2
"5563",103,100,1,10,1,1.4654,1,27,"Subject_31","2",1000,1
"5564",104,100,30,10,1,1.685,0,27,"Subject_31","2",1000,1
"5565",105,20,14,2.5,0,3.0072,0,27,"Subject_31","2",50,2
"5566",106,20,5,1.01,0,1.256,1,27,"Subject_31","2",20.2,2
"5567",107,100,5,7,1,1.5656,0,27,"Subject_31","2",700,1
"5568",108,100,5,3,1,1.6857,1,27,"Subject_31","2",300,1
"5569",109,20,30,2,0,1.1847,1,27,"Subject_31","2",40,2
"5570",110,20,60,1.2,0,1.1982,1,27,"Subject_31","2",24,2
"5571",111,20,30,1.2,0,1.3369,1,27,"Subject_31","2",24,2
"5572",112,20,30,10,0,2.5917,1,27,"Subject_31","2",200,2
"5573",113,20,3,5,1,2.6244,1,27,"Subject_31","2",100,2
"5574",114,100,60,2.5,0,1.7232,0,27,"Subject_31","2",250,1
"5575",115,20,14,3,0,2.184,1,27,"Subject_31","2",60,2
"5576",116,20,8,1.2,0,1.2274,1,27,"Subject_31","2",24,2
"5577",117,100,14,10,1,1.9309,1,27,"Subject_31","2",1000,1
"5578",118,100,30,1.01,0,1.4714,0,27,"Subject_31","2",101,1
"5579",119,20,30,1.1,0,1.5129,0,27,"Subject_31","2",22,2
"5580",120,100,8,2.5,0,0.9306,0,27,"Subject_31","2",250,1
"5581",121,20,1,13,1,2.0418,0,27,"Subject_31","2",260,2
"5582",122,20,60,7,0,1.981,1,27,"Subject_31","2",140,2
"5583",123,100,14,1.02,0,2.2528,0,27,"Subject_31","2",102,1
"5584",124,20,5,1.8,0,2.068,0,27,"Subject_31","2",36,2
"5585",125,20,30,5,0,1.9901,1,27,"Subject_31","2",100,2
"5586",126,20,30,1.5,0,1.1306,1,27,"Subject_31","2",30,2
"5587",127,100,3,13,1,1.3772,0,27,"Subject_31","2",1300,1
"5588",128,100,30,1.8,0,2.2341,0,27,"Subject_31","2",180,1
"5589",129,20,1,5,1,2.6975,1,27,"Subject_31","2",100,2
"5590",130,100,1,5,1,2.0182,1,27,"Subject_31","2",500,1
"5591",131,100,30,1.05,1,3.674,1,27,"Subject_31","2",105,1
"5592",132,20,60,4,0,4.6333,0,27,"Subject_31","2",80,2
"5593",133,100,3,7,1,1.4883,1,27,"Subject_31","2",700,1
"5594",134,100,1,13,1,1.8452,1,27,"Subject_31","2",1300,1
"5595",135,20,1,1.8,0,1.4928,0,27,"Subject_31","2",36,2
"5596",136,100,5,5,1,2.545,1,27,"Subject_31","2",500,1
"5597",137,100,60,1.1,0,2.5408,1,27,"Subject_31","2",110,1
"5598",138,20,60,2.5,0,1.8973,0,27,"Subject_31","2",50,2
"5599",139,100,1,7,1,1.5712,0,27,"Subject_31","2",700,1
"5600",140,100,14,1.1,0,3.2056,0,27,"Subject_31","2",110,1
"5601",141,100,14,1.2,0,2.6105,1,27,"Subject_31","2",120,1
"5602",142,20,5,5,1,2.2427,1,27,"Subject_31","2",100,2
"5603",143,100,1,2.5,1,1.7747,1,27,"Subject_31","2",250,1
"5604",144,100,3,1.05,0,4.5163,0,27,"Subject_31","2",105,1
"5605",145,100,8,3,0,4.0933,0,27,"Subject_31","2",300,1
"5606",146,20,14,4,0,6.4289,1,27,"Subject_31","2",80,2
"5607",147,100,1,1.01,0,1.6244,1,27,"Subject_31","2",101,1
"5608",148,20,8,1.05,0,3.5767,0,27,"Subject_31","2",21,2
"5609",149,100,60,1.5,0,3.7225,1,27,"Subject_31","2",150,1
"5610",150,100,14,2.5,0,1.3911,0,27,"Subject_31","2",250,1
"5611",151,20,5,1.2,0,1.2022,0,27,"Subject_31","2",24,2
"5612",152,100,3,1.5,0,1.2816,1,27,"Subject_31","2",150,1
"5613",153,100,8,1.02,0,1.0196,1,27,"Subject_31","2",102,1
"5614",154,100,1,3,0,1.4682,1,27,"Subject_31","2",300,1
"5615",155,100,3,3,0,2.4117,0,27,"Subject_31","2",300,1
"5616",156,100,5,1.2,0,1.1265,1,27,"Subject_31","2",120,1
"5617",157,20,3,7,0,1.4144,1,27,"Subject_31","2",140,2
"5618",158,20,3,1.05,1,3.4812,0,27,"Subject_31","2",21,2
"5619",159,20,60,10,1,1.6452,1,27,"Subject_31","2",200,2
"5620",160,100,1,1.2,0,7.176,1,27,"Subject_31","2",120,1
"5621",161,100,14,13,1,2.3308,1,27,"Subject_31","2",1300,1
"5622",162,20,1,1.02,0,4.1769,1,27,"Subject_31","2",20.4,2
"5623",163,20,8,4,0,5.4284,0,27,"Subject_31","2",80,2
"5624",164,100,5,2,1,2.4646,1,27,"Subject_31","2",200,1
"5625",165,100,3,1.01,0,1.1546,0,27,"Subject_31","2",101,1
"5626",166,20,60,2,0,2.2145,0,27,"Subject_31","2",40,2
"5627",167,20,60,13,0,3.3596,1,27,"Subject_31","2",260,2
"5628",168,20,5,4,1,1.7881,1,27,"Subject_31","2",80,2
"5629",169,20,5,2.5,0,5.3584,0,27,"Subject_31","2",50,2
"5630",170,20,3,1.02,0,2.3486,1,27,"Subject_31","2",20.4,2
"5631",171,100,30,7,0,2.6126,1,27,"Subject_31","2",700,1
"5632",172,100,60,1.02,0,3.4742,1,27,"Subject_31","2",102,1
"5633",173,100,60,5,0,1.4159,1,27,"Subject_31","2",500,1
"5634",174,20,5,1.5,0,5.0746,0,27,"Subject_31","2",30,2
"5635",175,100,14,7,1,1.3854,1,27,"Subject_31","2",700,1
"5636",176,100,60,1.2,0,3.7808,0,27,"Subject_31","2",120,1
"5637",177,20,1,2.5,1,3.7814,1,27,"Subject_31","2",50,2
"5638",178,20,8,3,1,1.2383,1,27,"Subject_31","2",60,2
"5639",179,20,60,3,0,1.1932,1,27,"Subject_31","2",60,2
"5640",180,100,1,4,1,1.384,1,27,"Subject_31","2",400,1
"5641",181,100,14,3,1,1.9039,1,27,"Subject_31","2",300,1
"5642",182,100,3,4,1,1.4403,0,27,"Subject_31","2",400,1
"5643",183,20,1,10,1,1.2755,1,27,"Subject_31","2",200,2
"5644",184,20,30,1.01,0,1.3527,0,27,"Subject_31","2",20.2,2
"5645",185,20,3,4,0,1.6404,1,27,"Subject_31","2",80,2
"5646",186,20,3,10,1,1.3728,1,27,"Subject_31","2",200,2
"5647",187,20,1,7,0,1.6174,1,27,"Subject_31","2",140,2
"5648",188,100,8,1.1,0,1.3604,1,27,"Subject_31","2",110,1
"5649",189,100,14,4,0,1.7518,1,27,"Subject_31","2",400,1
"5650",190,100,60,3,0,1.458,0,27,"Subject_31","2",300,1
"5651",191,100,5,2.5,0,2.0172,1,27,"Subject_31","2",250,1
"5652",192,20,3,1.8,0,1.4623,0,27,"Subject_31","2",36,2
"5653",193,20,5,1.1,0,1.0095,1,27,"Subject_31","2",22,2
"5654",194,20,1,1.1,0,1.3554,0,27,"Subject_31","2",22,2
"5655",195,100,5,1.05,0,1.1174,0,27,"Subject_31","2",105,1
"5656",196,100,14,2,0,1.3406,0,27,"Subject_31","2",200,1
"5657",197,100,3,1.1,0,2.249,1,27,"Subject_31","2",110,1
"5658",198,20,14,1.02,0,3.5822,0,27,"Subject_31","2",20.4,2
"5659",199,20,5,3,0,1.9516,0,27,"Subject_31","2",60,2
"5660",200,20,30,13,0,0.9932,1,27,"Subject_31","2",260,2
"5661",201,100,5,13,1,1.7411,1,27,"Subject_31","2",1300,1
"5662",202,20,60,1.01,0,1.5597,1,27,"Subject_31","2",20.2,2
"5663",203,100,14,5,0,1.3004,0,27,"Subject_31","2",500,1
"5664",204,100,1,1.5,0,0.7432,0,27,"Subject_31","2",150,1
"5665",205,100,60,2,0,0.7981,0,27,"Subject_31","2",200,1
"5666",206,20,1,1.2,0,0.8787,1,27,"Subject_31","2",24,2
"5667",207,20,60,1.1,0,0.7331,0,27,"Subject_31","2",22,2
"5668",208,20,5,7,0,0.6757,0,27,"Subject_31","2",140,2
"5669",209,20,3,3,0,0.8264,0,27,"Subject_31","2",60,2
"5670",210,20,60,1.8,0,1.0934,1,27,"Subject_31","2",36,2
"5671",1,20,8,3,1,1.8802,0,28,"Subject_32","1",60,2
"5672",2,100,60,2.5,1,1.5066,1,28,"Subject_32","1",250,1
"5673",3,20,3,1.5,1,2.0878,0,28,"Subject_32","1",30,2
"5674",4,20,14,1.2,1,1.5116,1,28,"Subject_32","1",24,2
"5675",5,100,3,1.01,1,1.6525,0,28,"Subject_32","1",101,1
"5676",6,100,1,1.02,1,1.1497,1,28,"Subject_32","1",102,1
"5677",7,20,14,1.5,1,1.5577,1,28,"Subject_32","1",30,2
"5678",8,20,8,7,1,1.0115,1,28,"Subject_32","1",140,2
"5679",9,100,5,1.2,1,1.1167,0,28,"Subject_32","1",120,1
"5680",10,100,3,2,1,1.0234,0,28,"Subject_32","1",200,1
"5681",11,20,1,1.2,1,0.9174,0,28,"Subject_32","1",24,2
"5682",12,100,30,1.02,1,1.0421,0,28,"Subject_32","1",102,1
"5683",13,100,60,1.2,1,2.269,1,28,"Subject_32","1",120,1
"5684",14,20,14,7,1,1.3758,0,28,"Subject_32","1",140,2
"5685",15,20,30,13,1,1.2153,1,28,"Subject_32","1",260,2
"5686",16,20,5,2,1,1.5537,1,28,"Subject_32","1",40,2
"5687",17,100,3,4,1,0.936,1,28,"Subject_32","1",400,1
"5688",18,20,1,2,1,1.0539,1,28,"Subject_32","1",40,2
"5689",19,100,1,5,1,1.0785,1,28,"Subject_32","1",500,1
"5690",20,100,14,1.05,1,1.8059,1,28,"Subject_32","1",105,1
"5691",21,20,5,1.2,1,1.3739,1,28,"Subject_32","1",24,2
"5692",22,100,8,2,1,0.6967,1,28,"Subject_32","1",200,1
"5693",23,100,3,7,1,0.9281,0,28,"Subject_32","1",700,1
"5694",24,100,14,3,1,0.9982,1,28,"Subject_32","1",300,1
"5695",25,20,5,1.1,1,1.0895,1,28,"Subject_32","1",22,2
"5696",26,20,8,5,1,0.9526,0,28,"Subject_32","1",100,2
"5697",27,20,14,2.5,1,0.8709,0,28,"Subject_32","1",50,2
"5698",28,20,14,2,1,1.0736,1,28,"Subject_32","1",40,2
"5699",29,100,60,2,1,0.7876,0,28,"Subject_32","1",200,1
"5700",30,20,5,1.01,0,2.0153,0,28,"Subject_32","1",20.2,2
"5701",31,20,60,1.2,1,1.4082,1,28,"Subject_32","1",24,2
"5702",32,100,8,1.02,0,1.9301,1,28,"Subject_32","1",102,1
"5703",33,100,5,7,1,0.9693,0,28,"Subject_32","1",700,1
"5704",34,20,14,13,1,1.0075,1,28,"Subject_32","1",260,2
"5705",35,20,60,1.1,0,1.558,0,28,"Subject_32","1",22,2
"5706",36,100,3,5,1,1.0817,0,28,"Subject_32","1",500,1
"5707",37,20,8,1.02,0,1.5219,1,28,"Subject_32","1",20.4,2
"5708",38,100,5,5,1,1.0068,0,28,"Subject_32","1",500,1
"5709",39,100,1,2,1,1.037,1,28,"Subject_32","1",200,1
"5710",40,100,5,1.8,1,0.8478,0,28,"Subject_32","1",180,1
"5711",41,100,1,13,1,1.1197,1,28,"Subject_32","1",1300,1
"5712",42,100,14,7,1,0.9404,0,28,"Subject_32","1",700,1
"5713",43,100,5,10,1,1.1639,1,28,"Subject_32","1",1000,1
"5714",44,20,14,4,1,0.9754,0,28,"Subject_32","1",80,2
"5715",45,20,3,1.1,0,1.4663,1,28,"Subject_32","1",22,2
"5716",46,20,1,2.5,1,1.0824,1,28,"Subject_32","1",50,2
"5717",47,20,1,1.02,0,1.0891,1,28,"Subject_32","1",20.4,2
"5718",48,20,14,1.1,0,1.8792,0,28,"Subject_32","1",22,2
"5719",49,100,14,1.01,0,1.5092,0,28,"Subject_32","1",101,1
"5720",50,20,30,1.1,0,1.3013,0,28,"Subject_32","1",22,2
"5721",51,20,1,10,1,0.9397,0,28,"Subject_32","1",200,2
"5722",52,100,60,1.1,1,1.4364,0,28,"Subject_32","1",110,1
"5723",53,20,8,2,1,1.1168,0,28,"Subject_32","1",40,2
"5724",54,20,60,2,1,1.086,1,28,"Subject_32","1",40,2
"5725",55,20,3,5,1,0.9977,0,28,"Subject_32","1",100,2
"5726",56,20,1,1.01,0,1.1022,0,28,"Subject_32","1",20.2,2
"5727",57,100,1,4,1,1.6118,0,28,"Subject_32","1",400,1
"5728",58,20,5,7,1,1.6998,0,28,"Subject_32","1",140,2
"5729",59,100,3,13,1,0.7898,0,28,"Subject_32","1",1300,1
"5730",60,20,5,3,1,1.6224,1,28,"Subject_32","1",60,2
"5731",61,20,8,1.01,0,1.3416,0,28,"Subject_32","1",20.2,2
"5732",62,20,30,1.5,1,1.2731,0,28,"Subject_32","1",30,2
"5733",63,20,30,1.2,0,1.5633,0,28,"Subject_32","1",24,2
"5734",64,20,8,1.5,1,1.3104,1,28,"Subject_32","1",30,2
"5735",65,100,30,4,1,0.8832,0,28,"Subject_32","1",400,1
"5736",66,20,30,1.8,1,0.976,0,28,"Subject_32","1",36,2
"5737",67,100,5,1.5,1,1.1162,1,28,"Subject_32","1",150,1
"5738",68,20,8,1.2,1,1.2408,1,28,"Subject_32","1",24,2
"5739",69,100,30,7,1,1.1337,1,28,"Subject_32","1",700,1
"5740",70,20,30,1.02,0,1.1532,0,28,"Subject_32","1",20.4,2
"5741",71,100,60,4,1,1.0641,1,28,"Subject_32","1",400,1
"5742",72,20,3,10,1,1.1195,1,28,"Subject_32","1",200,2
"5743",73,100,30,1.01,0,1.7482,1,28,"Subject_32","1",101,1
"5744",74,100,1,7,1,1.034,0,28,"Subject_32","1",700,1
"5745",75,100,1,1.1,1,1.788,1,28,"Subject_32","1",110,1
"5746",76,20,1,3,1,1.0472,0,28,"Subject_32","1",60,2
"5747",77,20,60,13,1,0.9085,1,28,"Subject_32","1",260,2
"5748",78,100,14,1.1,0,1.6152,1,28,"Subject_32","1",110,1
"5749",79,100,30,13,1,1.2789,1,28,"Subject_32","1",1300,1
"5750",80,20,1,1.5,1,1.3098,1,28,"Subject_32","1",30,2
"5751",81,100,5,1.01,1,2.0825,0,28,"Subject_32","1",101,1
"5752",82,100,8,1.8,1,1.7139,0,28,"Subject_32","1",180,1
"5753",83,20,30,1.01,0,1.0605,1,28,"Subject_32","1",20.2,2
"5754",84,100,8,1.01,0,1.1731,0,28,"Subject_32","1",101,1
"5755",85,100,60,3,1,1.02,1,28,"Subject_32","1",300,1
"5756",86,20,8,1.05,0,1.1853,0,28,"Subject_32","1",21,2
"5757",87,100,8,1.5,1,0.9248,1,28,"Subject_32","1",150,1
"5758",88,100,3,1.05,0,1.8343,0,28,"Subject_32","1",105,1
"5759",89,20,3,4,1,1.146,0,28,"Subject_32","1",80,2
"5760",90,100,30,2.5,1,0.8134,1,28,"Subject_32","1",250,1
"5761",91,20,30,3,1,0.9661,0,28,"Subject_32","1",60,2
"5762",92,20,14,3,1,0.9735,0,28,"Subject_32","1",60,2
"5763",93,100,5,1.1,1,1.3969,1,28,"Subject_32","1",110,1
"5764",94,20,5,2.5,1,1.0431,1,28,"Subject_32","1",50,2
"5765",95,100,3,1.8,1,1.1813,1,28,"Subject_32","1",180,1
"5766",96,20,1,1.8,1,1.0247,0,28,"Subject_32","1",36,2
"5767",97,100,30,3,1,0.9808,1,28,"Subject_32","1",300,1
"5768",98,100,30,10,1,1.0835,1,28,"Subject_32","1",1000,1
"5769",99,20,14,5,1,0.791,1,28,"Subject_32","1",100,2
"5770",100,20,1,1.1,1,0.8495,1,28,"Subject_32","1",22,2
"5771",101,100,30,5,1,1.1569,1,28,"Subject_32","1",500,1
"5772",102,20,30,7,1,1.1291,1,28,"Subject_32","1",140,2
"5773",103,20,5,1.02,0,1.3184,1,28,"Subject_32","1",20.4,2
"5774",104,100,30,2,1,1.0427,1,28,"Subject_32","1",200,1
"5775",105,100,5,3,1,0.7681,0,28,"Subject_32","1",300,1
"5776",106,20,3,13,1,0.9719,1,28,"Subject_32","1",260,2
"5777",107,100,1,1.2,1,1.0691,1,28,"Subject_32","1",120,1
"5778",108,20,30,2,1,1.1166,1,28,"Subject_32","1",40,2
"5779",109,100,8,5,1,1.1167,0,28,"Subject_32","1",500,1
"5780",110,100,1,1.05,1,2.8662,0,28,"Subject_32","1",105,1
"5781",111,100,5,4,1,1.2325,0,28,"Subject_32","1",400,1
"5782",112,20,30,2.5,1,1.1006,1,28,"Subject_32","1",50,2
"5783",113,100,1,1.5,1,1.2408,1,28,"Subject_32","1",150,1
"5784",114,100,14,10,1,0.875,0,28,"Subject_32","1",1000,1
"5785",115,20,3,2,1,1.2125,0,28,"Subject_32","1",40,2
"5786",116,100,1,2.5,1,1.1688,1,28,"Subject_32","1",250,1
"5787",117,20,3,2.5,1,1.3496,1,28,"Subject_32","1",50,2
"5788",118,20,60,1.05,0,1.7232,1,28,"Subject_32","1",21,2
"5789",119,100,5,2.5,1,1.8414,0,28,"Subject_32","1",250,1
"5790",120,20,3,3,1,1.3934,1,28,"Subject_32","1",60,2
"5791",121,20,3,7,1,1.0183,0,28,"Subject_32","1",140,2
"5792",122,100,30,1.05,0,1.347,0,28,"Subject_32","1",105,1
"5793",123,20,30,1.05,0,1.8358,0,28,"Subject_32","1",21,2
"5794",124,20,3,1.01,0,1.0295,0,28,"Subject_32","1",20.2,2
"5795",125,100,14,5,1,1.4377,1,28,"Subject_32","1",500,1
"5796",126,100,3,1.5,1,1.014,0,28,"Subject_32","1",150,1
"5797",127,100,1,1.01,0,1.2313,1,28,"Subject_32","1",101,1
"5798",128,20,5,1.8,1,2.1815,0,28,"Subject_32","1",36,2
"5799",129,100,3,2.5,1,1.0242,0,28,"Subject_32","1",250,1
"5800",130,20,60,1.02,0,1.2956,1,28,"Subject_32","1",20.4,2
"5801",131,20,60,1.8,1,1.479,1,28,"Subject_32","1",36,2
"5802",132,20,14,10,1,0.8613,0,28,"Subject_32","1",200,2
"5803",133,20,8,13,1,0.9166,1,28,"Subject_32","1",260,2
"5804",134,100,3,3,1,0.8728,0,28,"Subject_32","1",300,1
"5805",135,100,8,3,1,1.0638,0,28,"Subject_32","1",300,1
"5806",136,20,60,1.01,0,1.1368,1,28,"Subject_32","1",20.2,2
"5807",137,100,5,1.02,0,1.077,0,28,"Subject_32","1",102,1
"5808",138,100,60,1.05,0,1.629,0,28,"Subject_32","1",105,1
"5809",139,100,14,1.02,0,1.2259,1,28,"Subject_32","1",102,1
"5810",140,100,8,1.2,1,1.6116,0,28,"Subject_32","1",120,1
"5811",141,20,5,5,1,0.8992,0,28,"Subject_32","1",100,2
"5812",142,100,3,1.02,0,1.0346,0,28,"Subject_32","1",102,1
"5813",143,100,14,1.8,1,1.0098,1,28,"Subject_32","1",180,1
"5814",144,20,1,7,1,0.9854,1,28,"Subject_32","1",140,2
"5815",145,20,60,4,1,0.8222,0,28,"Subject_32","1",80,2
"5816",146,20,60,10,1,0.809,1,28,"Subject_32","1",200,2
"5817",147,20,5,10,1,0.9241,1,28,"Subject_32","1",200,2
"5818",148,100,8,13,1,1.0415,1,28,"Subject_32","1",1300,1
"5819",149,20,30,4,1,0.7122,1,28,"Subject_32","1",80,2
"5820",150,100,14,1.5,1,1.1269,0,28,"Subject_32","1",150,1
"5821",151,20,14,1.01,0,1.8098,0,28,"Subject_32","1",20.2,2
"5822",152,100,60,10,1,1.0268,1,28,"Subject_32","1",1000,1
"5823",153,20,30,10,1,1.0595,1,28,"Subject_32","1",200,2
"5824",154,20,60,3,1,1.0057,1,28,"Subject_32","1",60,2
"5825",155,100,60,13,1,1.4131,0,28,"Subject_32","1",1300,1
"5826",156,20,3,1.02,1,0.9659,0,28,"Subject_32","1",20.4,2
"5827",157,100,30,1.8,1,1.1014,1,28,"Subject_32","1",180,1
"5828",158,20,5,13,1,0.8348,0,28,"Subject_32","1",260,2
"5829",159,100,1,1.8,1,0.964,1,28,"Subject_32","1",180,1
"5830",160,20,3,1.2,0,2.1292,0,28,"Subject_32","1",24,2
"5831",161,100,5,13,1,0.8486,0,28,"Subject_32","1",1300,1
"5832",162,20,3,1.05,0,0.9285,1,28,"Subject_32","1",21,2
"5833",163,100,3,1.2,1,1.0125,0,28,"Subject_32","1",120,1
"5834",164,100,60,1.8,1,1.1798,0,28,"Subject_32","1",180,1
"5835",165,20,14,1.8,1,1.2166,0,28,"Subject_32","1",36,2
"5836",166,100,60,7,1,1.8908,0,28,"Subject_32","1",700,1
"5837",167,100,30,1.5,1,1.3847,0,28,"Subject_32","1",150,1
"5838",168,20,30,5,1,0.8176,1,28,"Subject_32","1",100,2
"5839",169,100,30,1.1,0,1.3316,1,28,"Subject_32","1",110,1
"5840",170,100,1,10,1,1.0351,1,28,"Subject_32","1",1000,1
"5841",171,100,8,10,1,0.7304,0,28,"Subject_32","1",1000,1
"5842",172,20,8,10,1,0.9217,1,28,"Subject_32","1",200,2
"5843",173,20,60,1.5,1,1.2118,1,28,"Subject_32","1",30,2
"5844",174,100,8,1.1,1,1.3459,1,28,"Subject_32","1",110,1
"5845",175,100,14,4,1,0.7849,0,28,"Subject_32","1",400,1
"5846",176,100,8,4,1,1.2843,0,28,"Subject_32","1",400,1
"5847",177,100,60,1.5,1,0.9637,0,28,"Subject_32","1",150,1
"5848",178,100,1,3,1,0.7875,0,28,"Subject_32","1",300,1
"5849",179,100,14,13,1,0.9013,1,28,"Subject_32","1",1300,1
"5850",180,100,30,1.2,1,1.0132,1,28,"Subject_32","1",120,1
"5851",181,100,60,1.01,0,1.2809,0,28,"Subject_32","1",101,1
"5852",182,20,5,1.5,1,0.8269,1,28,"Subject_32","1",30,2
"5853",183,20,1,1.05,0,1.2447,0,28,"Subject_32","1",21,2
"5854",184,20,8,2.5,1,1.1802,1,28,"Subject_32","1",50,2
"5855",185,100,8,2.5,1,1.0551,1,28,"Subject_32","1",250,1
"5856",186,20,1,13,1,0.8006,0,28,"Subject_32","1",260,2
"5857",187,100,3,10,1,1.1332,0,28,"Subject_32","1",1000,1
"5858",188,20,60,5,1,1.2472,0,28,"Subject_32","1",100,2
"5859",189,20,3,1.8,1,0.9635,1,28,"Subject_32","1",36,2
"5860",190,100,8,1.05,0,1.3834,1,28,"Subject_32","1",105,1
"5861",191,20,60,7,1,1.1049,1,28,"Subject_32","1",140,2
"5862",192,20,1,4,1,0.8697,1,28,"Subject_32","1",80,2
"5863",193,100,60,1.02,1,0.853,1,28,"Subject_32","1",102,1
"5864",194,20,8,1.8,1,0.7797,0,28,"Subject_32","1",36,2
"5865",195,20,5,1.05,0,0.8343,1,28,"Subject_32","1",21,2
"5866",196,20,8,1.1,0,1.2963,0,28,"Subject_32","1",22,2
"5867",197,20,14,1.05,0,1.1646,1,28,"Subject_32","1",21,2
"5868",198,100,3,1.1,0,1.1728,1,28,"Subject_32","1",110,1
"5869",199,20,60,2.5,1,1.1137,1,28,"Subject_32","1",50,2
"5870",200,20,8,4,1,0.7777,1,28,"Subject_32","1",80,2
"5871",201,100,14,1.2,1,1.0358,1,28,"Subject_32","1",120,1
"5872",202,100,14,2,1,0.8534,0,28,"Subject_32","1",200,1
"5873",203,20,1,5,1,0.7446,1,28,"Subject_32","1",100,2
"5874",204,20,5,4,1,0.9727,0,28,"Subject_32","1",80,2
"5875",205,100,5,2,1,0.6855,0,28,"Subject_32","1",200,1
"5876",206,100,60,5,1,0.6948,0,28,"Subject_32","1",500,1
"5877",207,100,5,1.05,0,1.2414,0,28,"Subject_32","1",105,1
"5878",208,20,14,1.02,0,0.9203,0,28,"Subject_32","1",20.4,2
"5879",209,100,8,7,1,1.0445,1,28,"Subject_32","1",700,1
"5880",210,100,14,2.5,1,0.841,0,28,"Subject_32","1",250,1
"5881",1,100,3,4,1,3.0986,1,29,"Subject_33","2",400,1
"5882",2,20,1,2,1,3.5196,0,29,"Subject_33","2",40,2
"5883",3,100,30,3,1,5.1809,0,29,"Subject_33","2",300,1
"5884",4,100,60,7,1,4.0795,1,29,"Subject_33","2",700,1
"5885",5,100,3,1.01,0,3.6899,0,29,"Subject_33","2",101,1
"5886",6,100,14,5,1,3.9607,0,29,"Subject_33","2",500,1
"5887",7,20,60,13,1,3.3664,0,29,"Subject_33","2",260,2
"5888",8,20,60,1.1,0,4.5063,0,29,"Subject_33","2",22,2
"5889",9,20,60,1.5,1,8.3266,0,29,"Subject_33","2",30,2
"5890",10,100,30,10,1,2.7679,0,29,"Subject_33","2",1000,1
"5891",11,20,30,2.5,0,8.6181,0,29,"Subject_33","2",50,2
"5892",12,100,8,2,1,3.372,0,29,"Subject_33","2",200,1
"5893",13,100,14,1.05,0,4.2765,1,29,"Subject_33","2",105,1
"5894",14,100,60,4,1,4.6769,1,29,"Subject_33","2",400,1
"5895",15,100,30,13,1,3.2131,0,29,"Subject_33","2",1300,1
"5896",16,20,8,3,1,3.2469,0,29,"Subject_33","2",60,2
"5897",17,20,3,1.2,1,9.8892,0,29,"Subject_33","2",24,2
"5898",18,100,1,4,1,3.7456,1,29,"Subject_33","2",400,1
"5899",19,100,30,7,1,2.3944,0,29,"Subject_33","2",700,1
"5900",20,20,14,4,1,3.4579,0,29,"Subject_33","2",80,2
"5901",21,100,14,13,1,3.6459,0,29,"Subject_33","2",1300,1
"5902",22,20,30,3,1,8.5497,1,29,"Subject_33","2",60,2
"5903",23,20,5,13,1,3.3745,1,29,"Subject_33","2",260,2
"5904",24,100,1,1.2,1,4.0901,0,29,"Subject_33","2",120,1
"5905",25,20,5,4,1,4.6991,1,29,"Subject_33","2",80,2
"5906",26,100,3,3,1,2.2126,1,29,"Subject_33","2",300,1
"5907",27,20,5,10,1,4.091,1,29,"Subject_33","2",200,2
"5908",28,20,8,4,1,9.018,0,29,"Subject_33","2",80,2
"5909",29,20,1,1.8,1,6.4545,0,29,"Subject_33","2",36,2
"5910",30,100,5,1.02,0,3.799,1,29,"Subject_33","2",102,1
"5911",31,20,8,1.05,0,4.8357,0,29,"Subject_33","2",21,2
"5912",32,100,3,2,1,4.6395,1,29,"Subject_33","2",200,1
"5913",33,20,5,1.2,0,4.863,1,29,"Subject_33","2",24,2
"5914",34,20,1,1.01,0,5.907,0,29,"Subject_33","2",20.2,2
"5915",35,20,5,1.01,0,3.2921,1,29,"Subject_33","2",20.2,2
"5916",36,20,1,1.1,1,3.3583,1,29,"Subject_33","2",22,2
"5917",37,100,8,5,1,3.5201,1,29,"Subject_33","2",500,1
"5918",38,100,14,1.1,1,5.9728,0,29,"Subject_33","2",110,1
"5919",39,20,8,1.8,1,6.0226,0,29,"Subject_33","2",36,2
"5920",40,20,5,7,1,2.244,0,29,"Subject_33","2",140,2
"5921",41,20,30,2,0,1.8779,0,29,"Subject_33","2",40,2
"5922",42,20,1,10,1,1.0349,1,29,"Subject_33","2",200,2
"5923",43,20,14,7,1,0.8877,0,29,"Subject_33","2",140,2
"5924",44,100,8,1.05,1,1.3328,1,29,"Subject_33","2",105,1
"5925",45,100,8,1.01,0,1.1633,0,29,"Subject_33","2",101,1
"5926",46,20,30,13,1,1.4753,1,29,"Subject_33","2",260,2
"5927",47,20,60,1.05,0,2.7937,1,29,"Subject_33","2",21,2
"5928",48,100,5,1.2,1,2.5366,0,29,"Subject_33","2",120,1
"5929",49,100,1,2,1,3.7844,1,29,"Subject_33","2",200,1
"5930",50,20,5,1.1,1,6.6031,1,29,"Subject_33","2",22,2
"5931",51,100,5,1.5,1,3.5018,1,29,"Subject_33","2",150,1
"5932",52,20,3,3,1,4.3813,1,29,"Subject_33","2",60,2
"5933",53,20,60,1.8,1,4.5658,1,29,"Subject_33","2",36,2
"5934",54,20,60,4,0,3.5608,1,29,"Subject_33","2",80,2
"5935",55,100,1,1.8,1,2.7863,0,29,"Subject_33","2",180,1
"5936",56,100,30,1.02,0,4.5473,1,29,"Subject_33","2",102,1
"5937",57,100,8,13,1,2.1119,0,29,"Subject_33","2",1300,1
"5938",58,100,1,10,1,1.2966,0,29,"Subject_33","2",1000,1
"5939",59,100,3,13,1,2.2762,0,29,"Subject_33","2",1300,1
"5940",60,100,14,3,1,2.7636,0,29,"Subject_33","2",300,1
"5941",61,100,8,10,1,4.107,1,29,"Subject_33","2",1000,1
"5942",62,100,3,1.1,0,4.2253,1,29,"Subject_33","2",110,1
"5943",63,100,60,1.02,0,2.2092,1,29,"Subject_33","2",102,1
"5944",64,20,14,5,1,3.5792,1,29,"Subject_33","2",100,2
"5945",65,20,8,2.5,1,5.2945,1,29,"Subject_33","2",50,2
"5946",66,20,14,13,1,1.142,1,29,"Subject_33","2",260,2
"5947",67,20,30,1.02,0,1.4834,1,29,"Subject_33","2",20.4,2
"5948",68,100,5,3,1,0.6567,0,29,"Subject_33","2",300,1
"5949",69,20,14,1.2,1,0.8094,1,29,"Subject_33","2",24,2
"5950",70,100,30,2,1,0.6453,1,29,"Subject_33","2",200,1
"5951",71,100,3,1.05,1,0.6603,0,29,"Subject_33","2",105,1
"5952",72,20,5,1.02,1,0.5264,0,29,"Subject_33","2",20.4,2
"5953",73,100,60,2.5,0,0.5262,1,29,"Subject_33","2",250,1
"5954",74,100,30,1.5,1,0.5795,0,29,"Subject_33","2",150,1
"5955",75,100,1,13,1,0.9091,0,29,"Subject_33","2",1300,1
"5956",76,100,1,5,1,0.7299,1,29,"Subject_33","2",500,1
"5957",77,100,1,2.5,1,0.734,0,29,"Subject_33","2",250,1
"5958",78,100,30,1.8,1,0.6325,1,29,"Subject_33","2",180,1
"5959",79,20,1,1.2,0,0.4864,0,29,"Subject_33","2",24,2
"5960",80,20,1,1.5,1,0.6151,1,29,"Subject_33","2",30,2
"5961",81,20,14,1.01,1,2.3895,1,29,"Subject_33","2",20.2,2
"5962",82,100,60,1.05,0,1.101,0,29,"Subject_33","2",105,1
"5963",83,20,5,2.5,0,2.1491,1,29,"Subject_33","2",50,2
"5964",84,20,30,1.1,0,1.7454,0,29,"Subject_33","2",22,2
"5965",85,100,3,2.5,1,1.3183,0,29,"Subject_33","2",250,1
"5966",86,100,14,1.2,1,1.3067,0,29,"Subject_33","2",120,1
"5967",87,100,5,10,1,1.0728,1,29,"Subject_33","2",1000,1
"5968",88,100,60,1.2,1,0.9507,0,29,"Subject_33","2",120,1
"5969",89,100,8,3,1,0.9281,1,29,"Subject_33","2",300,1
"5970",90,100,5,2.5,1,1.8202,1,29,"Subject_33","2",250,1
"5971",91,100,30,1.2,1,1.1101,1,29,"Subject_33","2",120,1
"5972",92,20,5,1.8,0,1.9268,1,29,"Subject_33","2",36,2
"5973",93,20,1,7,1,1.3234,1,29,"Subject_33","2",140,2
"5974",94,20,30,1.8,1,1.2311,1,29,"Subject_33","2",36,2
"5975",95,100,8,1.2,1,1.146,0,29,"Subject_33","2",120,1
"5976",96,100,5,4,1,1.2407,0,29,"Subject_33","2",400,1
"5977",97,20,30,1.05,1,3.3202,0,29,"Subject_33","2",21,2
"5978",98,20,14,1.02,0,1.48,0,29,"Subject_33","2",20.4,2
"5979",99,100,14,2.5,1,1.3409,0,29,"Subject_33","2",250,1
"5980",100,100,14,7,1,0.9385,0,29,"Subject_33","2",700,1
"5981",101,20,5,5,1,1.1685,0,29,"Subject_33","2",100,2
"5982",102,20,3,1.8,1,0.8195,0,29,"Subject_33","2",36,2
"5983",103,100,1,1.05,1,0.9311,1,29,"Subject_33","2",105,1
"5984",104,100,3,1.02,1,1.0596,0,29,"Subject_33","2",102,1
"5985",105,100,5,13,1,0.8925,1,29,"Subject_33","2",1300,1
"5986",106,100,30,2.5,1,1.2112,0,29,"Subject_33","2",250,1
"5987",107,100,60,3,1,2.1314,0,29,"Subject_33","2",300,1
"5988",108,100,1,7,1,0.9927,1,29,"Subject_33","2",700,1
"5989",109,20,3,1.1,1,1.3697,0,29,"Subject_33","2",22,2
"5990",110,20,3,2.5,1,0.8619,1,29,"Subject_33","2",50,2
"5991",111,20,8,1.1,1,0.7192,0,29,"Subject_33","2",22,2
"5992",112,100,3,5,1,0.5526,0,29,"Subject_33","2",500,1
"5993",113,20,14,3,1,0.909,1,29,"Subject_33","2",60,2
"5994",114,20,1,4,1,0.6825,0,29,"Subject_33","2",80,2
"5995",115,20,3,7,1,0.7989,0,29,"Subject_33","2",140,2
"5996",116,20,1,1.02,0,1.3455,0,29,"Subject_33","2",20.4,2
"5997",117,20,14,1.05,0,1.1552,1,29,"Subject_33","2",21,2
"5998",118,100,8,4,1,1.1471,1,29,"Subject_33","2",400,1
"5999",119,20,14,1.5,1,1.4787,0,29,"Subject_33","2",30,2
"6000",120,20,1,1.05,0,1.009,0,29,"Subject_33","2",21,2
"6001",121,100,3,1.2,1,0.8826,1,29,"Subject_33","2",120,1
"6002",122,20,60,2.5,1,1.0177,1,29,"Subject_33","2",50,2
"6003",123,20,3,1.01,0,1.046,0,29,"Subject_33","2",20.2,2
"6004",124,100,60,2,0,0.8781,0,29,"Subject_33","2",200,1
"6005",125,100,8,2.5,1,1.0659,0,29,"Subject_33","2",250,1
"6006",126,20,3,2,1,3.5665,0,29,"Subject_33","2",40,2
"6007",127,20,8,1.01,0,2.3064,1,29,"Subject_33","2",20.2,2
"6008",128,100,60,1.1,0,1.9114,1,29,"Subject_33","2",110,1
"6009",129,20,60,10,1,3.7065,0,29,"Subject_33","2",200,2
"6010",130,20,30,1.2,1,6.1597,1,29,"Subject_33","2",24,2
"6011",131,100,1,1.01,0,1.2146,0,29,"Subject_33","2",101,1
"6012",132,20,1,2.5,1,0.992,0,29,"Subject_33","2",50,2
"6013",133,20,60,3,1,0.9698,1,29,"Subject_33","2",60,2
"6014",134,100,8,1.02,1,5.3878,1,29,"Subject_33","2",102,1
"6015",135,20,5,2,0,0.8172,0,29,"Subject_33","2",40,2
"6016",136,100,1,1.5,1,1.3151,1,29,"Subject_33","2",150,1
"6017",137,20,8,13,1,1.5039,1,29,"Subject_33","2",260,2
"6018",138,100,30,1.01,0,1.3356,0,29,"Subject_33","2",101,1
"6019",139,100,60,13,0,0.7038,1,29,"Subject_33","2",1300,1
"6020",140,100,1,3,1,4.8077,0,29,"Subject_33","2",300,1
"6021",141,100,8,7,1,1.0584,1,29,"Subject_33","2",700,1
"6022",142,100,3,1.5,1,0.7698,0,29,"Subject_33","2",150,1
"6023",143,20,8,10,1,0.707,0,29,"Subject_33","2",200,2
"6024",144,20,8,7,1,0.5016,0,29,"Subject_33","2",140,2
"6025",145,20,1,5,0,1.5287,0,29,"Subject_33","2",100,2
"6026",146,100,30,1.05,0,1.1226,0,29,"Subject_33","2",105,1
"6027",147,20,14,1.8,1,1.2244,0,29,"Subject_33","2",36,2
"6028",148,100,60,1.8,1,0.6168,0,29,"Subject_33","2",180,1
"6029",149,100,30,4,1,0.5099,0,29,"Subject_33","2",400,1
"6030",150,20,3,1.05,0,0.8665,1,29,"Subject_33","2",21,2
"6031",151,100,1,1.02,0,0.9503,0,29,"Subject_33","2",102,1
"6032",152,20,8,2,1,1.0745,0,29,"Subject_33","2",40,2
"6033",153,100,14,1.8,1,0.9386,1,29,"Subject_33","2",180,1
"6034",154,20,30,1.01,0,0.9946,0,29,"Subject_33","2",20.2,2
"6035",155,20,3,4,1,1.0333,0,29,"Subject_33","2",80,2
"6036",156,20,8,1.5,1,0.7973,0,29,"Subject_33","2",30,2
"6037",157,100,30,5,1,1.2887,1,29,"Subject_33","2",500,1
"6038",158,20,8,1.02,0,1.0735,1,29,"Subject_33","2",20.4,2
"6039",159,100,8,1.5,0,1.5114,0,29,"Subject_33","2",150,1
"6040",160,20,8,1.2,0,1.4141,1,29,"Subject_33","2",24,2
"6041",161,20,14,1.1,1,0.825,0,29,"Subject_33","2",22,2
"6042",162,20,30,10,1,0.8835,1,29,"Subject_33","2",200,2
"6043",163,20,30,5,1,0.5617,0,29,"Subject_33","2",100,2
"6044",164,100,5,5,0,0.8056,1,29,"Subject_33","2",500,1
"6045",165,100,14,1.01,0,1.0267,1,29,"Subject_33","2",101,1
"6046",166,100,14,10,1,0.7175,0,29,"Subject_33","2",1000,1
"6047",167,20,14,10,1,1.008,0,29,"Subject_33","2",200,2
"6048",168,100,60,1.5,1,1.2566,1,29,"Subject_33","2",150,1
"6049",169,100,3,7,1,1.0568,1,29,"Subject_33","2",700,1
"6050",170,100,60,10,1,0.5704,0,29,"Subject_33","2",1000,1
"6051",171,20,60,1.02,0,1.1747,0,29,"Subject_33","2",20.4,2
"6052",172,20,5,1.05,1,1.1081,0,29,"Subject_33","2",21,2
"6053",173,100,14,1.5,1,0.7051,0,29,"Subject_33","2",150,1
"6054",174,100,5,7,1,0.6209,0,29,"Subject_33","2",700,1
"6055",175,100,8,1.8,1,1.2067,1,29,"Subject_33","2",180,1
"6056",176,100,5,1.8,1,1.3343,1,29,"Subject_33","2",180,1
"6057",177,100,5,1.01,0,3.4713,0,29,"Subject_33","2",101,1
"6058",178,100,8,1.1,1,1.5596,0,29,"Subject_33","2",110,1
"6059",179,20,60,2,1,1.7819,0,29,"Subject_33","2",40,2
"6060",180,100,60,1.01,0,1.1976,0,29,"Subject_33","2",101,1
"6061",181,20,60,1.01,0,1.68,0,29,"Subject_33","2",20.2,2
"6062",182,100,14,2,1,4.8162,1,29,"Subject_33","2",200,1
"6063",183,20,14,2,0,1.2622,1,29,"Subject_33","2",40,2
"6064",184,100,30,1.1,1,0.7936,0,29,"Subject_33","2",110,1
"6065",185,20,3,1.5,1,0.6076,0,29,"Subject_33","2",30,2
"6066",186,100,3,10,1,0.7771,0,29,"Subject_33","2",1000,1
"6067",187,20,60,5,1,0.7502,1,29,"Subject_33","2",100,2
"6068",188,20,5,1.5,1,0.5461,1,29,"Subject_33","2",30,2
"6069",189,100,1,1.1,1,0.5385,0,29,"Subject_33","2",110,1
"6070",190,100,5,1.1,1,0.5975,1,29,"Subject_33","2",110,1
"6071",191,100,60,5,1,0.7049,1,29,"Subject_33","2",500,1
"6072",192,20,3,1.02,0,0.9175,0,29,"Subject_33","2",20.4,2
"6073",193,20,5,3,1,0.5882,0,29,"Subject_33","2",60,2
"6074",194,20,30,1.5,1,0.5486,1,29,"Subject_33","2",30,2
"6075",195,20,60,7,1,0.4407,0,29,"Subject_33","2",140,2
"6076",196,20,60,1.2,1,0.6623,0,29,"Subject_33","2",24,2
"6077",197,20,3,10,1,0.7966,1,29,"Subject_33","2",200,2
"6078",198,20,3,5,1,0.7006,0,29,"Subject_33","2",100,2
"6079",199,20,30,7,1,0.8766,0,29,"Subject_33","2",140,2
"6080",200,20,8,5,1,0.5898,0,29,"Subject_33","2",100,2
"6081",201,100,14,4,1,0.6484,0,29,"Subject_33","2",400,1
"6082",202,100,3,1.8,1,0.9614,1,29,"Subject_33","2",180,1
"6083",203,100,5,2,1,0.6747,0,29,"Subject_33","2",200,1
"6084",204,20,1,13,1,0.3087,1,29,"Subject_33","2",260,2
"6085",205,100,5,1.05,0,1.5204,1,29,"Subject_33","2",105,1
"6086",206,100,14,1.02,0,1.1262,0,29,"Subject_33","2",102,1
"6087",207,20,30,4,0,0.7007,1,29,"Subject_33","2",80,2
"6088",208,20,14,2.5,1,1.2488,0,29,"Subject_33","2",50,2
"6089",209,20,1,3,1,0.467,1,29,"Subject_33","2",60,2
"6090",210,20,3,13,0,0.3929,0,29,"Subject_33","2",260,2
"6091",1,20,1,1.05,1,1.974,0,30,"Subject_34","2",21,2
"6092",2,100,60,2,1,2.4752,0,30,"Subject_34","2",200,1
"6093",3,100,1,2,1,1.5706,0,30,"Subject_34","2",200,1
"6094",4,20,1,2,1,1.0963,1,30,"Subject_34","2",40,2
"6095",5,20,30,1.1,1,1.2471,1,30,"Subject_34","2",22,2
"6096",6,20,30,2.5,1,1.4699,1,30,"Subject_34","2",50,2
"6097",7,20,1,1.1,1,0.7555,0,30,"Subject_34","2",22,2
"6098",8,100,3,4,1,1.2134,1,30,"Subject_34","2",400,1
"6099",9,100,5,3,1,0.6739,0,30,"Subject_34","2",300,1
"6100",10,100,14,10,1,0.8836,1,30,"Subject_34","2",1000,1
"6101",11,20,14,2.5,1,1.1229,1,30,"Subject_34","2",50,2
"6102",12,100,3,2.5,1,1.3354,1,30,"Subject_34","2",250,1
"6103",13,20,3,7,1,1.2516,0,30,"Subject_34","2",140,2
"6104",14,100,3,13,1,1.6033,1,30,"Subject_34","2",1300,1
"6105",15,20,1,3,1,1.5757,1,30,"Subject_34","2",60,2
"6106",16,100,60,1.2,1,0.9907,1,30,"Subject_34","2",120,1
"6107",17,100,1,1.02,1,1.462,0,30,"Subject_34","2",102,1
"6108",18,20,1,4,1,1.7758,0,30,"Subject_34","2",80,2
"6109",19,20,14,4,1,1.7079,0,30,"Subject_34","2",80,2
"6110",20,20,5,1.2,1,1.3371,1,30,"Subject_34","2",24,2
"6111",21,100,14,2.5,1,1.7021,1,30,"Subject_34","2",250,1
"6112",22,20,3,10,1,1.0691,1,30,"Subject_34","2",200,2
"6113",23,20,1,5,1,0.5306,1,30,"Subject_34","2",100,2
"6114",24,20,30,1.5,1,0.5779,0,30,"Subject_34","2",30,2
"6115",25,20,8,5,1,1.0822,1,30,"Subject_34","2",100,2
"6116",26,20,60,13,1,1.0649,1,30,"Subject_34","2",260,2
"6117",27,20,5,5,1,0.8978,0,30,"Subject_34","2",100,2
"6118",28,100,3,1.2,1,1.1632,1,30,"Subject_34","2",120,1
"6119",29,100,5,1.8,1,0.7793,0,30,"Subject_34","2",180,1
"6120",30,100,5,2,1,1.6925,1,30,"Subject_34","2",200,1
"6121",31,20,60,1.2,1,2.0388,1,30,"Subject_34","2",24,2
"6122",32,100,8,1.8,1,0.7853,0,30,"Subject_34","2",180,1
"6123",33,100,3,1.01,1,1.2887,1,30,"Subject_34","2",101,1
"6124",34,100,5,13,1,0.9263,1,30,"Subject_34","2",1300,1
"6125",35,100,8,1.02,1,1.1165,0,30,"Subject_34","2",102,1
"6126",36,100,30,1.2,1,0.8098,1,30,"Subject_34","2",120,1
"6127",37,100,1,3,1,1.0993,1,30,"Subject_34","2",300,1
"6128",38,20,14,13,1,0.984,1,30,"Subject_34","2",260,2
"6129",39,100,30,2,1,0.8533,0,30,"Subject_34","2",200,1
"6130",40,20,5,3,1,0.944,0,30,"Subject_34","2",60,2
"6131",41,100,3,5,1,1.0716,1,30,"Subject_34","2",500,1
"6132",42,100,14,3,1,0.7202,1,30,"Subject_34","2",300,1
"6133",43,20,60,1.01,1,1.9552,0,30,"Subject_34","2",20.2,2
"6134",44,100,60,1.5,0,0.674,0,30,"Subject_34","2",150,1
"6135",45,20,1,7,1,1.1639,0,30,"Subject_34","2",140,2
"6136",46,100,60,10,1,1.1152,0,30,"Subject_34","2",1000,1
"6137",47,100,5,1.05,1,0.8981,1,30,"Subject_34","2",105,1
"6138",48,20,14,1.02,1,1.2767,0,30,"Subject_34","2",20.4,2
"6139",49,100,8,10,1,0.8809,1,30,"Subject_34","2",1000,1
"6140",50,20,8,4,1,1.0783,1,30,"Subject_34","2",80,2
"6141",51,100,14,4,1,1.077,0,30,"Subject_34","2",400,1
"6142",52,20,60,5,1,1.1467,0,30,"Subject_34","2",100,2
"6143",53,20,3,5,1,1.0167,0,30,"Subject_34","2",100,2
"6144",54,100,60,1.02,0,1.6894,0,30,"Subject_34","2",102,1
"6145",55,20,8,2,1,1.1792,1,30,"Subject_34","2",40,2
"6146",56,100,5,1.01,1,1.16,1,30,"Subject_34","2",101,1
"6147",57,20,3,4,1,0.6155,0,30,"Subject_34","2",80,2
"6148",58,100,8,3,1,1.0394,1,30,"Subject_34","2",300,1
"6149",59,20,3,1.05,1,1.2068,1,30,"Subject_34","2",21,2
"6150",60,20,30,10,1,2.4226,0,30,"Subject_34","2",200,2
"6151",61,20,8,10,1,0.7849,1,30,"Subject_34","2",200,2
"6152",62,100,30,1.8,1,1.1687,0,30,"Subject_34","2",180,1
"6153",63,20,3,2,1,1.0408,0,30,"Subject_34","2",40,2
"6154",64,100,3,7,1,0.975,0,30,"Subject_34","2",700,1
"6155",65,20,60,4,1,1.4016,0,30,"Subject_34","2",80,2
"6156",66,20,14,1.01,1,1.772,0,30,"Subject_34","2",20.2,2
"6157",67,20,30,7,1,1.6137,1,30,"Subject_34","2",140,2
"6158",68,100,3,2,1,1.2329,1,30,"Subject_34","2",200,1
"6159",69,100,8,7,1,0.7509,0,30,"Subject_34","2",700,1
"6160",70,100,5,1.5,1,0.6575,1,30,"Subject_34","2",150,1
"6161",71,20,60,10,1,0.8682,1,30,"Subject_34","2",200,2
"6162",72,20,3,1.2,0,0.59,1,30,"Subject_34","2",24,2
"6163",73,20,30,2,1,0.8217,0,30,"Subject_34","2",40,2
"6164",74,100,14,1.8,1,0.5219,1,30,"Subject_34","2",180,1
"6165",75,20,14,10,1,2.9492,0,30,"Subject_34","2",200,2
"6166",76,20,30,3,1,2.5643,0,30,"Subject_34","2",60,2
"6167",77,100,8,2.5,1,0.7585,1,30,"Subject_34","2",250,1
"6168",78,100,8,1.2,1,1.0403,0,30,"Subject_34","2",120,1
"6169",79,100,30,1.1,1,0.553,0,30,"Subject_34","2",110,1
"6170",80,100,1,13,1,0.4371,1,30,"Subject_34","2",1300,1
"6171",81,20,5,1.02,1,0.5628,1,30,"Subject_34","2",20.4,2
"6172",82,100,1,1.2,1,0.7267,1,30,"Subject_34","2",120,1
"6173",83,20,5,1.8,1,0.4879,1,30,"Subject_34","2",36,2
"6174",84,100,1,1.8,1,0.6157,1,30,"Subject_34","2",180,1
"6175",85,20,60,1.8,1,0.5025,1,30,"Subject_34","2",36,2
"6176",86,20,60,1.1,0,0.4468,1,30,"Subject_34","2",22,2
"6177",87,20,3,2.5,0,0.5426,1,30,"Subject_34","2",50,2
"6178",88,100,30,1.01,1,1.561,0,30,"Subject_34","2",101,1
"6179",89,20,3,1.8,1,0.668,1,30,"Subject_34","2",36,2
"6180",90,100,60,3,1,0.8119,1,30,"Subject_34","2",300,1
"6181",91,100,30,13,1,0.6817,0,30,"Subject_34","2",1300,1
"6182",92,20,5,2,1,0.7841,0,30,"Subject_34","2",40,2
"6183",93,100,3,3,1,0.6836,1,30,"Subject_34","2",300,1
"6184",94,20,1,10,1,0.7388,1,30,"Subject_34","2",200,2
"6185",95,20,3,1.01,1,1.4308,1,30,"Subject_34","2",20.2,2
"6186",96,100,1,5,1,1.0857,0,30,"Subject_34","2",500,1
"6187",97,20,30,4,1,2.0025,0,30,"Subject_34","2",80,2
"6188",98,100,5,5,1,1.2271,0,30,"Subject_34","2",500,1
"6189",99,20,3,13,1,0.8835,1,30,"Subject_34","2",260,2
"6190",100,20,1,1.2,1,0.9546,0,30,"Subject_34","2",24,2
"6191",101,100,1,1.01,1,0.7092,1,30,"Subject_34","2",101,1
"6192",102,20,5,1.01,1,1.7345,0,30,"Subject_34","2",20.2,2
"6193",103,20,14,7,1,1.537,0,30,"Subject_34","2",140,2
"6194",104,20,1,1.5,1,0.7932,1,30,"Subject_34","2",30,2
"6195",105,20,8,1.05,1,1.1737,1,30,"Subject_34","2",21,2
"6196",106,100,14,5,1,1.2212,0,30,"Subject_34","2",500,1
"6197",107,100,3,10,1,1.2096,1,30,"Subject_34","2",1000,1
"6198",108,100,8,2,1,0.8316,0,30,"Subject_34","2",200,1
"6199",109,20,8,2.5,0,0.7282,1,30,"Subject_34","2",50,2
"6200",110,100,60,7,1,0.5017,0,30,"Subject_34","2",700,1
"6201",111,100,3,1.5,1,0.6113,0,30,"Subject_34","2",150,1
"6202",112,20,1,1.8,1,0.7845,1,30,"Subject_34","2",36,2
"6203",113,100,5,1.2,1,1.1151,0,30,"Subject_34","2",120,1
"6204",114,20,8,1.1,1,0.7264,0,30,"Subject_34","2",22,2
"6205",115,100,3,1.1,1,1.2,1,30,"Subject_34","2",110,1
"6206",116,100,8,1.01,1,0.8234,1,30,"Subject_34","2",101,1
"6207",117,20,8,1.2,1,0.8859,0,30,"Subject_34","2",24,2
"6208",118,100,60,2.5,1,0.7274,1,30,"Subject_34","2",250,1
"6209",119,100,30,2.5,1,0.5575,0,30,"Subject_34","2",250,1
"6210",120,100,60,1.8,1,0.7738,1,30,"Subject_34","2",180,1
"6211",121,100,30,1.05,1,0.7652,1,30,"Subject_34","2",105,1
"6212",122,20,14,1.1,1,1.1557,0,30,"Subject_34","2",22,2
"6213",123,20,5,2.5,1,0.9271,1,30,"Subject_34","2",50,2
"6214",124,100,14,1.02,1,1.0824,1,30,"Subject_34","2",102,1
"6215",125,100,5,4,1,0.9972,1,30,"Subject_34","2",400,1
"6216",126,20,5,13,1,0.8599,0,30,"Subject_34","2",260,2
"6217",127,20,30,1.05,1,1.1426,1,30,"Subject_34","2",21,2
"6218",128,20,30,1.2,1,0.6659,0,30,"Subject_34","2",24,2
"6219",129,100,1,1.1,1,0.7885,1,30,"Subject_34","2",110,1
"6220",130,20,8,1.01,1,0.7467,0,30,"Subject_34","2",20.2,2
"6221",131,100,3,1.8,1,1.3958,0,30,"Subject_34","2",180,1
"6222",132,20,3,1.02,1,1.0682,1,30,"Subject_34","2",20.4,2
"6223",133,20,14,1.2,1,0.9216,0,30,"Subject_34","2",24,2
"6224",134,20,1,13,1,1.3135,1,30,"Subject_34","2",260,2
"6225",135,100,1,1.5,1,0.9099,0,30,"Subject_34","2",150,1
"6226",136,100,60,4,1,0.5237,1,30,"Subject_34","2",400,1
"6227",137,20,14,3,1,0.9507,0,30,"Subject_34","2",60,2
"6228",138,20,5,4,1,0.6755,0,30,"Subject_34","2",80,2
"6229",139,100,30,1.5,1,0.6126,0,30,"Subject_34","2",150,1
"6230",140,100,14,1.1,1,1.625,1,30,"Subject_34","2",110,1
"6231",141,20,30,1.8,1,0.9712,0,30,"Subject_34","2",36,2
"6232",142,100,5,1.1,1,0.5805,1,30,"Subject_34","2",110,1
"6233",143,20,8,1.8,1,0.8172,1,30,"Subject_34","2",36,2
"6234",144,100,14,1.2,1,0.6116,0,30,"Subject_34","2",120,1
"6235",145,20,5,1.1,1,0.8735,0,30,"Subject_34","2",22,2
"6236",146,100,8,1.5,1,0.5099,1,30,"Subject_34","2",150,1
"6237",147,20,8,3,1,0.6593,1,30,"Subject_34","2",60,2
"6238",148,100,30,1.02,0,0.5991,0,30,"Subject_34","2",102,1
"6239",149,100,60,13,1,0.7237,1,30,"Subject_34","2",1300,1
"6240",150,20,5,1.05,1,0.677,0,30,"Subject_34","2",21,2
"6241",151,100,14,1.5,1,0.8067,0,30,"Subject_34","2",150,1
"6242",152,100,30,5,1,0.5142,1,30,"Subject_34","2",500,1
"6243",153,100,1,2.5,1,1.1366,1,30,"Subject_34","2",250,1
"6244",154,100,60,1.01,1,1.0308,1,30,"Subject_34","2",101,1
"6245",155,100,1,7,1,0.6155,0,30,"Subject_34","2",700,1
"6246",156,20,30,13,1,0.5523,1,30,"Subject_34","2",260,2
"6247",157,20,5,1.5,1,0.9954,0,30,"Subject_34","2",30,2
"6248",158,100,8,1.05,1,0.8294,0,30,"Subject_34","2",105,1
"6249",159,100,3,1.05,1,0.5411,0,30,"Subject_34","2",105,1
"6250",160,100,60,1.1,1,0.6679,0,30,"Subject_34","2",110,1
"6251",161,20,8,1.5,1,0.9869,1,30,"Subject_34","2",30,2
"6252",162,20,14,1.05,1,0.8924,1,30,"Subject_34","2",21,2
"6253",163,100,5,1.02,1,0.8291,1,30,"Subject_34","2",102,1
"6254",164,20,14,2,1,0.8953,1,30,"Subject_34","2",40,2
"6255",165,100,30,10,1,0.8761,1,30,"Subject_34","2",1000,1
"6256",166,20,60,2.5,0,0.7285,1,30,"Subject_34","2",50,2
"6257",167,20,30,1.01,1,0.4971,0,30,"Subject_34","2",20.2,2
"6258",168,20,1,2.5,1,1.0503,0,30,"Subject_34","2",50,2
"6259",169,20,60,7,1,0.575,1,30,"Subject_34","2",140,2
"6260",170,20,1,1.02,1,0.9391,1,30,"Subject_34","2",20.4,2
"6261",171,100,1,1.05,1,0.817,1,30,"Subject_34","2",105,1
"6262",172,100,8,4,1,0.9756,0,30,"Subject_34","2",400,1
"6263",173,100,1,4,1,0.6921,1,30,"Subject_34","2",400,1
"6264",174,100,8,1.1,1,0.7567,0,30,"Subject_34","2",110,1
"6265",175,100,3,1.02,1,0.7662,1,30,"Subject_34","2",102,1
"6266",176,100,5,7,1,0.7759,1,30,"Subject_34","2",700,1
"6267",177,100,8,5,1,1.1624,1,30,"Subject_34","2",500,1
"6268",178,20,5,10,1,0.7184,1,30,"Subject_34","2",200,2
"6269",179,20,30,1.02,1,0.5798,1,30,"Subject_34","2",20.4,2
"6270",180,20,14,5,1,0.7596,0,30,"Subject_34","2",100,2
"6271",181,100,5,10,1,0.494,0,30,"Subject_34","2",1000,1
"6272",182,100,14,13,1,0.772,1,30,"Subject_34","2",1300,1
"6273",183,100,30,4,1,0.7792,1,30,"Subject_34","2",400,1
"6274",184,20,8,13,1,0.666,0,30,"Subject_34","2",260,2
"6275",185,20,1,1.01,1,0.4831,1,30,"Subject_34","2",20.2,2
"6276",186,100,14,7,1,0.5704,0,30,"Subject_34","2",700,1
"6277",187,20,3,1.5,1,0.837,1,30,"Subject_34","2",30,2
"6278",188,20,60,1.5,1,0.9215,0,30,"Subject_34","2",30,2
"6279",189,20,14,1.8,1,0.5801,1,30,"Subject_34","2",36,2
"6280",190,100,14,2,1,0.6699,0,30,"Subject_34","2",200,1
"6281",191,100,14,1.01,1,1.0303,1,30,"Subject_34","2",101,1
"6282",192,100,30,3,1,0.6131,1,30,"Subject_34","2",300,1
"6283",193,100,60,1.05,1,0.6223,1,30,"Subject_34","2",105,1
"6284",194,20,3,1.1,1,0.5782,1,30,"Subject_34","2",22,2
"6285",195,20,60,2,1,0.8619,0,30,"Subject_34","2",40,2
"6286",196,100,8,13,1,0.8045,0,30,"Subject_34","2",1300,1
"6287",197,20,8,1.02,1,0.6458,1,30,"Subject_34","2",20.4,2
"6288",198,100,5,2.5,1,0.821,0,30,"Subject_34","2",250,1
"6289",199,100,30,7,1,0.549,1,30,"Subject_34","2",700,1
"6290",200,20,3,3,1,0.7881,1,30,"Subject_34","2",60,2
"6291",201,20,60,1.02,1,0.9967,0,30,"Subject_34","2",20.4,2
"6292",202,100,1,10,1,0.6221,0,30,"Subject_34","2",1000,1
"6293",203,20,60,3,1,1.1498,0,30,"Subject_34","2",60,2
"6294",204,20,5,7,1,0.5594,0,30,"Subject_34","2",140,2
"6295",205,20,30,5,0,0.54,1,30,"Subject_34","2",100,2
"6296",206,20,14,1.5,1,0.7017,1,30,"Subject_34","2",30,2
"6297",207,20,60,1.05,1,0.7211,0,30,"Subject_34","2",21,2
"6298",208,20,8,7,1,0.7503,0,30,"Subject_34","2",140,2
"6299",209,100,60,5,1,0.9691,1,30,"Subject_34","2",500,1
"6300",210,100,14,1.05,1,1.0555,0,30,"Subject_34","2",105,1
"6301",1,20,5,1.02,0,3.959,1,31,"Subject_35","2",20.4,2
"6302",2,20,5,1.5,1,3.0581,0,31,"Subject_35","2",30,2
"6303",3,20,60,5,1,4.787,0,31,"Subject_35","2",100,2
"6304",4,20,8,1.1,0,3.0137,0,31,"Subject_35","2",22,2
"6305",5,20,60,3,1,3.667,1,31,"Subject_35","2",60,2
"6306",6,20,60,1.1,0,2.2586,0,31,"Subject_35","2",22,2
"6307",7,20,30,13,1,1.7477,1,31,"Subject_35","2",260,2
"6308",8,20,8,3,1,2.1454,0,31,"Subject_35","2",60,2
"6309",9,100,30,1.05,0,3.1803,0,31,"Subject_35","2",105,1
"6310",10,20,8,1.05,0,2.5028,1,31,"Subject_35","2",21,2
"6311",11,100,8,2,1,2.3809,0,31,"Subject_35","2",200,1
"6312",12,20,3,1.02,0,2.8156,1,31,"Subject_35","2",20.4,2
"6313",13,100,14,2,1,2.4993,0,31,"Subject_35","2",200,1
"6314",14,100,30,2.5,1,1.6508,0,31,"Subject_35","2",250,1
"6315",15,100,3,10,1,1.6364,1,31,"Subject_35","2",1000,1
"6316",16,20,1,1.05,1,3.0529,0,31,"Subject_35","2",21,2
"6317",17,100,1,1.8,1,1.9565,0,31,"Subject_35","2",180,1
"6318",18,100,1,1.5,1,2.3478,1,31,"Subject_35","2",150,1
"6319",19,20,14,2.5,1,1.7611,1,31,"Subject_35","2",50,2
"6320",20,20,14,4,1,1.4217,1,31,"Subject_35","2",80,2
"6321",21,100,5,10,1,1.4936,0,31,"Subject_35","2",1000,1
"6322",22,100,3,1.8,1,1.3872,0,31,"Subject_35","2",180,1
"6323",23,100,1,1.2,1,3.1602,0,31,"Subject_35","2",120,1
"6324",24,20,3,7,1,2.0349,0,31,"Subject_35","2",140,2
"6325",25,20,30,1.1,0,1.8881,0,31,"Subject_35","2",22,2
"6326",26,20,8,5,1,1.578,0,31,"Subject_35","2",100,2
"6327",27,100,30,4,1,4.4415,0,31,"Subject_35","2",400,1
"6328",28,100,5,1.5,1,1.4028,0,31,"Subject_35","2",150,1
"6329",29,100,5,1.05,1,2.218,0,31,"Subject_35","2",105,1
"6330",30,20,14,1.5,1,2.4492,0,31,"Subject_35","2",30,2
"6331",31,20,5,10,1,2.178,0,31,"Subject_35","2",200,2
"6332",32,100,5,2,1,1.4634,0,31,"Subject_35","2",200,1
"6333",33,100,8,1.2,1,1.6417,1,31,"Subject_35","2",120,1
"6334",34,100,3,1.2,1,1.3875,0,31,"Subject_35","2",120,1
"6335",35,100,3,1.01,0,1.7332,0,31,"Subject_35","2",101,1
"6336",36,20,60,1.05,0,2.1148,1,31,"Subject_35","2",21,2
"6337",37,20,1,1.2,1,1.8261,0,31,"Subject_35","2",24,2
"6338",38,100,1,3,1,1.4112,1,31,"Subject_35","2",300,1
"6339",39,100,8,7,0,1.4456,0,31,"Subject_35","2",700,1
"6340",40,20,3,3,1,3.3572,1,31,"Subject_35","2",60,2
"6341",41,20,8,1.5,1,1.7053,1,31,"Subject_35","2",30,2
"6342",42,100,60,1.02,0,2.8471,1,31,"Subject_35","2",102,1
"6343",43,20,14,1.2,0,2.2361,1,31,"Subject_35","2",24,2
"6344",44,20,3,2.5,1,1.3356,1,31,"Subject_35","2",50,2
"6345",45,100,30,3,1,1.9536,1,31,"Subject_35","2",300,1
"6346",46,20,30,7,1,1.2776,1,31,"Subject_35","2",140,2
"6347",47,100,60,3,1,1.5371,0,31,"Subject_35","2",300,1
"6348",48,100,60,1.1,0,2.4814,1,31,"Subject_35","2",110,1
"6349",49,100,8,4,1,2.4283,1,31,"Subject_35","2",400,1
"6350",50,20,3,1.2,1,1.6624,0,31,"Subject_35","2",24,2
"6351",51,100,60,1.01,0,1.4835,1,31,"Subject_35","2",101,1
"6352",52,100,60,1.8,1,1.7633,0,31,"Subject_35","2",180,1
"6353",53,20,30,1.01,0,2.4985,1,31,"Subject_35","2",20.2,2
"6354",54,20,3,1.05,0,2.424,1,31,"Subject_35","2",21,2
"6355",55,100,3,4,1,1.3609,0,31,"Subject_35","2",400,1
"6356",56,20,1,1.8,1,1.7484,0,31,"Subject_35","2",36,2
"6357",57,100,60,1.2,1,2.1076,1,31,"Subject_35","2",120,1
"6358",58,100,14,1.5,1,1.8201,0,31,"Subject_35","2",150,1
"6359",59,20,1,2,1,2.1992,0,31,"Subject_35","2",40,2
"6360",60,20,1,3,1,1.3885,0,31,"Subject_35","2",60,2
"6361",61,100,3,1.1,1,1.8401,1,31,"Subject_35","2",110,1
"6362",62,100,30,7,1,2.3112,0,31,"Subject_35","2",700,1
"6363",63,20,8,7,1,1.6668,0,31,"Subject_35","2",140,2
"6364",64,100,30,1.8,1,3.0344,0,31,"Subject_35","2",180,1
"6365",65,20,60,2,1,4.4989,0,31,"Subject_35","2",40,2
"6366",66,100,3,1.02,0,5.2353,1,31,"Subject_35","2",102,1
"6367",67,20,1,2.5,1,2.1211,1,31,"Subject_35","2",50,2
"6368",68,20,14,1.01,0,3.7197,0,31,"Subject_35","2",20.2,2
"6369",69,100,3,1.05,0,2.9057,0,31,"Subject_35","2",105,1
"6370",70,20,8,10,1,1.7695,0,31,"Subject_35","2",200,2
"6371",71,20,14,2,1,2.2179,1,31,"Subject_35","2",40,2
"6372",72,20,30,2,0,2.2597,0,31,"Subject_35","2",40,2
"6373",73,100,1,2,1,1.9332,0,31,"Subject_35","2",200,1
"6374",74,20,5,1.8,1,1.5133,1,31,"Subject_35","2",36,2
"6375",75,20,14,10,1,2.5235,1,31,"Subject_35","2",200,2
"6376",76,20,60,7,1,1.187,1,31,"Subject_35","2",140,2
"6377",77,20,60,2.5,1,1.9998,0,31,"Subject_35","2",50,2
"6378",78,100,5,1.01,0,1.4418,1,31,"Subject_35","2",101,1
"6379",79,100,14,3,1,1.3215,0,31,"Subject_35","2",300,1
"6380",80,100,30,5,1,1.0798,1,31,"Subject_35","2",500,1
"6381",81,100,1,10,1,1.741,0,31,"Subject_35","2",1000,1
"6382",82,20,14,1.1,0,1.5483,0,31,"Subject_35","2",22,2
"6383",83,100,60,7,1,1.7065,1,31,"Subject_35","2",700,1
"6384",84,20,1,1.5,1,2.0683,0,31,"Subject_35","2",30,2
"6385",85,100,1,1.02,1,2.1308,0,31,"Subject_35","2",102,1
"6386",86,100,5,2.5,1,1.2803,1,31,"Subject_35","2",250,1
"6387",87,20,5,7,1,1.5805,0,31,"Subject_35","2",140,2
"6388",88,20,14,1.02,0,1.6094,0,31,"Subject_35","2",20.4,2
"6389",89,20,5,1.01,0,1.9204,0,31,"Subject_35","2",20.2,2
"6390",90,20,60,13,1,1.5036,1,31,"Subject_35","2",260,2
"6391",91,100,1,1.05,1,2.8513,0,31,"Subject_35","2",105,1
"6392",92,20,3,13,1,5.4283,0,31,"Subject_35","2",260,2
"6393",93,20,14,7,1,2.3698,1,31,"Subject_35","2",140,2
"6394",94,20,60,1.5,0,2.1821,0,31,"Subject_35","2",30,2
"6395",95,20,3,10,1,1.8248,1,31,"Subject_35","2",200,2
"6396",96,100,8,1.05,1,4.9879,1,31,"Subject_35","2",105,1
"6397",97,100,3,5,1,1.3722,1,31,"Subject_35","2",500,1
"6398",98,20,1,1.01,0,1.2091,0,31,"Subject_35","2",20.2,2
"6399",99,20,3,1.1,0,2.2685,0,31,"Subject_35","2",22,2
"6400",100,100,5,1.8,1,1.9248,1,31,"Subject_35","2",180,1
"6401",101,20,30,1.02,0,2.5135,0,31,"Subject_35","2",20.4,2
"6402",102,100,8,1.8,1,2.0702,0,31,"Subject_35","2",180,1
"6403",103,20,5,1.05,0,2.3609,1,31,"Subject_35","2",21,2
"6404",104,100,14,7,1,1.4002,0,31,"Subject_35","2",700,1
"6405",105,100,30,10,1,1.4671,1,31,"Subject_35","2",1000,1
"6406",106,100,60,5,1,2.4304,0,31,"Subject_35","2",500,1
"6407",107,20,30,10,1,1.5212,0,31,"Subject_35","2",200,2
"6408",108,100,60,4,1,1.3617,0,31,"Subject_35","2",400,1
"6409",109,20,5,3,1,1.1662,0,31,"Subject_35","2",60,2
"6410",110,100,1,1.01,0,1.2715,1,31,"Subject_35","2",101,1
"6411",111,100,60,1.5,1,1.1958,1,31,"Subject_35","2",150,1
"6412",112,100,1,2.5,1,0.7682,0,31,"Subject_35","2",250,1
"6413",113,100,60,1.05,0,1.7407,0,31,"Subject_35","2",105,1
"6414",114,100,8,10,1,1.1719,1,31,"Subject_35","2",1000,1
"6415",115,20,30,1.2,0,1.5768,0,31,"Subject_35","2",24,2
"6416",116,100,14,10,1,0.6825,1,31,"Subject_35","2",1000,1
"6417",117,20,60,1.2,0,1.5972,1,31,"Subject_35","2",24,2
"6418",118,100,30,1.02,0,1.9007,0,31,"Subject_35","2",102,1
"6419",119,20,30,1.5,0,1.8993,1,31,"Subject_35","2",30,2
"6420",120,20,3,4,1,1.6003,1,31,"Subject_35","2",80,2
"6421",121,20,8,4,1,5.0429,1,31,"Subject_35","2",80,2
"6422",122,20,8,1.2,0,2.773,0,31,"Subject_35","2",24,2
"6423",123,100,5,5,1,3.8686,0,31,"Subject_35","2",500,1
"6424",124,100,30,1.1,0,1.5757,0,31,"Subject_35","2",110,1
"6425",125,100,8,5,1,1.0682,1,31,"Subject_35","2",500,1
"6426",126,20,8,2.5,1,0.7857,1,31,"Subject_35","2",50,2
"6427",127,100,14,4,1,0.7796,0,31,"Subject_35","2",400,1
"6428",128,20,8,2,1,1.6249,1,31,"Subject_35","2",40,2
"6429",129,20,3,5,1,1.0688,0,31,"Subject_35","2",100,2
"6430",130,100,3,2.5,1,0.8095,0,31,"Subject_35","2",250,1
"6431",131,100,8,2.5,1,0.6569,0,31,"Subject_35","2",250,1
"6432",132,20,1,1.1,1,1.898,1,31,"Subject_35","2",22,2
"6433",133,100,1,7,1,0.811,0,31,"Subject_35","2",700,1
"6434",134,100,5,4,1,0.8485,1,31,"Subject_35","2",400,1
"6435",135,100,1,5,1,0.8966,1,31,"Subject_35","2",500,1
"6436",136,20,14,13,1,0.6685,0,31,"Subject_35","2",260,2
"6437",137,20,5,2.5,1,0.6312,0,31,"Subject_35","2",50,2
"6438",138,100,3,13,1,0.8138,1,31,"Subject_35","2",1300,1
"6439",139,20,5,13,1,0.7811,0,31,"Subject_35","2",260,2
"6440",140,100,14,1.01,0,0.6431,0,31,"Subject_35","2",101,1
"6441",141,20,5,4,1,1.4436,0,31,"Subject_35","2",80,2
"6442",142,100,8,1.02,0,1.8222,0,31,"Subject_35","2",102,1
"6443",143,20,3,1.5,1,3.0958,1,31,"Subject_35","2",30,2
"6444",144,20,5,1.2,1,1.1624,1,31,"Subject_35","2",24,2
"6445",145,100,14,2.5,1,1.0125,0,31,"Subject_35","2",250,1
"6446",146,100,1,1.1,1,1.1492,1,31,"Subject_35","2",110,1
"6447",147,100,30,1.5,1,1.2629,1,31,"Subject_35","2",150,1
"6448",148,100,30,1.01,0,1.184,0,31,"Subject_35","2",101,1
"6449",149,20,1,1.02,0,2.7466,1,31,"Subject_35","2",20.4,2
"6450",150,100,60,10,1,1.4623,0,31,"Subject_35","2",1000,1
"6451",151,20,8,1.01,0,1.6953,1,31,"Subject_35","2",20.2,2
"6452",152,20,1,7,1,1.6923,1,31,"Subject_35","2",140,2
"6453",153,100,14,13,1,4.7412,0,31,"Subject_35","2",1300,1
"6454",154,100,8,1.01,0,1.1248,0,31,"Subject_35","2",101,1
"6455",155,20,1,5,1,0.8827,1,31,"Subject_35","2",100,2
"6456",156,20,30,1.8,1,1.4695,0,31,"Subject_35","2",36,2
"6457",157,100,14,1.02,0,1.4352,0,31,"Subject_35","2",102,1
"6458",158,100,14,1.05,1,0.9074,0,31,"Subject_35","2",105,1
"6459",159,20,8,13,1,1.1281,0,31,"Subject_35","2",260,2
"6460",160,100,30,1.2,1,0.9932,1,31,"Subject_35","2",120,1
"6461",161,100,30,13,1,0.8686,1,31,"Subject_35","2",1300,1
"6462",162,20,30,1.05,0,1.5243,1,31,"Subject_35","2",21,2
"6463",163,100,8,3,1,0.7666,0,31,"Subject_35","2",300,1
"6464",164,20,30,4,1,0.956,0,31,"Subject_35","2",80,2
"6465",165,20,1,10,1,0.6475,1,31,"Subject_35","2",200,2
"6466",166,20,60,1.01,0,1.2961,0,31,"Subject_35","2",20.2,2
"6467",167,100,14,1.1,1,1.1311,0,31,"Subject_35","2",110,1
"6468",168,100,5,3,1,0.8619,1,31,"Subject_35","2",300,1
"6469",169,100,8,13,1,0.7219,1,31,"Subject_35","2",1300,1
"6470",170,100,5,7,1,0.6885,1,31,"Subject_35","2",700,1
"6471",171,20,30,5,1,0.5544,0,31,"Subject_35","2",100,2
"6472",172,100,3,2,1,0.7729,1,31,"Subject_35","2",200,1
"6473",173,20,8,1.02,0,1.6688,1,31,"Subject_35","2",20.4,2
"6474",174,20,14,5,1,2.0005,0,31,"Subject_35","2",100,2
"6475",175,20,5,1.1,1,0.6152,1,31,"Subject_35","2",22,2
"6476",176,20,5,2,1,0.6619,0,31,"Subject_35","2",40,2
"6477",177,20,3,2,1,0.5091,0,31,"Subject_35","2",40,2
"6478",178,100,5,13,1,0.6356,0,31,"Subject_35","2",1300,1
"6479",179,20,14,3,1,0.8071,0,31,"Subject_35","2",60,2
"6480",180,20,1,13,1,1.0349,1,31,"Subject_35","2",260,2
"6481",181,100,8,1.5,1,4.9319,0,31,"Subject_35","2",150,1
"6482",182,20,3,1.01,0,0.7373,0,31,"Subject_35","2",20.2,2
"6483",183,100,3,3,1,0.628,1,31,"Subject_35","2",300,1
"6484",184,100,14,5,1,0.9072,1,31,"Subject_35","2",500,1
"6485",185,100,60,2.5,1,0.5842,1,31,"Subject_35","2",250,1
"6486",186,20,60,10,1,0.6726,1,31,"Subject_35","2",200,2
"6487",187,20,60,1.8,1,0.7064,1,31,"Subject_35","2",36,2
"6488",188,100,14,1.8,1,0.6651,1,31,"Subject_35","2",180,1
"6489",189,100,14,1.2,1,0.6723,0,31,"Subject_35","2",120,1
"6490",190,20,14,1.05,1,0.6563,0,31,"Subject_35","2",21,2
"6491",191,20,30,3,1,0.8501,1,31,"Subject_35","2",60,2
"6492",192,20,8,1.8,1,0.6895,1,31,"Subject_35","2",36,2
"6493",193,100,5,1.02,1,1.0168,0,31,"Subject_35","2",102,1
"6494",194,20,5,5,1,0.6501,1,31,"Subject_35","2",100,2
"6495",195,100,3,7,1,0.7268,0,31,"Subject_35","2",700,1
"6496",196,20,14,1.8,1,0.7694,0,31,"Subject_35","2",36,2
"6497",197,20,30,2.5,1,0.7286,0,31,"Subject_35","2",50,2
"6498",198,100,3,1.5,1,0.9033,1,31,"Subject_35","2",150,1
"6499",199,20,1,4,1,1.0654,1,31,"Subject_35","2",80,2
"6500",200,100,60,13,1,2.6094,1,31,"Subject_35","2",1300,1
"6501",201,100,8,1.1,1,0.6058,1,31,"Subject_35","2",110,1
"6502",202,100,5,1.2,1,1.3537,1,31,"Subject_35","2",120,1
"6503",203,100,5,1.1,1,4.0651,0,31,"Subject_35","2",110,1
"6504",204,20,60,1.02,0,1.4746,0,31,"Subject_35","2",20.4,2
"6505",205,100,1,4,1,1.1823,1,31,"Subject_35","2",400,1
"6506",206,100,60,2,1,0.9864,1,31,"Subject_35","2",200,1
"6507",207,100,1,13,1,0.7741,0,31,"Subject_35","2",1300,1
"6508",208,20,60,4,1,0.7874,1,31,"Subject_35","2",80,2
"6509",209,20,3,1.8,1,0.7206,1,31,"Subject_35","2",36,2
"6510",210,100,30,2,1,0.6151,0,31,"Subject_35","2",200,1
"6511",1,100,14,1.2,1,3.8598,1,32,"Subject_36","2",120,1
"6512",2,100,30,10,1,3.4755,0,32,"Subject_36","2",1000,1
"6513",3,100,3,2,1,2.2449,1,32,"Subject_36","2",200,1
"6514",4,100,8,10,1,2.7363,0,32,"Subject_36","2",1000,1
"6515",5,100,14,2.5,1,2.404,1,32,"Subject_36","2",250,1
"6516",6,100,1,10,0,2.9806,1,32,"Subject_36","2",1000,1
"6517",7,100,5,1.1,0,3.5532,0,32,"Subject_36","2",110,1
"6518",8,100,8,1.5,1,1.9997,1,32,"Subject_36","2",150,1
"6519",9,100,60,1.5,1,3.6104,0,32,"Subject_36","2",150,1
"6520",10,20,14,1.1,0,2.2718,0,32,"Subject_36","2",22,2
"6521",11,20,1,3,1,2.3896,1,32,"Subject_36","2",60,2
"6522",12,20,3,2,1,1.7029,0,32,"Subject_36","2",40,2
"6523",13,100,3,2.5,1,1.3381,1,32,"Subject_36","2",250,1
"6524",14,100,8,1.02,0,2.0065,1,32,"Subject_36","2",102,1
"6525",15,20,8,1.5,1,1.8325,1,32,"Subject_36","2",30,2
"6526",16,100,3,1.8,1,1.6649,1,32,"Subject_36","2",180,1
"6527",17,100,60,3,1,2.1365,0,32,"Subject_36","2",300,1
"6528",18,20,60,7,1,1.8831,0,32,"Subject_36","2",140,2
"6529",19,20,30,2.5,1,2.3829,0,32,"Subject_36","2",50,2
"6530",20,20,30,1.5,1,2.2584,1,32,"Subject_36","2",30,2
"6531",21,100,3,1.2,1,2.1852,0,32,"Subject_36","2",120,1
"6532",22,100,3,4,1,1.4271,1,32,"Subject_36","2",400,1
"6533",23,20,5,1.02,0,4.1414,1,32,"Subject_36","2",20.4,2
"6534",24,20,1,10,1,2.6315,0,32,"Subject_36","2",200,2
"6535",25,20,60,1.8,0,2.6716,0,32,"Subject_36","2",36,2
"6536",26,20,3,1.8,1,2.5197,0,32,"Subject_36","2",36,2
"6537",27,20,8,1.05,0,2.0693,1,32,"Subject_36","2",21,2
"6538",28,100,1,1.01,1,2.6447,1,32,"Subject_36","2",101,1
"6539",29,100,5,1.5,1,2.8138,1,32,"Subject_36","2",150,1
"6540",30,100,30,1.2,1,3.1851,1,32,"Subject_36","2",120,1
"6541",31,20,60,1.02,0,3.6976,1,32,"Subject_36","2",20.4,2
"6542",32,100,30,1.8,1,1.9911,1,32,"Subject_36","2",180,1
"6543",33,100,5,5,1,2.0196,1,32,"Subject_36","2",500,1
"6544",34,100,5,4,1,1.4454,1,32,"Subject_36","2",400,1
"6545",35,100,3,1.1,1,1.8363,1,32,"Subject_36","2",110,1
"6546",36,100,30,1.02,0,2.6768,0,32,"Subject_36","2",102,1
"6547",37,20,14,13,1,1.5338,1,32,"Subject_36","2",260,2
"6548",38,20,60,1.01,0,2.2246,1,32,"Subject_36","2",20.2,2
"6549",39,100,3,1.05,1,1.5992,1,32,"Subject_36","2",105,1
"6550",40,20,1,1.8,1,0.8503,1,32,"Subject_36","2",36,2
"6551",41,100,60,5,1,1.0538,1,32,"Subject_36","2",500,1
"6552",42,100,1,4,1,1.7803,0,32,"Subject_36","2",400,1
"6553",43,20,60,4,1,1.2022,1,32,"Subject_36","2",80,2
"6554",44,20,14,7,1,6.6728,1,32,"Subject_36","2",140,2
"6555",45,20,5,1.1,1,2.2918,1,32,"Subject_36","2",22,2
"6556",46,20,30,3,1,1.2839,0,32,"Subject_36","2",60,2
"6557",47,100,5,2.5,1,2.1793,0,32,"Subject_36","2",250,1
"6558",48,20,14,3,1,1.0442,1,32,"Subject_36","2",60,2
"6559",49,100,14,1.8,1,1.0108,1,32,"Subject_36","2",180,1
"6560",50,100,14,4,1,1.4964,1,32,"Subject_36","2",400,1
"6561",51,20,14,1.5,1,1.7818,0,32,"Subject_36","2",30,2
"6562",52,20,8,4,1,1.2676,0,32,"Subject_36","2",80,2
"6563",53,20,60,3,1,1.2838,0,32,"Subject_36","2",60,2
"6564",54,20,8,1.2,1,2.874,1,32,"Subject_36","2",24,2
"6565",55,100,3,1.5,1,2.2156,1,32,"Subject_36","2",150,1
"6566",56,20,14,4,1,3.1674,0,32,"Subject_36","2",80,2
"6567",57,20,14,1.02,0,2.1009,0,32,"Subject_36","2",20.4,2
"6568",58,100,8,3,1,1.0428,1,32,"Subject_36","2",300,1
"6569",59,100,30,2.5,1,1.1531,0,32,"Subject_36","2",250,1
"6570",60,100,14,5,1,1.4026,0,32,"Subject_36","2",500,1
"6571",61,100,14,13,1,1.3951,1,32,"Subject_36","2",1300,1
"6572",62,100,14,10,1,1.4026,0,32,"Subject_36","2",1000,1
"6573",63,100,60,1.01,0,1.4021,1,32,"Subject_36","2",101,1
"6574",64,100,3,10,0,2.3709,1,32,"Subject_36","2",1000,1
"6575",65,100,3,13,1,1.485,1,32,"Subject_36","2",1300,1
"6576",66,20,3,1.05,0,3.0398,1,32,"Subject_36","2",21,2
"6577",67,20,60,2,1,2.2191,1,32,"Subject_36","2",40,2
"6578",68,100,5,10,1,1.6926,1,32,"Subject_36","2",1000,1
"6579",69,100,30,1.1,0,2.707,1,32,"Subject_36","2",110,1
"6580",70,100,3,1.02,0,1.895,1,32,"Subject_36","2",102,1
"6581",71,20,3,1.01,0,1.6177,1,32,"Subject_36","2",20.2,2
"6582",72,100,8,4,1,1.7175,1,32,"Subject_36","2",400,1
"6583",73,100,60,4,1,1.9191,0,32,"Subject_36","2",400,1
"6584",74,100,8,7,1,1.5963,1,32,"Subject_36","2",700,1
"6585",75,100,1,13,1,1.034,0,32,"Subject_36","2",1300,1
"6586",76,100,8,1.8,1,1.9546,1,32,"Subject_36","2",180,1
"6587",77,100,60,13,1,0.9678,0,32,"Subject_36","2",1300,1
"6588",78,100,60,2,1,0.8339,1,32,"Subject_36","2",200,1
"6589",79,20,30,13,1,0.609,1,32,"Subject_36","2",260,2
"6590",80,100,30,13,1,0.6743,0,32,"Subject_36","2",1300,1
"6591",81,20,8,7,1,0.9249,1,32,"Subject_36","2",140,2
"6592",82,20,5,2,1,0.8861,0,32,"Subject_36","2",40,2
"6593",83,20,30,1.1,1,1.4021,0,32,"Subject_36","2",22,2
"6594",84,20,14,2.5,1,1.175,1,32,"Subject_36","2",50,2
"6595",85,100,8,1.05,0,2.0247,1,32,"Subject_36","2",105,1
"6596",86,100,3,3,1,0.9765,0,32,"Subject_36","2",300,1
"6597",87,100,14,1.5,1,1.0552,1,32,"Subject_36","2",150,1
"6598",88,20,1,1.1,1,1.8655,1,32,"Subject_36","2",22,2
"6599",89,100,5,13,1,0.7531,1,32,"Subject_36","2",1300,1
"6600",90,20,3,1.5,1,2.1758,0,32,"Subject_36","2",30,2
"6601",91,20,14,10,1,0.7491,1,32,"Subject_36","2",200,2
"6602",92,100,8,2.5,1,0.8963,1,32,"Subject_36","2",250,1
"6603",93,20,14,1.01,1,1.6071,0,32,"Subject_36","2",20.2,2
"6604",94,20,30,1.2,1,1.2728,0,32,"Subject_36","2",24,2
"6605",95,20,8,3,1,0.9215,0,32,"Subject_36","2",60,2
"6606",96,20,5,13,1,0.9944,1,32,"Subject_36","2",260,2
"6607",97,20,8,1.8,1,1.2749,0,32,"Subject_36","2",36,2
"6608",98,100,1,7,1,0.9944,1,32,"Subject_36","2",700,1
"6609",99,100,60,2.5,1,0.7618,1,32,"Subject_36","2",250,1
"6610",100,100,1,1.2,1,1.3224,0,32,"Subject_36","2",120,1
"6611",101,20,3,1.2,1,1.2299,0,32,"Subject_36","2",24,2
"6612",102,100,8,13,1,1.3738,1,32,"Subject_36","2",1300,1
"6613",103,100,5,7,1,1.0077,1,32,"Subject_36","2",700,1
"6614",104,100,30,7,1,1.353,0,32,"Subject_36","2",700,1
"6615",105,20,1,2,1,1.3118,0,32,"Subject_36","2",40,2
"6616",106,100,60,1.02,0,2.7979,1,32,"Subject_36","2",102,1
"6617",107,20,5,1.2,1,1.0868,0,32,"Subject_36","2",24,2
"6618",108,20,30,5,1,1.359,0,32,"Subject_36","2",100,2
"6619",109,20,60,1.2,1,1.1217,0,32,"Subject_36","2",24,2
"6620",110,20,60,2.5,1,1.2094,1,32,"Subject_36","2",50,2
"6621",111,20,3,2.5,1,1.2094,0,32,"Subject_36","2",50,2
"6622",112,20,30,1.01,1,1.7723,1,32,"Subject_36","2",20.2,2
"6623",113,100,30,2,1,1.6222,1,32,"Subject_36","2",200,1
"6624",114,100,14,1.05,1,0.7916,1,32,"Subject_36","2",105,1
"6625",115,20,14,1.8,1,0.8002,1,32,"Subject_36","2",36,2
"6626",116,20,5,7,1,0.6584,1,32,"Subject_36","2",140,2
"6627",117,20,5,2.5,1,0.7977,0,32,"Subject_36","2",50,2
"6628",118,20,30,1.8,1,0.8869,1,32,"Subject_36","2",36,2
"6629",119,100,1,1.02,0,0.7042,1,32,"Subject_36","2",102,1
"6630",120,100,5,1.8,1,1.2582,0,32,"Subject_36","2",180,1
"6631",121,20,5,4,1,1.4149,0,32,"Subject_36","2",80,2
"6632",122,20,60,10,1,1.2846,1,32,"Subject_36","2",200,2
"6633",123,100,60,7,1,1.0686,1,32,"Subject_36","2",700,1
"6634",124,20,1,5,1,1.7257,1,32,"Subject_36","2",100,2
"6635",125,100,30,5,1,1.0414,1,32,"Subject_36","2",500,1
"6636",126,100,3,5,1,1.0162,1,32,"Subject_36","2",500,1
"6637",127,20,14,5,1,0.8409,1,32,"Subject_36","2",100,2
"6638",128,100,30,3,1,1.2564,0,32,"Subject_36","2",300,1
"6639",129,20,60,1.05,0,2.0626,1,32,"Subject_36","2",21,2
"6640",130,100,8,5,1,1.0406,0,32,"Subject_36","2",500,1
"6641",131,20,30,4,1,1.4607,0,32,"Subject_36","2",80,2
"6642",132,20,8,2.5,1,0.5482,0,32,"Subject_36","2",50,2
"6643",133,20,1,1.2,1,0.8901,1,32,"Subject_36","2",24,2
"6644",134,20,3,5,0,0.4847,0,32,"Subject_36","2",100,2
"6645",135,100,3,1.01,0,0.543,1,32,"Subject_36","2",101,1
"6646",136,100,30,1.01,0,0.6176,1,32,"Subject_36","2",101,1
"6647",137,20,8,1.01,0,1.2829,0,32,"Subject_36","2",20.2,2
"6648",138,100,60,1.2,1,0.9159,0,32,"Subject_36","2",120,1
"6649",139,100,30,1.5,1,0.8971,1,32,"Subject_36","2",150,1
"6650",140,20,30,10,1,0.7996,1,32,"Subject_36","2",200,2
"6651",141,20,60,1.5,1,1.5855,1,32,"Subject_36","2",30,2
"6652",142,100,30,4,1,0.6187,1,32,"Subject_36","2",400,1
"6653",143,100,1,2,1,0.4744,1,32,"Subject_36","2",200,1
"6654",144,20,5,1.8,0,1.3997,1,32,"Subject_36","2",36,2
"6655",145,20,14,1.05,0,0.8406,0,32,"Subject_36","2",21,2
"6656",146,20,3,1.02,1,0.5347,1,32,"Subject_36","2",20.4,2
"6657",147,20,30,2,1,0.6255,0,32,"Subject_36","2",40,2
"6658",148,100,1,1.8,1,0.6805,1,32,"Subject_36","2",180,1
"6659",149,20,3,10,1,0.7757,0,32,"Subject_36","2",200,2
"6660",150,100,14,3,1,0.5386,1,32,"Subject_36","2",300,1
"6661",151,100,1,1.5,1,0.757,1,32,"Subject_36","2",150,1
"6662",152,100,8,1.01,0,2.585,1,32,"Subject_36","2",101,1
"6663",153,100,5,2,1,1.9099,0,32,"Subject_36","2",200,1
"6664",154,20,3,1.1,1,1.1851,0,32,"Subject_36","2",22,2
"6665",155,20,5,1.01,1,0.7851,1,32,"Subject_36","2",20.2,2
"6666",156,20,1,1.5,1,0.7645,0,32,"Subject_36","2",30,2
"6667",157,100,5,1.01,1,0.8812,1,32,"Subject_36","2",101,1
"6668",158,100,14,2,1,0.654,0,32,"Subject_36","2",200,1
"6669",159,20,1,13,1,0.5724,0,32,"Subject_36","2",260,2
"6670",160,100,1,1.1,1,0.8923,1,32,"Subject_36","2",110,1
"6671",161,100,30,1.05,1,1.1476,1,32,"Subject_36","2",105,1
"6672",162,100,5,1.05,1,1.5243,1,32,"Subject_36","2",105,1
"6673",163,100,60,1.05,1,0.9107,1,32,"Subject_36","2",105,1
"6674",164,20,1,7,1,0.849,1,32,"Subject_36","2",140,2
"6675",165,100,60,1.8,1,0.4789,1,32,"Subject_36","2",180,1
"6676",166,100,1,5,0,0.4012,1,32,"Subject_36","2",500,1
"6677",167,20,8,10,1,0.6591,0,32,"Subject_36","2",200,2
"6678",168,100,1,3,1,0.5591,0,32,"Subject_36","2",300,1
"6679",169,20,8,2,1,1.2429,0,32,"Subject_36","2",40,2
"6680",170,100,8,2,1,0.8783,0,32,"Subject_36","2",200,1
"6681",171,20,5,1.5,1,0.9023,0,32,"Subject_36","2",30,2
"6682",172,20,1,1.02,0,1.3877,1,32,"Subject_36","2",20.4,2
"6683",173,20,14,2,1,2.3857,1,32,"Subject_36","2",40,2
"6684",174,100,8,1.1,1,1.4879,0,32,"Subject_36","2",110,1
"6685",175,100,1,2.5,1,0.8976,1,32,"Subject_36","2",250,1
"6686",176,100,8,1.2,1,0.7684,0,32,"Subject_36","2",120,1
"6687",177,20,30,7,1,0.7854,0,32,"Subject_36","2",140,2
"6688",178,20,60,5,1,0.6721,1,32,"Subject_36","2",100,2
"6689",179,20,1,2.5,0,0.3966,1,32,"Subject_36","2",50,2
"6690",180,20,5,5,1,1.2971,1,32,"Subject_36","2",100,2
"6691",181,100,3,7,1,0.8593,1,32,"Subject_36","2",700,1
"6692",182,20,60,1.1,1,1.0413,0,32,"Subject_36","2",22,2
"6693",183,20,3,4,1,1.0093,0,32,"Subject_36","2",80,2
"6694",184,100,60,1.1,1,1.3422,1,32,"Subject_36","2",110,1
"6695",185,100,60,10,1,1.041,0,32,"Subject_36","2",1000,1
"6696",186,100,14,1.1,1,0.9411,0,32,"Subject_36","2",110,1
"6697",187,20,3,7,1,1.1238,1,32,"Subject_36","2",140,2
"6698",188,100,14,1.01,0,0.786,1,32,"Subject_36","2",101,1
"6699",189,20,5,10,1,0.8031,0,32,"Subject_36","2",200,2
"6700",190,20,60,13,1,0.7971,1,32,"Subject_36","2",260,2
"6701",191,20,14,1.2,1,1.5851,0,32,"Subject_36","2",24,2
"6702",192,20,30,1.05,1,0.6405,0,32,"Subject_36","2",21,2
"6703",193,100,14,7,1,0.7138,1,32,"Subject_36","2",700,1
"6704",194,20,3,13,1,0.8958,0,32,"Subject_36","2",260,2
"6705",195,20,30,1.02,1,1.1217,0,32,"Subject_36","2",20.4,2
"6706",196,100,1,1.05,0,1.2398,0,32,"Subject_36","2",105,1
"6707",197,20,1,1.05,1,1.0634,0,32,"Subject_36","2",21,2
"6708",198,100,5,3,1,0.6849,0,32,"Subject_36","2",300,1
"6709",199,20,5,3,1,1.5854,0,32,"Subject_36","2",60,2
"6710",200,20,8,13,1,0.6603,0,32,"Subject_36","2",260,2
"6711",201,20,8,1.1,1,2.0798,1,32,"Subject_36","2",22,2
"6712",202,20,3,3,1,1.4102,1,32,"Subject_36","2",60,2
"6713",203,100,14,1.02,1,1.1592,1,32,"Subject_36","2",102,1
"6714",204,20,1,4,1,0.9947,1,32,"Subject_36","2",80,2
"6715",205,20,5,1.05,1,1.34,0,32,"Subject_36","2",21,2
"6716",206,20,8,1.02,0,0.7888,1,32,"Subject_36","2",20.4,2
"6717",207,20,8,5,1,0.6747,0,32,"Subject_36","2",100,2
"6718",208,100,5,1.2,1,0.9879,1,32,"Subject_36","2",120,1
"6719",209,20,1,1.01,1,2.0267,0,32,"Subject_36","2",20.2,2
"6720",210,100,5,1.02,1,0.8181,0,32,"Subject_36","2",102,1
"6721",1,20,60,13,1,2.612,0,33,"Subject_37","1",260,2
"6722",2,20,5,3,1,2.0802,1,33,"Subject_37","1",60,2
"6723",3,20,60,3,1,4.4326,0,33,"Subject_37","1",60,2
"6724",4,20,1,1.2,0,5.1344,1,33,"Subject_37","1",24,2
"6725",5,20,5,5,1,2.3579,0,33,"Subject_37","1",100,2
"6726",6,20,60,5,1,2.2586,0,33,"Subject_37","1",100,2
"6727",7,20,1,5,1,3.0979,0,33,"Subject_37","1",100,2
"6728",8,20,8,1.02,0,3.8972,0,33,"Subject_37","1",20.4,2
"6729",9,100,60,1.01,0,2.3214,0,33,"Subject_37","1",101,1
"6730",10,100,5,10,1,1.8214,1,33,"Subject_37","1",1000,1
"6731",11,20,5,1.8,1,3.6353,0,33,"Subject_37","1",36,2
"6732",12,100,60,13,1,2.0421,0,33,"Subject_37","1",1300,1
"6733",13,20,5,2.5,1,3.6244,0,33,"Subject_37","1",50,2
"6734",14,20,3,1.05,0,2.0432,0,33,"Subject_37","1",21,2
"6735",15,20,14,10,1,1.9764,0,33,"Subject_37","1",200,2
"6736",16,100,1,1.8,1,2.1776,0,33,"Subject_37","1",180,1
"6737",17,100,8,2,1,3.065,1,33,"Subject_37","1",200,1
"6738",18,20,1,1.01,0,4.6775,0,33,"Subject_37","1",20.2,2
"6739",19,20,60,1.1,0,3.5988,1,33,"Subject_37","1",22,2
"6740",20,100,5,1.02,0,4.1388,1,33,"Subject_37","1",102,1
"6741",21,100,14,5,1,1.8961,1,33,"Subject_37","1",500,1
"6742",22,100,8,5,1,2.2046,1,33,"Subject_37","1",500,1
"6743",23,20,8,1.5,1,3.3355,0,33,"Subject_37","1",30,2
"6744",24,100,14,7,1,1.9241,1,33,"Subject_37","1",700,1
"6745",25,100,30,1.1,1,4.5926,0,33,"Subject_37","1",110,1
"6746",26,20,8,13,1,3.0997,1,33,"Subject_37","1",260,2
"6747",27,20,14,5,1,1.8273,0,33,"Subject_37","1",100,2
"6748",28,20,3,3,1,1.7005,1,33,"Subject_37","1",60,2
"6749",29,100,5,13,1,1.9029,0,33,"Subject_37","1",1300,1
"6750",30,100,60,1.2,1,1.5687,1,33,"Subject_37","1",120,1
"6751",31,20,14,1.01,0,2.3879,0,33,"Subject_37","1",20.2,2
"6752",32,20,14,1.1,0,4.9733,0,33,"Subject_37","1",22,2
"6753",33,100,14,1.5,1,2.222,1,33,"Subject_37","1",150,1
"6754",34,100,60,7,1,1.2406,0,33,"Subject_37","1",700,1
"6755",35,100,1,13,1,0.8408,0,33,"Subject_37","1",1300,1
"6756",36,20,8,7,1,1.2509,0,33,"Subject_37","1",140,2
"6757",37,100,30,7,1,1.5091,0,33,"Subject_37","1",700,1
"6758",38,100,5,1.1,1,1.8947,0,33,"Subject_37","1",110,1
"6759",39,100,60,1.5,1,2.4279,1,33,"Subject_37","1",150,1
"6760",40,100,14,3,1,1.5924,0,33,"Subject_37","1",300,1
"6761",41,100,8,1.01,0,1.6669,1,33,"Subject_37","1",101,1
"6762",42,100,8,2.5,1,1.2235,0,33,"Subject_37","1",250,1
"6763",43,100,14,2,1,1.4434,0,33,"Subject_37","1",200,1
"6764",44,100,60,5,1,1.1877,1,33,"Subject_37","1",500,1
"6765",45,20,14,4,1,1.4732,0,33,"Subject_37","1",80,2
"6766",46,100,14,1.05,0,2.3132,1,33,"Subject_37","1",105,1
"6767",47,100,3,7,1,1.1563,0,33,"Subject_37","1",700,1
"6768",48,20,3,13,1,1.1229,0,33,"Subject_37","1",260,2
"6769",49,100,60,1.8,1,1.2984,1,33,"Subject_37","1",180,1
"6770",50,20,3,2.5,1,1.2246,0,33,"Subject_37","1",50,2
"6771",51,20,60,1.5,1,1.8755,0,33,"Subject_37","1",30,2
"6772",52,100,14,1.02,0,2.3934,0,33,"Subject_37","1",102,1
"6773",53,100,1,5,1,0.913,0,33,"Subject_37","1",500,1
"6774",54,100,5,1.2,1,2.4456,1,33,"Subject_37","1",120,1
"6775",55,20,5,1.01,0,1.6628,0,33,"Subject_37","1",20.2,2
"6776",56,20,3,10,1,1.1605,1,33,"Subject_37","1",200,2
"6777",57,20,60,10,1,1.2002,0,33,"Subject_37","1",200,2
"6778",58,20,60,2.5,1,2.757,0,33,"Subject_37","1",50,2
"6779",59,100,5,2.5,1,1.8001,0,33,"Subject_37","1",250,1
"6780",60,20,30,2,1,2.3364,0,33,"Subject_37","1",40,2
"6781",61,20,8,1.8,1,3.4925,0,33,"Subject_37","1",36,2
"6782",62,100,60,2,0,0.6859,0,33,"Subject_37","1",200,1
"6783",63,100,8,10,1,1.8903,0,33,"Subject_37","1",1000,1
"6784",64,20,1,7,1,1.1755,1,33,"Subject_37","1",140,2
"6785",65,100,1,1.5,1,1.4256,1,33,"Subject_37","1",150,1
"6786",66,100,3,1.5,1,1.9354,1,33,"Subject_37","1",150,1
"6787",67,100,1,1.2,1,1.7466,1,33,"Subject_37","1",120,1
"6788",68,100,1,1.1,1,2.2502,1,33,"Subject_37","1",110,1
"6789",69,100,3,2.5,1,1.395,1,33,"Subject_37","1",250,1
"6790",70,20,8,3,1,1.6638,0,33,"Subject_37","1",60,2
"6791",71,100,8,1.2,1,1.9676,1,33,"Subject_37","1",120,1
"6792",72,20,30,10,1,1.3103,0,33,"Subject_37","1",200,2
"6793",73,20,5,13,1,1.3398,0,33,"Subject_37","1",260,2
"6794",74,100,5,7,1,1.064,0,33,"Subject_37","1",700,1
"6795",75,20,8,2.5,1,2.2135,0,33,"Subject_37","1",50,2
"6796",76,100,14,1.1,1,3.4064,0,33,"Subject_37","1",110,1
"6797",77,20,1,3,1,2.801,1,33,"Subject_37","1",60,2
"6798",78,100,3,1.1,1,2.1625,0,33,"Subject_37","1",110,1
"6799",79,20,5,1.1,0,2.8998,1,33,"Subject_37","1",22,2
"6800",80,100,30,1.01,0,2.8928,0,33,"Subject_37","1",101,1
"6801",81,20,5,1.2,0,3.6919,0,33,"Subject_37","1",24,2
"6802",82,100,60,2.5,1,2.0313,0,33,"Subject_37","1",250,1
"6803",83,100,30,2.5,1,1.5526,1,33,"Subject_37","1",250,1
"6804",84,20,30,1.8,1,3.6757,0,33,"Subject_37","1",36,2
"6805",85,100,30,1.02,0,1.6903,1,33,"Subject_37","1",102,1
"6806",86,20,8,10,1,1.4722,1,33,"Subject_37","1",200,2
"6807",87,100,30,3,1,1.5785,0,33,"Subject_37","1",300,1
"6808",88,20,14,1.2,0,6.3801,0,33,"Subject_37","1",24,2
"6809",89,100,8,1.02,0,1.7486,1,33,"Subject_37","1",102,1
"6810",90,20,30,1.05,0,2.7914,0,33,"Subject_37","1",21,2
"6811",91,20,14,2.5,1,1.9532,1,33,"Subject_37","1",50,2
"6812",92,20,14,1.05,0,1.3666,0,33,"Subject_37","1",21,2
"6813",93,100,3,4,1,1.1852,1,33,"Subject_37","1",400,1
"6814",94,20,3,1.02,0,2.2264,1,33,"Subject_37","1",20.4,2
"6815",95,20,1,1.5,1,1.1298,0,33,"Subject_37","1",30,2
"6816",96,100,3,3,1,1.6051,1,33,"Subject_37","1",300,1
"6817",97,20,60,7,1,1.1591,1,33,"Subject_37","1",140,2
"6818",98,100,14,13,1,1.611,0,33,"Subject_37","1",1300,1
"6819",99,100,8,1.1,1,3.0847,0,33,"Subject_37","1",110,1
"6820",100,20,30,1.5,1,1.9807,0,33,"Subject_37","1",30,2
"6821",101,100,5,1.05,0,1.972,0,33,"Subject_37","1",105,1
"6822",102,100,1,2.5,1,2.2292,0,33,"Subject_37","1",250,1
"6823",103,20,1,1.02,0,1.3084,1,33,"Subject_37","1",20.4,2
"6824",104,100,60,1.1,1,3.7686,0,33,"Subject_37","1",110,1
"6825",105,100,60,10,1,1.4647,1,33,"Subject_37","1",1000,1
"6826",106,20,3,1.5,1,1.5831,0,33,"Subject_37","1",30,2
"6827",107,20,8,2,1,1.105,0,33,"Subject_37","1",40,2
"6828",108,20,60,4,1,1.4085,0,33,"Subject_37","1",80,2
"6829",109,100,1,4,1,1.2481,1,33,"Subject_37","1",400,1
"6830",110,100,60,3,1,1.8415,1,33,"Subject_37","1",300,1
"6831",111,20,3,1.1,0,1.5855,0,33,"Subject_37","1",22,2
"6832",112,100,60,4,1,1.4558,0,33,"Subject_37","1",400,1
"6833",113,100,3,2,1,1.3332,0,33,"Subject_37","1",200,1
"6834",114,100,1,1.05,0,2.8694,1,33,"Subject_37","1",105,1
"6835",115,20,3,5,1,1.0724,1,33,"Subject_37","1",100,2
"6836",116,100,3,1.01,0,2.5906,1,33,"Subject_37","1",101,1
"6837",117,20,60,1.2,0,2.1066,0,33,"Subject_37","1",24,2
"6838",118,100,30,13,1,1.1726,1,33,"Subject_37","1",1300,1
"6839",119,100,8,4,1,0.8714,1,33,"Subject_37","1",400,1
"6840",120,20,3,7,1,1.1234,0,33,"Subject_37","1",140,2
"6841",121,20,60,2,1,2.129,0,33,"Subject_37","1",40,2
"6842",122,20,1,1.1,0,1.9993,0,33,"Subject_37","1",22,2
"6843",123,20,14,7,1,1.2661,1,33,"Subject_37","1",140,2
"6844",124,20,14,13,1,1.3302,0,33,"Subject_37","1",260,2
"6845",125,100,60,1.02,0,2.6612,0,33,"Subject_37","1",102,1
"6846",126,100,8,1.05,0,2.1686,0,33,"Subject_37","1",105,1
"6847",127,20,5,10,1,1.6373,0,33,"Subject_37","1",200,2
"6848",128,20,3,1.01,0,2.1143,0,33,"Subject_37","1",20.2,2
"6849",129,20,30,13,1,2.125,0,33,"Subject_37","1",260,2
"6850",130,100,1,1.01,0,1.3827,0,33,"Subject_37","1",101,1
"6851",131,100,14,1.8,1,1.4258,1,33,"Subject_37","1",180,1
"6852",132,100,8,13,1,1.6448,0,33,"Subject_37","1",1300,1
"6853",133,100,30,1.8,1,3.4005,0,33,"Subject_37","1",180,1
"6854",134,20,5,1.02,0,2.7339,1,33,"Subject_37","1",20.4,2
"6855",135,100,3,13,1,1.4872,1,33,"Subject_37","1",1300,1
"6856",136,20,5,1.05,0,2.8055,0,33,"Subject_37","1",21,2
"6857",137,100,8,1.5,1,1.4392,1,33,"Subject_37","1",150,1
"6858",138,100,3,1.2,1,2.8887,0,33,"Subject_37","1",120,1
"6859",139,100,3,5,1,1.5003,1,33,"Subject_37","1",500,1
"6860",140,20,30,7,1,1.9935,0,33,"Subject_37","1",140,2
"6861",141,100,8,7,1,1.3234,0,33,"Subject_37","1",700,1
"6862",142,100,3,1.02,0,1.6865,0,33,"Subject_37","1",102,1
"6863",143,100,3,10,1,1.4122,1,33,"Subject_37","1",1000,1
"6864",144,20,30,3,1,1.181,1,33,"Subject_37","1",60,2
"6865",145,20,3,1.2,0,2.041,0,33,"Subject_37","1",24,2
"6866",146,20,30,1.02,0,1.729,1,33,"Subject_37","1",20.4,2
"6867",147,20,8,5,1,1.3094,1,33,"Subject_37","1",100,2
"6868",148,100,8,3,1,1.4037,0,33,"Subject_37","1",300,1
"6869",149,100,1,1.02,0,3.1673,0,33,"Subject_37","1",102,1
"6870",150,20,30,1.01,0,1.3665,1,33,"Subject_37","1",20.2,2
"6871",151,100,5,5,1,1.8914,1,33,"Subject_37","1",500,1
"6872",152,100,14,4,1,1.8412,0,33,"Subject_37","1",400,1
"6873",153,20,8,1.05,0,2.0102,0,33,"Subject_37","1",21,2
"6874",154,20,14,1.5,1,2.4875,0,33,"Subject_37","1",30,2
"6875",155,20,1,4,1,1.1464,0,33,"Subject_37","1",80,2
"6876",156,20,3,2,1,1.5526,0,33,"Subject_37","1",40,2
"6877",157,20,8,1.1,0,1.9084,0,33,"Subject_37","1",22,2
"6878",158,100,5,1.8,1,1.4493,1,33,"Subject_37","1",180,1
"6879",159,20,3,1.8,1,2.0643,0,33,"Subject_37","1",36,2
"6880",160,100,8,1.8,1,1.1655,1,33,"Subject_37","1",180,1
"6881",161,100,30,4,1,1.2569,1,33,"Subject_37","1",400,1
"6882",162,20,60,1.8,1,2.4566,0,33,"Subject_37","1",36,2
"6883",163,20,14,1.02,0,3.2602,1,33,"Subject_37","1",20.4,2
"6884",164,100,14,10,1,3.8421,0,33,"Subject_37","1",1000,1
"6885",165,20,5,7,1,1.0961,1,33,"Subject_37","1",140,2
"6886",166,20,30,4,1,1.134,1,33,"Subject_37","1",80,2
"6887",167,20,8,1.01,0,1.5692,0,33,"Subject_37","1",20.2,2
"6888",168,20,8,4,1,1.9467,0,33,"Subject_37","1",80,2
"6889",169,100,5,1.5,1,1.5832,1,33,"Subject_37","1",150,1
"6890",170,20,5,4,1,1.1536,1,33,"Subject_37","1",80,2
"6891",171,20,30,2.5,1,3.3936,0,33,"Subject_37","1",50,2
"6892",172,20,1,2,1,1.427,1,33,"Subject_37","1",40,2
"6893",173,100,30,1.5,1,1.6153,1,33,"Subject_37","1",150,1
"6894",174,100,5,3,1,1.955,0,33,"Subject_37","1",300,1
"6895",175,20,60,1.01,1,2.3161,0,33,"Subject_37","1",20.2,2
"6896",176,100,3,1.8,1,1.4817,0,33,"Subject_37","1",180,1
"6897",177,20,14,1.8,1,1.9899,1,33,"Subject_37","1",36,2
"6898",178,20,1,1.8,1,2.6131,0,33,"Subject_37","1",36,2
"6899",179,20,30,1.1,0,1.8494,0,33,"Subject_37","1",22,2
"6900",180,20,1,2.5,1,1.8344,0,33,"Subject_37","1",50,2
"6901",181,100,14,2.5,1,1.4543,0,33,"Subject_37","1",250,1
"6902",182,20,60,1.05,0,3.1959,0,33,"Subject_37","1",21,2
"6903",183,20,1,1.05,0,1.4405,1,33,"Subject_37","1",21,2
"6904",184,20,14,2,1,1.5454,1,33,"Subject_37","1",40,2
"6905",185,100,14,1.2,1,1.2022,1,33,"Subject_37","1",120,1
"6906",186,100,30,1.2,1,1.3384,1,33,"Subject_37","1",120,1
"6907",187,100,1,7,1,4.9487,0,33,"Subject_37","1",700,1
"6908",188,100,1,3,1,1.4454,1,33,"Subject_37","1",300,1
"6909",189,20,30,1.2,1,2.1476,0,33,"Subject_37","1",24,2
"6910",190,20,14,3,1,1.469,1,33,"Subject_37","1",60,2
"6911",191,100,30,5,1,1.0008,0,33,"Subject_37","1",500,1
"6912",192,100,5,2,1,0.9774,1,33,"Subject_37","1",200,1
"6913",193,20,60,1.02,0,1.4404,1,33,"Subject_37","1",20.4,2
"6914",194,20,30,5,1,1.4785,0,33,"Subject_37","1",100,2
"6915",195,100,3,1.05,1,1.8814,1,33,"Subject_37","1",105,1
"6916",196,100,30,1.05,1,1.988,1,33,"Subject_37","1",105,1
"6917",197,20,5,1.5,1,2.7255,0,33,"Subject_37","1",30,2
"6918",198,100,30,10,1,1.2489,1,33,"Subject_37","1",1000,1
"6919",199,100,5,1.01,0,1.5984,1,33,"Subject_37","1",101,1
"6920",200,20,8,1.2,1,1.7181,1,33,"Subject_37","1",24,2
"6921",201,100,14,1.01,0,3.5678,0,33,"Subject_37","1",101,1
"6922",202,100,5,4,1,1.1778,1,33,"Subject_37","1",400,1
"6923",203,20,1,13,1,1.8688,1,33,"Subject_37","1",260,2
"6924",204,100,1,2,1,1.2947,1,33,"Subject_37","1",200,1
"6925",205,20,1,10,1,1.007,0,33,"Subject_37","1",200,2
"6926",206,20,3,4,1,1.5625,0,33,"Subject_37","1",80,2
"6927",207,100,30,2,1,1.8369,0,33,"Subject_37","1",200,1
"6928",208,100,1,10,1,1.4542,1,33,"Subject_37","1",1000,1
"6929",209,100,60,1.05,1,1.429,0,33,"Subject_37","1",105,1
"6930",210,20,5,2,1,2.0969,0,33,"Subject_37","1",40,2
"6931",1,100,1,1.02,0,1.9046,0,34,"Subject_38","1",102,1
"6932",2,20,1,13,1,2.5659,0,34,"Subject_38","1",260,2
"6933",3,100,60,1.01,0,1.6803,1,34,"Subject_38","1",101,1
"6934",4,20,8,1.05,0,1.6947,0,34,"Subject_38","1",21,2
"6935",5,100,5,1.01,0,1.465,1,34,"Subject_38","1",101,1
"6936",6,20,14,2.5,0,1.5988,1,34,"Subject_38","1",50,2
"6937",7,20,14,1.1,0,1.3353,1,34,"Subject_38","1",22,2
"6938",8,20,30,1.5,0,1.6641,0,34,"Subject_38","1",30,2
"6939",9,100,5,2.5,1,3.7691,0,34,"Subject_38","1",250,1
"6940",10,100,14,1.01,0,1.2144,0,34,"Subject_38","1",101,1
"6941",11,20,14,13,0,6.4159,0,34,"Subject_38","1",260,2
"6942",12,100,30,1.05,0,1.2109,1,34,"Subject_38","1",105,1
"6943",13,100,14,2,0,2.099,0,34,"Subject_38","1",200,1
"6944",14,100,60,1.05,0,1.039,1,34,"Subject_38","1",105,1
"6945",15,20,3,2.5,1,2.127,0,34,"Subject_38","1",50,2
"6946",16,100,60,10,0,1.7567,1,34,"Subject_38","1",1000,1
"6947",17,100,60,1.1,0,1.204,0,34,"Subject_38","1",110,1
"6948",18,20,8,1.2,0,1.5865,0,34,"Subject_38","1",24,2
"6949",19,20,3,2,0,1.238,0,34,"Subject_38","1",40,2
"6950",20,20,1,2.5,1,1.1491,1,34,"Subject_38","1",50,2
"6951",21,20,30,1.05,0,1.1171,0,34,"Subject_38","1",21,2
"6952",22,100,3,4,1,1.3618,1,34,"Subject_38","1",400,1
"6953",23,20,3,7,1,1.5956,1,34,"Subject_38","1",140,2
"6954",24,20,5,1.05,0,1.1258,1,34,"Subject_38","1",21,2
"6955",25,100,60,2.5,0,1.2686,0,34,"Subject_38","1",250,1
"6956",26,20,5,1.8,0,1.554,1,34,"Subject_38","1",36,2
"6957",27,20,5,2.5,0,1.6897,0,34,"Subject_38","1",50,2
"6958",28,100,30,1.1,0,1.3728,1,34,"Subject_38","1",110,1
"6959",29,20,5,1.2,0,1.1372,0,34,"Subject_38","1",24,2
"6960",30,20,8,4,0,1.4338,1,34,"Subject_38","1",80,2
"6961",31,20,5,1.1,0,0.8715,1,34,"Subject_38","1",22,2
"6962",32,100,1,2.5,1,1.3235,1,34,"Subject_38","1",250,1
"6963",33,100,60,5,0,1.101,0,34,"Subject_38","1",500,1
"6964",34,20,1,1.2,0,0.9541,0,34,"Subject_38","1",24,2
"6965",35,100,1,1.01,0,0.8506,1,34,"Subject_38","1",101,1
"6966",36,100,5,1.02,0,0.9733,0,34,"Subject_38","1",102,1
"6967",37,20,1,1.02,0,0.7957,1,34,"Subject_38","1",20.4,2
"6968",38,100,5,2,0,1.1773,1,34,"Subject_38","1",200,1
"6969",39,20,14,1.01,0,0.7805,1,34,"Subject_38","1",20.2,2
"6970",40,20,3,1.5,0,0.7444,0,34,"Subject_38","1",30,2
"6971",41,20,3,1.1,0,0.7531,0,34,"Subject_38","1",22,2
"6972",42,100,8,1.01,0,0.8056,0,34,"Subject_38","1",101,1
"6973",43,100,8,13,0,0.8249,0,34,"Subject_38","1",1300,1
"6974",44,20,3,1.02,1,0.7548,1,34,"Subject_38","1",20.4,2
"6975",45,100,5,7,1,1.5195,0,34,"Subject_38","1",700,1
"6976",46,100,8,10,1,1.174,1,34,"Subject_38","1",1000,1
"6977",47,100,3,1.2,0,0.912,1,34,"Subject_38","1",120,1
"6978",48,100,3,13,1,1.2201,0,34,"Subject_38","1",1300,1
"6979",49,20,3,1.05,0,0.9175,0,34,"Subject_38","1",21,2
"6980",50,20,30,1.02,0,0.8609,0,34,"Subject_38","1",20.4,2
"6981",51,20,8,10,1,1.1663,0,34,"Subject_38","1",200,2
"6982",52,20,5,1.02,0,0.7091,1,34,"Subject_38","1",20.4,2
"6983",53,20,3,1.8,0,0.7456,0,34,"Subject_38","1",36,2
"6984",54,20,14,1.2,0,0.703,1,34,"Subject_38","1",24,2
"6985",55,100,30,1.5,0,0.6963,0,34,"Subject_38","1",150,1
"6986",56,20,1,1.5,1,1.1568,0,34,"Subject_38","1",30,2
"6987",57,100,60,1.8,0,1.4809,0,34,"Subject_38","1",180,1
"6988",58,20,14,3,0,0.6939,1,34,"Subject_38","1",60,2
"6989",59,20,1,10,1,1.4265,0,34,"Subject_38","1",200,2
"6990",60,100,5,1.5,1,2.4033,0,34,"Subject_38","1",150,1
"6991",61,100,30,1.02,0,0.8362,0,34,"Subject_38","1",102,1
"6992",62,100,60,3,0,0.713,0,34,"Subject_38","1",300,1
"6993",63,20,1,1.8,0,0.7416,0,34,"Subject_38","1",36,2
"6994",64,20,5,5,1,1.1595,1,34,"Subject_38","1",100,2
"6995",65,100,8,2,0,2.0029,0,34,"Subject_38","1",200,1
"6996",66,100,60,1.5,0,1.0047,0,34,"Subject_38","1",150,1
"6997",67,20,3,1.01,0,0.6937,1,34,"Subject_38","1",20.2,2
"6998",68,20,60,3,0,0.7574,0,34,"Subject_38","1",60,2
"6999",69,100,1,3,1,0.9847,1,34,"Subject_38","1",300,1
"7000",70,100,3,1.5,1,0.9009,0,34,"Subject_38","1",150,1
"7001",71,100,3,5,1,1.0248,1,34,"Subject_38","1",500,1
"7002",72,100,5,5,1,1.3068,0,34,"Subject_38","1",500,1
"7003",73,100,1,1.1,1,1.4837,0,34,"Subject_38","1",110,1
"7004",74,100,14,1.8,0,1.5881,0,34,"Subject_38","1",180,1
"7005",75,100,3,1.8,1,1.5268,1,34,"Subject_38","1",180,1
"7006",76,100,8,1.8,0,1.2178,0,34,"Subject_38","1",180,1
"7007",77,100,30,3,0,1.2319,0,34,"Subject_38","1",300,1
"7008",78,100,3,2,1,1.6957,0,34,"Subject_38","1",200,1
"7009",79,20,5,3,0,0.9246,1,34,"Subject_38","1",60,2
"7010",80,100,1,1.05,0,0.7999,1,34,"Subject_38","1",105,1
"7011",81,100,30,13,0,1.2065,1,34,"Subject_38","1",1300,1
"7012",82,20,5,7,0,0.7886,1,34,"Subject_38","1",140,2
"7013",83,100,30,1.2,0,1.0607,1,34,"Subject_38","1",120,1
"7014",84,20,30,2.5,0,0.7661,1,34,"Subject_38","1",50,2
"7015",85,100,3,3,1,1.1819,0,34,"Subject_38","1",300,1
"7016",86,20,1,1.05,0,0.7068,1,34,"Subject_38","1",21,2
"7017",87,100,5,1.05,0,0.7272,1,34,"Subject_38","1",105,1
"7018",88,100,1,4,1,1.0938,0,34,"Subject_38","1",400,1
"7019",89,100,8,7,0,1.1173,1,34,"Subject_38","1",700,1
"7020",90,20,8,5,1,0.7654,1,34,"Subject_38","1",100,2
"7021",91,100,3,1.05,0,0.6873,0,34,"Subject_38","1",105,1
"7022",92,100,1,1.5,0,0.8646,1,34,"Subject_38","1",150,1
"7023",93,20,5,1.01,0,0.8537,0,34,"Subject_38","1",20.2,2
"7024",94,100,14,1.05,0,0.8705,0,34,"Subject_38","1",105,1
"7025",95,100,14,13,0,0.7298,0,34,"Subject_38","1",1300,1
"7026",96,100,8,1.02,0,0.9033,1,34,"Subject_38","1",102,1
"7027",97,20,60,5,0,0.8258,1,34,"Subject_38","1",100,2
"7028",98,100,3,10,0,1.3938,0,34,"Subject_38","1",1000,1
"7029",99,20,8,3,0,0.7486,0,34,"Subject_38","1",60,2
"7030",100,20,5,1.5,0,0.6737,0,34,"Subject_38","1",30,2
"7031",101,20,3,5,1,1.5595,0,34,"Subject_38","1",100,2
"7032",102,100,60,4,0,1.165,1,34,"Subject_38","1",400,1
"7033",103,100,5,4,1,1.4052,1,34,"Subject_38","1",400,1
"7034",104,100,3,1.01,0,1.0957,0,34,"Subject_38","1",101,1
"7035",105,20,5,13,0,1.0111,0,34,"Subject_38","1",260,2
"7036",106,20,8,1.01,0,1.1104,0,34,"Subject_38","1",20.2,2
"7037",107,100,14,4,0,1.4392,1,34,"Subject_38","1",400,1
"7038",108,20,60,1.01,0,1.4236,0,34,"Subject_38","1",20.2,2
"7039",109,100,60,13,0,1.1365,1,34,"Subject_38","1",1300,1
"7040",110,20,3,13,0,1.291,1,34,"Subject_38","1",260,2
"7041",111,100,3,7,0,1.4467,1,34,"Subject_38","1",700,1
"7042",112,100,8,1.5,0,1.3044,0,34,"Subject_38","1",150,1
"7043",113,100,14,1.5,0,0.9831,1,34,"Subject_38","1",150,1
"7044",114,20,60,1.8,0,1.0585,0,34,"Subject_38","1",36,2
"7045",115,100,30,2,0,1.2647,0,34,"Subject_38","1",200,1
"7046",116,100,14,1.2,0,1.2402,1,34,"Subject_38","1",120,1
"7047",117,100,30,1.8,0,1.2397,0,34,"Subject_38","1",180,1
"7048",118,20,5,4,1,1.5307,1,34,"Subject_38","1",80,2
"7049",119,20,8,1.8,0,1.2084,1,34,"Subject_38","1",36,2
"7050",120,20,8,2.5,0,1.3306,1,34,"Subject_38","1",50,2
"7051",121,100,30,2.5,0,1.3881,1,34,"Subject_38","1",250,1
"7052",122,20,14,7,0,0.8676,1,34,"Subject_38","1",140,2
"7053",123,20,1,5,1,0.9609,0,34,"Subject_38","1",100,2
"7054",124,20,1,7,1,1.3735,1,34,"Subject_38","1",140,2
"7055",125,20,3,3,1,1.7111,1,34,"Subject_38","1",60,2
"7056",126,100,14,2.5,0,1.6276,0,34,"Subject_38","1",250,1
"7057",127,100,30,10,0,1.4548,0,34,"Subject_38","1",1000,1
"7058",128,20,30,1.1,0,1.0135,1,34,"Subject_38","1",22,2
"7059",129,20,8,1.02,0,0.8634,0,34,"Subject_38","1",20.4,2
"7060",130,20,8,1.5,0,0.5903,0,34,"Subject_38","1",30,2
"7061",131,100,5,1.2,0,0.9895,1,34,"Subject_38","1",120,1
"7062",132,20,14,4,0,1.0334,0,34,"Subject_38","1",80,2
"7063",133,100,30,7,0,1.2714,1,34,"Subject_38","1",700,1
"7064",134,100,1,10,1,1.4992,0,34,"Subject_38","1",1000,1
"7065",135,100,8,1.1,0,0.9572,1,34,"Subject_38","1",110,1
"7066",136,100,1,7,1,0.9113,0,34,"Subject_38","1",700,1
"7067",137,100,14,1.1,0,1.2813,1,34,"Subject_38","1",110,1
"7068",138,100,14,1.02,0,1.3722,0,34,"Subject_38","1",102,1
"7069",139,100,8,1.05,0,1.2972,0,34,"Subject_38","1",105,1
"7070",140,20,60,1.02,0,1.1133,1,34,"Subject_38","1",20.4,2
"7071",141,100,5,1.8,0,0.9755,0,34,"Subject_38","1",180,1
"7072",142,20,60,1.1,0,0.7829,1,34,"Subject_38","1",22,2
"7073",143,20,60,1.5,0,0.7763,1,34,"Subject_38","1",30,2
"7074",144,100,30,4,0,1.0142,1,34,"Subject_38","1",400,1
"7075",145,100,8,2.5,0,1.1527,1,34,"Subject_38","1",250,1
"7076",146,20,8,7,0,1.2423,1,34,"Subject_38","1",140,2
"7077",147,20,14,2,0,0.8063,0,34,"Subject_38","1",40,2
"7078",148,20,30,1.2,0,0.7029,1,34,"Subject_38","1",24,2
"7079",149,20,8,13,0,1.2051,1,34,"Subject_38","1",260,2
"7080",150,20,3,1.2,0,0.8378,0,34,"Subject_38","1",24,2
"7081",151,100,60,1.2,0,1.3549,1,34,"Subject_38","1",120,1
"7082",152,20,8,1.1,0,0.8351,0,34,"Subject_38","1",22,2
"7083",153,100,3,1.1,0,0.9111,1,34,"Subject_38","1",110,1
"7084",154,100,5,3,0,1.7405,0,34,"Subject_38","1",300,1
"7085",155,100,14,10,1,1.7814,0,34,"Subject_38","1",1000,1
"7086",156,100,1,2,0,0.8937,0,34,"Subject_38","1",200,1
"7087",157,100,3,2.5,1,1.3405,1,34,"Subject_38","1",250,1
"7088",158,20,1,4,1,1.5542,1,34,"Subject_38","1",80,2
"7089",159,100,5,13,1,1.3183,1,34,"Subject_38","1",1300,1
"7090",160,20,60,10,0,1.292,0,34,"Subject_38","1",200,2
"7091",161,100,30,5,0,1.2882,1,34,"Subject_38","1",500,1
"7092",162,20,30,1.01,0,0.7185,1,34,"Subject_38","1",20.2,2
"7093",163,20,14,1.8,0,0.7883,0,34,"Subject_38","1",36,2
"7094",164,20,60,7,0,1.1418,1,34,"Subject_38","1",140,2
"7095",165,100,3,1.02,0,1.0812,0,34,"Subject_38","1",102,1
"7096",166,20,60,2,0,0.7946,1,34,"Subject_38","1",40,2
"7097",167,100,1,13,1,1.0712,0,34,"Subject_38","1",1300,1
"7098",168,20,30,2,0,0.9147,1,34,"Subject_38","1",40,2
"7099",169,100,5,1.1,0,0.9606,0,34,"Subject_38","1",110,1
"7100",170,20,14,1.5,0,0.8285,1,34,"Subject_38","1",30,2
"7101",171,20,60,2.5,0,0.705,0,34,"Subject_38","1",50,2
"7102",172,100,8,3,0,1.6962,1,34,"Subject_38","1",300,1
"7103",173,20,60,1.05,0,0.9574,0,34,"Subject_38","1",21,2
"7104",174,20,14,5,0,0.6253,0,34,"Subject_38","1",100,2
"7105",175,20,60,1.2,0,0.6971,1,34,"Subject_38","1",24,2
"7106",176,20,5,10,1,1.1001,0,34,"Subject_38","1",200,2
"7107",177,20,30,1.8,0,0.6611,0,34,"Subject_38","1",36,2
"7108",178,100,60,2,0,0.6683,0,34,"Subject_38","1",200,1
"7109",179,20,30,7,0,0.6901,1,34,"Subject_38","1",140,2
"7110",180,20,30,10,0,0.9188,1,34,"Subject_38","1",200,2
"7111",181,100,14,3,0,0.8669,0,34,"Subject_38","1",300,1
"7112",182,20,1,2,1,0.8506,0,34,"Subject_38","1",40,2
"7113",183,20,3,10,0,0.8159,0,34,"Subject_38","1",200,2
"7114",184,100,14,7,1,2.2406,0,34,"Subject_38","1",700,1
"7115",185,100,14,5,1,2.7008,0,34,"Subject_38","1",500,1
"7116",186,20,60,4,0,1.2644,0,34,"Subject_38","1",80,2
"7117",187,20,14,1.02,0,1.0317,1,34,"Subject_38","1",20.4,2
"7118",188,20,1,1.1,0,0.8137,1,34,"Subject_38","1",22,2
"7119",189,100,1,1.2,1,1.317,1,34,"Subject_38","1",120,1
"7120",190,100,60,7,0,1.3448,0,34,"Subject_38","1",700,1
"7121",191,20,8,2,0,0.835,0,34,"Subject_38","1",40,2
"7122",192,100,1,5,1,0.8883,0,34,"Subject_38","1",500,1
"7123",193,20,60,13,0,1.4775,1,34,"Subject_38","1",260,2
"7124",194,20,5,2,0,0.8594,1,34,"Subject_38","1",40,2
"7125",195,20,3,4,1,1.0153,0,34,"Subject_38","1",80,2
"7126",196,20,30,3,0,0.7527,0,34,"Subject_38","1",60,2
"7127",197,20,1,3,1,1.0392,1,34,"Subject_38","1",60,2
"7128",198,100,8,4,1,1.4145,0,34,"Subject_38","1",400,1
"7129",199,20,30,13,0,0.8278,0,34,"Subject_38","1",260,2
"7130",200,100,1,1.8,1,0.8292,0,34,"Subject_38","1",180,1
"7131",201,20,30,4,0,1.0151,1,34,"Subject_38","1",80,2
"7132",202,20,1,1.01,0,0.9596,0,34,"Subject_38","1",20.2,2
"7133",203,20,14,10,0,0.8818,1,34,"Subject_38","1",200,2
"7134",204,100,8,1.2,0,0.9758,0,34,"Subject_38","1",120,1
"7135",205,100,5,10,1,0.8994,0,34,"Subject_38","1",1000,1
"7136",206,20,30,5,0,0.8485,1,34,"Subject_38","1",100,2
"7137",207,20,14,1.05,0,0.6566,0,34,"Subject_38","1",21,2
"7138",208,100,60,1.02,0,0.7238,0,34,"Subject_38","1",102,1
"7139",209,100,30,1.01,0,0.6756,1,34,"Subject_38","1",101,1
"7140",210,100,8,5,0,1.2821,1,34,"Subject_38","1",500,1
"7141",1,100,3,3,1,2.9445,0,35,"Subject_39","1",300,1
"7142",2,100,14,7,1,1.7622,1,35,"Subject_39","1",700,1
"7143",3,20,60,7,1,2.1899,0,35,"Subject_39","1",140,2
"7144",4,20,5,5,1,1.7792,1,35,"Subject_39","1",100,2
"7145",5,20,14,3,1,1.2945,1,35,"Subject_39","1",60,2
"7146",6,100,30,1.2,0,1.8973,0,35,"Subject_39","1",120,1
"7147",7,20,1,4,1,1.5985,0,35,"Subject_39","1",80,2
"7148",8,20,30,1.5,1,1.7469,1,35,"Subject_39","1",30,2
"7149",9,20,3,1.2,1,1.6858,0,35,"Subject_39","1",24,2
"7150",10,20,60,1.05,0,1.8036,1,35,"Subject_39","1",21,2
"7151",11,100,5,1.2,0,2.4807,0,35,"Subject_39","1",120,1
"7152",12,20,8,2,1,2.1116,0,35,"Subject_39","1",40,2
"7153",13,100,8,2.5,1,1.0896,1,35,"Subject_39","1",250,1
"7154",14,20,1,1.1,0,1.6177,0,35,"Subject_39","1",22,2
"7155",15,20,14,1.5,1,1.174,1,35,"Subject_39","1",30,2
"7156",16,20,8,7,1,2.5009,1,35,"Subject_39","1",140,2
"7157",17,100,14,13,1,1.1665,0,35,"Subject_39","1",1300,1
"7158",18,100,5,1.02,0,1.2539,1,35,"Subject_39","1",102,1
"7159",19,100,3,7,1,1.7834,1,35,"Subject_39","1",700,1
"7160",20,20,14,1.01,0,1.2829,0,35,"Subject_39","1",20.2,2
"7161",21,100,3,1.8,1,1.431,1,35,"Subject_39","1",180,1
"7162",22,100,30,13,1,0.7868,0,35,"Subject_39","1",1300,1
"7163",23,20,3,5,1,0.8346,1,35,"Subject_39","1",100,2
"7164",24,100,5,2,1,1.136,1,35,"Subject_39","1",200,1
"7165",25,20,1,3,1,1.3847,0,35,"Subject_39","1",60,2
"7166",26,20,30,13,1,0.9138,1,35,"Subject_39","1",260,2
"7167",27,100,1,1.2,0,1.2886,1,35,"Subject_39","1",120,1
"7168",28,20,60,1.02,0,2.0461,1,35,"Subject_39","1",20.4,2
"7169",29,20,3,4,1,1.3345,0,35,"Subject_39","1",80,2
"7170",30,100,60,1.05,0,1.3639,0,35,"Subject_39","1",105,1
"7171",31,100,5,3,1,2.0399,1,35,"Subject_39","1",300,1
"7172",32,20,14,13,1,0.8547,1,35,"Subject_39","1",260,2
"7173",33,20,5,13,1,0.9479,1,35,"Subject_39","1",260,2
"7174",34,100,5,1.05,0,1.9,1,35,"Subject_39","1",105,1
"7175",35,20,8,2.5,1,1.1221,1,35,"Subject_39","1",50,2
"7176",36,100,5,13,1,1.4848,1,35,"Subject_39","1",1300,1
"7177",37,20,1,1.5,1,1.505,1,35,"Subject_39","1",30,2
"7178",38,20,3,1.05,0,2.176,0,35,"Subject_39","1",21,2
"7179",39,100,30,1.01,0,1.1948,1,35,"Subject_39","1",101,1
"7180",40,100,8,13,1,0.6718,0,35,"Subject_39","1",1300,1
"7181",41,20,8,1.1,0,0.9962,1,35,"Subject_39","1",22,2
"7182",42,100,30,2.5,1,0.6696,1,35,"Subject_39","1",250,1
"7183",43,100,14,5,1,0.9675,1,35,"Subject_39","1",500,1
"7184",44,100,60,10,1,1.1432,1,35,"Subject_39","1",1000,1
"7185",45,20,1,2.5,1,1.0376,1,35,"Subject_39","1",50,2
"7186",46,100,1,1.8,1,1.2597,0,35,"Subject_39","1",180,1
"7187",47,100,8,1.01,0,0.7473,1,35,"Subject_39","1",101,1
"7188",48,100,1,7,1,0.6746,0,35,"Subject_39","1",700,1
"7189",49,20,1,1.8,1,0.8791,0,35,"Subject_39","1",36,2
"7190",50,100,1,1.02,0,0.9391,0,35,"Subject_39","1",102,1
"7191",51,100,5,1.8,1,0.78,1,35,"Subject_39","1",180,1
"7192",52,100,1,2.5,1,0.5666,0,35,"Subject_39","1",250,1
"7193",53,20,60,13,1,0.5291,1,35,"Subject_39","1",260,2
"7194",54,100,8,1.8,1,0.6627,0,35,"Subject_39","1",180,1
"7195",55,100,1,1.01,0,1.2369,0,35,"Subject_39","1",101,1
"7196",56,100,30,1.8,1,0.6623,0,35,"Subject_39","1",180,1
"7197",57,100,14,1.5,1,0.783,0,35,"Subject_39","1",150,1
"7198",58,20,30,10,1,0.6103,0,35,"Subject_39","1",200,2
"7199",59,100,5,2.5,1,0.9842,1,35,"Subject_39","1",250,1
"7200",60,100,8,2,1,0.8549,0,35,"Subject_39","1",200,1
"7201",61,20,14,2,1,1.0715,1,35,"Subject_39","1",40,2
"7202",62,100,14,2,1,0.707,1,35,"Subject_39","1",200,1
"7203",63,20,30,4,1,1.471,0,35,"Subject_39","1",80,2
"7204",64,20,14,1.02,0,1.975,1,35,"Subject_39","1",20.4,2
"7205",65,100,5,1.01,0,0.7029,1,35,"Subject_39","1",101,1
"7206",66,20,5,4,1,0.8066,1,35,"Subject_39","1",80,2
"7207",67,100,1,2,1,0.7142,1,35,"Subject_39","1",200,1
"7208",68,20,14,1.05,0,1.608,1,35,"Subject_39","1",21,2
"7209",69,20,8,1.2,1,1.1486,1,35,"Subject_39","1",24,2
"7210",70,100,60,5,1,0.8988,1,35,"Subject_39","1",500,1
"7211",71,20,8,1.5,1,0.7321,0,35,"Subject_39","1",30,2
"7212",72,100,1,3,1,0.9866,0,35,"Subject_39","1",300,1
"7213",73,20,3,2,1,0.9987,1,35,"Subject_39","1",40,2
"7214",74,100,60,1.2,1,1.8907,1,35,"Subject_39","1",120,1
"7215",75,20,8,1.05,0,1.5934,1,35,"Subject_39","1",21,2
"7216",76,100,30,1.5,1,1.1004,0,35,"Subject_39","1",150,1
"7217",77,20,5,10,1,0.8185,0,35,"Subject_39","1",200,2
"7218",78,100,3,2,1,0.8047,0,35,"Subject_39","1",200,1
"7219",79,20,5,1.5,1,0.7448,1,35,"Subject_39","1",30,2
"7220",80,20,60,1.5,1,1.7744,0,35,"Subject_39","1",30,2
"7221",81,100,8,1.1,1,2.7223,1,35,"Subject_39","1",110,1
"7222",82,20,5,7,1,1.0032,1,35,"Subject_39","1",140,2
"7223",83,100,8,1.05,0,2.7693,1,35,"Subject_39","1",105,1
"7224",84,20,5,1.8,1,1.641,1,35,"Subject_39","1",36,2
"7225",85,20,14,1.8,1,2.2169,0,35,"Subject_39","1",36,2
"7226",86,100,3,1.2,1,2.1023,0,35,"Subject_39","1",120,1
"7227",87,100,5,5,1,0.8037,1,35,"Subject_39","1",500,1
"7228",88,100,1,1.1,0,1.9262,1,35,"Subject_39","1",110,1
"7229",89,20,3,13,1,1.1062,1,35,"Subject_39","1",260,2
"7230",90,20,14,1.1,0,2.0259,1,35,"Subject_39","1",22,2
"7231",91,100,30,1.1,0,1.9651,1,35,"Subject_39","1",110,1
"7232",92,100,60,2.5,1,1.9589,0,35,"Subject_39","1",250,1
"7233",93,100,60,3,1,0.8068,1,35,"Subject_39","1",300,1
"7234",94,20,8,4,1,2.1121,1,35,"Subject_39","1",80,2
"7235",95,20,8,1.02,0,1.9009,1,35,"Subject_39","1",20.4,2
"7236",96,20,60,5,1,1.2388,0,35,"Subject_39","1",100,2
"7237",97,20,5,1.1,0,0.8457,1,35,"Subject_39","1",22,2
"7238",98,20,3,2.5,1,2.0293,1,35,"Subject_39","1",50,2
"7239",99,100,14,1.1,0,0.8614,0,35,"Subject_39","1",110,1
"7240",100,100,3,13,1,1.0766,1,35,"Subject_39","1",1300,1
"7241",101,20,60,1.01,0,1.0206,0,35,"Subject_39","1",20.2,2
"7242",102,20,14,1.2,0,1.1547,1,35,"Subject_39","1",24,2
"7243",103,100,60,13,1,0.9569,1,35,"Subject_39","1",1300,1
"7244",104,20,8,3,1,1.8301,1,35,"Subject_39","1",60,2
"7245",105,100,14,1.01,0,1.4488,1,35,"Subject_39","1",101,1
"7246",106,100,8,1.02,0,4.0012,0,35,"Subject_39","1",102,1
"7247",107,100,30,1.02,0,2.818,0,35,"Subject_39","1",102,1
"7248",108,100,1,4,1,1.3519,1,35,"Subject_39","1",400,1
"7249",109,100,1,1.05,0,1.3093,1,35,"Subject_39","1",105,1
"7250",110,20,14,4,1,1.761,1,35,"Subject_39","1",80,2
"7251",111,20,14,10,1,1.8536,1,35,"Subject_39","1",200,2
"7252",112,20,8,13,1,1.0948,0,35,"Subject_39","1",260,2
"7253",113,100,30,3,1,2.0895,1,35,"Subject_39","1",300,1
"7254",114,100,3,1.05,0,0.9716,0,35,"Subject_39","1",105,1
"7255",115,20,60,4,1,0.8971,1,35,"Subject_39","1",80,2
"7256",116,100,1,1.5,0,1.931,1,35,"Subject_39","1",150,1
"7257",117,20,3,1.8,1,1.8654,1,35,"Subject_39","1",36,2
"7258",118,20,30,1.02,0,2.7939,1,35,"Subject_39","1",20.4,2
"7259",119,100,30,7,1,0.7889,0,35,"Subject_39","1",700,1
"7260",120,100,14,1.8,1,0.8311,0,35,"Subject_39","1",180,1
"7261",121,20,3,1.1,0,1.5009,1,35,"Subject_39","1",22,2
"7262",122,100,60,4,1,0.772,0,35,"Subject_39","1",400,1
"7263",123,100,5,4,1,1.1273,0,35,"Subject_39","1",400,1
"7264",124,20,60,1.8,1,2.2939,1,35,"Subject_39","1",36,2
"7265",125,20,5,3,1,0.7866,1,35,"Subject_39","1",60,2
"7266",126,100,8,1.2,0,0.7306,0,35,"Subject_39","1",120,1
"7267",127,20,1,1.2,1,1.2053,0,35,"Subject_39","1",24,2
"7268",128,100,60,1.01,0,3.6595,0,35,"Subject_39","1",101,1
"7269",129,20,5,1.05,0,1.559,1,35,"Subject_39","1",21,2
"7270",130,20,1,1.05,0,1.7434,0,35,"Subject_39","1",21,2
"7271",131,20,30,1.01,0,2.4165,0,35,"Subject_39","1",20.2,2
"7272",132,20,8,1.8,1,1.3807,1,35,"Subject_39","1",36,2
"7273",133,100,5,1.5,1,0.7951,0,35,"Subject_39","1",150,1
"7274",134,100,5,10,1,0.6697,0,35,"Subject_39","1",1000,1
"7275",135,20,30,1.2,0,1.363,0,35,"Subject_39","1",24,2
"7276",136,100,30,10,1,1.1786,0,35,"Subject_39","1",1000,1
"7277",137,100,60,1.02,0,2.2513,0,35,"Subject_39","1",102,1
"7278",138,20,60,1.1,0,1.0067,0,35,"Subject_39","1",22,2
"7279",139,20,30,1.05,0,0.9833,0,35,"Subject_39","1",21,2
"7280",140,100,5,1.1,0,2.1356,0,35,"Subject_39","1",110,1
"7281",141,20,5,2,1,1.033,0,35,"Subject_39","1",40,2
"7282",142,100,14,4,1,0.7072,0,35,"Subject_39","1",400,1
"7283",143,100,14,3,1,0.7783,1,35,"Subject_39","1",300,1
"7284",144,100,8,10,1,0.8449,0,35,"Subject_39","1",1000,1
"7285",145,20,30,1.8,1,0.8737,1,35,"Subject_39","1",36,2
"7286",146,20,30,5,1,0.7255,0,35,"Subject_39","1",100,2
"7287",147,20,3,7,1,0.8253,1,35,"Subject_39","1",140,2
"7288",148,100,60,1.1,0,1.6595,0,35,"Subject_39","1",110,1
"7289",149,100,1,5,1,1.0425,1,35,"Subject_39","1",500,1
"7290",150,100,60,1.5,1,1.5701,1,35,"Subject_39","1",150,1
"7291",151,100,14,2.5,1,0.8132,0,35,"Subject_39","1",250,1
"7292",152,100,3,1.02,0,0.9796,1,35,"Subject_39","1",102,1
"7293",153,100,8,4,1,0.5497,1,35,"Subject_39","1",400,1
"7294",154,20,30,3,1,0.6418,0,35,"Subject_39","1",60,2
"7295",155,20,8,1.01,0,0.8137,1,35,"Subject_39","1",20.2,2
"7296",156,20,14,2.5,1,1.0078,0,35,"Subject_39","1",50,2
"7297",157,100,5,7,1,0.9125,1,35,"Subject_39","1",700,1
"7298",158,100,60,7,1,0.6531,1,35,"Subject_39","1",700,1
"7299",159,100,30,4,1,0.7742,1,35,"Subject_39","1",400,1
"7300",160,20,60,1.2,0,0.9601,1,35,"Subject_39","1",24,2
"7301",161,20,3,1.5,1,1.6669,1,35,"Subject_39","1",30,2
"7302",162,100,3,5,1,1.0759,0,35,"Subject_39","1",500,1
"7303",163,20,60,3,1,0.664,1,35,"Subject_39","1",60,2
"7304",164,100,30,2,1,0.574,0,35,"Subject_39","1",200,1
"7305",165,100,8,5,1,0.8557,0,35,"Subject_39","1",500,1
"7306",166,100,3,1.01,0,1.0751,1,35,"Subject_39","1",101,1
"7307",167,100,30,1.05,0,2.2732,0,35,"Subject_39","1",105,1
"7308",168,20,30,1.1,0,1.0701,0,35,"Subject_39","1",22,2
"7309",169,100,14,1.05,0,0.8528,0,35,"Subject_39","1",105,1
"7310",170,20,60,2,1,1.6154,0,35,"Subject_39","1",40,2
"7311",171,20,3,1.02,0,1.145,0,35,"Subject_39","1",20.4,2
"7312",172,100,3,10,1,1.1806,1,35,"Subject_39","1",1000,1
"7313",173,20,60,10,1,1.1408,1,35,"Subject_39","1",200,2
"7314",174,20,14,7,1,0.8577,0,35,"Subject_39","1",140,2
"7315",175,20,5,1.01,0,1.3411,1,35,"Subject_39","1",20.2,2
"7316",176,100,1,13,1,0.6655,0,35,"Subject_39","1",1300,1
"7317",177,100,14,10,1,0.67,0,35,"Subject_39","1",1000,1
"7318",178,20,1,10,1,0.918,0,35,"Subject_39","1",200,2
"7319",179,20,3,10,1,0.6601,0,35,"Subject_39","1",200,2
"7320",180,20,1,7,1,0.8634,0,35,"Subject_39","1",140,2
"7321",181,100,60,2,1,0.7983,1,35,"Subject_39","1",200,1
"7322",182,100,3,1.1,0,1.0008,0,35,"Subject_39","1",110,1
"7323",183,100,8,1.5,1,1.3783,0,35,"Subject_39","1",150,1
"7324",184,20,1,2,1,0.8704,1,35,"Subject_39","1",40,2
"7325",185,20,1,13,1,0.8037,0,35,"Subject_39","1",260,2
"7326",186,20,8,10,1,0.7237,1,35,"Subject_39","1",200,2
"7327",187,20,30,2,1,0.8343,0,35,"Subject_39","1",40,2
"7328",188,20,1,1.01,0,1.041,1,35,"Subject_39","1",20.2,2
"7329",189,20,5,1.2,1,1.5613,1,35,"Subject_39","1",24,2
"7330",190,100,14,1.2,1,1.257,1,35,"Subject_39","1",120,1
"7331",191,100,8,7,1,1.2311,0,35,"Subject_39","1",700,1
"7332",192,100,30,5,1,0.7524,0,35,"Subject_39","1",500,1
"7333",193,20,1,1.02,0,1.0585,1,35,"Subject_39","1",20.4,2
"7334",194,100,3,2.5,1,0.942,0,35,"Subject_39","1",250,1
"7335",195,20,3,1.01,0,1.0318,0,35,"Subject_39","1",20.2,2
"7336",196,100,60,1.8,1,0.9128,1,35,"Subject_39","1",180,1
"7337",197,20,30,2.5,1,0.9314,0,35,"Subject_39","1",50,2
"7338",198,100,14,1.02,0,1.0461,0,35,"Subject_39","1",102,1
"7339",199,100,3,1.5,1,0.7756,1,35,"Subject_39","1",150,1
"7340",200,20,5,1.02,0,0.8876,1,35,"Subject_39","1",20.4,2
"7341",201,20,5,2.5,1,1.3877,0,35,"Subject_39","1",50,2
"7342",202,100,3,4,0,0.6782,1,35,"Subject_39","1",400,1
"7343",203,20,1,5,1,1.0227,0,35,"Subject_39","1",100,2
"7344",204,20,30,7,1,0.6638,1,35,"Subject_39","1",140,2
"7345",205,20,8,5,1,0.847,0,35,"Subject_39","1",100,2
"7346",206,20,14,5,1,0.7445,1,35,"Subject_39","1",100,2
"7347",207,20,3,3,1,0.7248,1,35,"Subject_39","1",60,2
"7348",208,100,1,10,1,0.8291,0,35,"Subject_39","1",1000,1
"7349",209,100,8,3,1,0.6188,1,35,"Subject_39","1",300,1
"7350",210,20,60,2.5,1,0.85,1,35,"Subject_39","1",50,2
"7351",1,100,1,1.1,1,2.986,0,36,"Subject_40","1",110,1
"7352",2,100,1,1.8,1,1.877,0,36,"Subject_40","1",180,1
"7353",3,100,3,1.05,1,2.2615,0,36,"Subject_40","1",105,1
"7354",4,20,8,1.05,1,1.7367,1,36,"Subject_40","1",21,2
"7355",5,100,30,1.05,1,2.7864,0,36,"Subject_40","1",105,1
"7356",6,100,8,1.8,1,1.6728,1,36,"Subject_40","1",180,1
"7357",7,100,1,3,1,1.6719,1,36,"Subject_40","1",300,1
"7358",8,100,5,1.05,1,2.5186,1,36,"Subject_40","1",105,1
"7359",9,20,3,7,1,2.4259,1,36,"Subject_40","1",140,2
"7360",10,20,60,3,1,2.7213,0,36,"Subject_40","1",60,2
"7361",11,20,60,1.05,1,2.2522,0,36,"Subject_40","1",21,2
"7362",12,100,60,2.5,1,2.5917,1,36,"Subject_40","1",250,1
"7363",13,100,60,4,1,1.4512,0,36,"Subject_40","1",400,1
"7364",14,100,3,13,1,1.1727,1,36,"Subject_40","1",1300,1
"7365",15,20,1,10,1,1.54,0,36,"Subject_40","1",200,2
"7366",16,20,1,4,1,1.1934,0,36,"Subject_40","1",80,2
"7367",17,20,60,1.01,0,1.8398,0,36,"Subject_40","1",20.2,2
"7368",18,20,3,1.05,1,1.9913,1,36,"Subject_40","1",21,2
"7369",19,20,8,1.02,0,2.2293,0,36,"Subject_40","1",20.4,2
"7370",20,100,3,1.02,1,2.9505,0,36,"Subject_40","1",102,1
"7371",21,20,3,1.02,0,1.6169,1,36,"Subject_40","1",20.4,2
"7372",22,100,3,2,1,1.5605,0,36,"Subject_40","1",200,1
"7373",23,20,30,1.02,0,2.8928,0,36,"Subject_40","1",20.4,2
"7374",24,100,8,2.5,1,1.0545,1,36,"Subject_40","1",250,1
"7375",25,20,3,1.8,1,1.7595,0,36,"Subject_40","1",36,2
"7376",26,20,14,3,1,1.0014,1,36,"Subject_40","1",60,2
"7377",27,100,1,1.2,1,0.9634,0,36,"Subject_40","1",120,1
"7378",28,20,14,1.01,0,1.8555,0,36,"Subject_40","1",20.2,2
"7379",29,100,5,1.8,1,1.1735,0,36,"Subject_40","1",180,1
"7380",30,20,5,5,1,1.1202,1,36,"Subject_40","1",100,2
"7381",31,100,60,1.02,1,1.8944,1,36,"Subject_40","1",102,1
"7382",32,100,8,10,1,1.4669,1,36,"Subject_40","1",1000,1
"7383",33,100,1,13,1,1.3012,0,36,"Subject_40","1",1300,1
"7384",34,20,3,1.2,1,1.8587,1,36,"Subject_40","1",24,2
"7385",35,100,14,1.2,1,1.33,0,36,"Subject_40","1",120,1
"7386",36,100,3,10,1,1.2048,1,36,"Subject_40","1",1000,1
"7387",37,20,14,2.5,1,1.0555,1,36,"Subject_40","1",50,2
"7388",38,20,60,10,1,1.4397,1,36,"Subject_40","1",200,2
"7389",39,20,14,13,1,0.7768,0,36,"Subject_40","1",260,2
"7390",40,20,8,3,1,1.086,1,36,"Subject_40","1",60,2
"7391",41,20,5,1.1,1,1.1314,0,36,"Subject_40","1",22,2
"7392",42,100,30,2.5,1,0.9189,0,36,"Subject_40","1",250,1
"7393",43,20,3,1.5,1,1.3762,1,36,"Subject_40","1",30,2
"7394",44,100,3,3,1,1.1938,1,36,"Subject_40","1",300,1
"7395",45,100,30,1.2,1,1.3671,1,36,"Subject_40","1",120,1
"7396",46,20,1,1.01,0,1.2035,0,36,"Subject_40","1",20.2,2
"7397",47,20,1,3,1,0.7805,1,36,"Subject_40","1",60,2
"7398",48,20,5,1.2,1,1.1342,1,36,"Subject_40","1",24,2
"7399",49,20,5,1.01,0,3.3249,1,36,"Subject_40","1",20.2,2
"7400",50,100,14,1.5,1,1.3048,1,36,"Subject_40","1",150,1
"7401",51,20,5,1.8,1,0.703,0,36,"Subject_40","1",36,2
"7402",52,100,5,5,1,0.809,1,36,"Subject_40","1",500,1
"7403",53,100,3,1.2,1,0.9229,0,36,"Subject_40","1",120,1
"7404",54,20,3,2,1,0.7708,1,36,"Subject_40","1",40,2
"7405",55,20,8,5,1,0.8901,1,36,"Subject_40","1",100,2
"7406",56,100,5,7,1,0.7688,0,36,"Subject_40","1",700,1
"7407",57,100,1,1.05,1,1.7068,1,36,"Subject_40","1",105,1
"7408",58,100,8,2,1,1.017,1,36,"Subject_40","1",200,1
"7409",59,20,60,1.1,1,1.1844,1,36,"Subject_40","1",22,2
"7410",60,20,14,5,1,1.025,1,36,"Subject_40","1",100,2
"7411",61,20,14,1.1,1,1.438,1,36,"Subject_40","1",22,2
"7412",62,20,1,1.02,0,1.5488,0,36,"Subject_40","1",20.4,2
"7413",63,100,14,1.02,1,1.3438,0,36,"Subject_40","1",102,1
"7414",64,100,8,3,1,1.3033,1,36,"Subject_40","1",300,1
"7415",65,20,14,4,1,1.2542,0,36,"Subject_40","1",80,2
"7416",66,100,3,2.5,1,0.7413,0,36,"Subject_40","1",250,1
"7417",67,20,14,1.05,1,1.642,0,36,"Subject_40","1",21,2
"7418",68,20,60,5,1,1.0389,1,36,"Subject_40","1",100,2
"7419",69,20,30,2,1,0.8264,1,36,"Subject_40","1",40,2
"7420",70,20,30,10,1,0.7904,0,36,"Subject_40","1",200,2
"7421",71,100,5,1.1,1,1.2424,1,36,"Subject_40","1",110,1
"7422",72,20,30,2.5,1,0.891,0,36,"Subject_40","1",50,2
"7423",73,100,3,5,1,1.0617,1,36,"Subject_40","1",500,1
"7424",74,100,30,1.01,1,2.1405,1,36,"Subject_40","1",101,1
"7425",75,20,14,2,1,0.9685,1,36,"Subject_40","1",40,2
"7426",76,100,30,1.8,1,0.9962,0,36,"Subject_40","1",180,1
"7427",77,100,60,3,1,0.6383,1,36,"Subject_40","1",300,1
"7428",78,100,30,2,1,0.9817,0,36,"Subject_40","1",200,1
"7429",79,100,8,7,1,1.2284,1,36,"Subject_40","1",700,1
"7430",80,100,3,1.01,1,1.3411,0,36,"Subject_40","1",101,1
"7431",81,100,8,4,1,1.8109,0,36,"Subject_40","1",400,1
"7432",82,100,5,2,1,1.2137,1,36,"Subject_40","1",200,1
"7433",83,20,14,10,1,0.8973,0,36,"Subject_40","1",200,2
"7434",84,20,30,1.2,1,2.1755,0,36,"Subject_40","1",24,2
"7435",85,20,8,2.5,1,1.081,1,36,"Subject_40","1",50,2
"7436",86,100,60,5,1,0.8143,0,36,"Subject_40","1",500,1
"7437",87,100,30,1.02,1,0.7529,0,36,"Subject_40","1",102,1
"7438",88,100,5,10,1,0.9781,0,36,"Subject_40","1",1000,1
"7439",89,20,30,1.1,1,0.9795,0,36,"Subject_40","1",22,2
"7440",90,20,14,7,1,0.7996,0,36,"Subject_40","1",140,2
"7441",91,100,8,1.1,1,0.7236,1,36,"Subject_40","1",110,1
"7442",92,20,14,1.8,1,0.7688,1,36,"Subject_40","1",36,2
"7443",93,20,60,4,1,0.7277,0,36,"Subject_40","1",80,2
"7444",94,100,30,4,1,1.3367,1,36,"Subject_40","1",400,1
"7445",95,100,3,4,1,0.8989,1,36,"Subject_40","1",400,1
"7446",96,100,5,13,1,0.7743,0,36,"Subject_40","1",1300,1
"7447",97,100,1,1.5,1,0.9237,0,36,"Subject_40","1",150,1
"7448",98,20,30,4,1,0.7929,0,36,"Subject_40","1",80,2
"7449",99,20,1,5,1,0.7363,1,36,"Subject_40","1",100,2
"7450",100,100,60,1.5,1,0.8207,0,36,"Subject_40","1",150,1
"7451",101,100,14,1.01,1,1.2867,1,36,"Subject_40","1",101,1
"7452",102,100,30,3,1,0.9678,1,36,"Subject_40","1",300,1
"7453",103,100,14,4,1,0.7219,0,36,"Subject_40","1",400,1
"7454",104,100,60,2,1,0.8804,1,36,"Subject_40","1",200,1
"7455",105,20,5,2,1,1.1018,0,36,"Subject_40","1",40,2
"7456",106,100,60,1.05,1,1.7583,1,36,"Subject_40","1",105,1
"7457",107,100,8,1.2,1,0.734,0,36,"Subject_40","1",120,1
"7458",108,20,60,7,1,0.6067,1,36,"Subject_40","1",140,2
"7459",109,20,5,4,1,0.8057,0,36,"Subject_40","1",80,2
"7460",110,20,3,4,1,0.7976,0,36,"Subject_40","1",80,2
"7461",111,100,14,2,1,0.6841,1,36,"Subject_40","1",200,1
"7462",112,20,8,7,1,0.5815,0,36,"Subject_40","1",140,2
"7463",113,100,60,1.2,1,0.9428,0,36,"Subject_40","1",120,1
"7464",114,100,60,7,1,1.1739,1,36,"Subject_40","1",700,1
"7465",115,100,14,13,1,0.9041,0,36,"Subject_40","1",1300,1
"7466",116,100,1,2.5,1,0.8753,1,36,"Subject_40","1",250,1
"7467",117,20,1,1.1,1,0.9014,0,36,"Subject_40","1",22,2
"7468",118,100,5,3,1,0.9087,0,36,"Subject_40","1",300,1
"7469",119,20,3,3,0,0.6607,0,36,"Subject_40","1",60,2
"7470",120,100,30,13,1,1.1493,1,36,"Subject_40","1",1300,1
"7471",121,100,60,1.1,1,2.1586,0,36,"Subject_40","1",110,1
"7472",122,100,14,1.1,1,0.7339,1,36,"Subject_40","1",110,1
"7473",123,20,5,10,1,0.8174,1,36,"Subject_40","1",200,2
"7474",124,20,60,2,1,0.8866,0,36,"Subject_40","1",40,2
"7475",125,20,8,10,1,0.8861,0,36,"Subject_40","1",200,2
"7476",126,100,8,1.05,1,0.9182,0,36,"Subject_40","1",105,1
"7477",127,100,5,1.5,1,0.8143,0,36,"Subject_40","1",150,1
"7478",128,100,3,7,1,1.3427,0,36,"Subject_40","1",700,1
"7479",129,100,1,5,1,0.4882,1,36,"Subject_40","1",500,1
"7480",130,20,8,1.1,1,0.6154,1,36,"Subject_40","1",22,2
"7481",131,100,3,1.5,1,0.548,1,36,"Subject_40","1",150,1
"7482",132,100,8,5,1,0.6998,0,36,"Subject_40","1",500,1
"7483",133,100,1,1.01,1,1.2438,0,36,"Subject_40","1",101,1
"7484",134,20,30,7,1,1.0265,0,36,"Subject_40","1",140,2
"7485",135,20,14,1.02,1,1.4074,0,36,"Subject_40","1",20.4,2
"7486",136,100,3,1.8,1,1.2642,1,36,"Subject_40","1",180,1
"7487",137,100,14,10,1,0.8004,1,36,"Subject_40","1",1000,1
"7488",138,20,3,2.5,1,0.8993,1,36,"Subject_40","1",50,2
"7489",139,100,30,10,1,0.766,0,36,"Subject_40","1",1000,1
"7490",140,100,30,1.5,1,0.9792,1,36,"Subject_40","1",150,1
"7491",141,100,1,10,1,0.9946,0,36,"Subject_40","1",1000,1
"7492",142,100,60,1.01,1,1.1814,0,36,"Subject_40","1",101,1
"7493",143,100,60,13,1,1.1536,1,36,"Subject_40","1",1300,1
"7494",144,100,1,2,1,0.7311,1,36,"Subject_40","1",200,1
"7495",145,20,5,13,1,0.7369,1,36,"Subject_40","1",260,2
"7496",146,100,5,1.01,1,1.0122,1,36,"Subject_40","1",101,1
"7497",147,100,60,1.8,1,0.7537,1,36,"Subject_40","1",180,1
"7498",148,20,3,10,1,0.7177,1,36,"Subject_40","1",200,2
"7499",149,20,14,1.5,1,1.199,0,36,"Subject_40","1",30,2
"7500",150,20,8,13,1,0.7798,0,36,"Subject_40","1",260,2
"7501",151,20,1,2.5,1,0.7622,0,36,"Subject_40","1",50,2
"7502",152,100,8,1.01,1,0.9435,0,36,"Subject_40","1",101,1
"7503",153,20,5,1.5,1,0.9709,0,36,"Subject_40","1",30,2
"7504",154,100,1,1.02,1,0.8935,1,36,"Subject_40","1",102,1
"7505",155,20,30,5,1,1.0071,0,36,"Subject_40","1",100,2
"7506",156,20,60,1.2,1,0.9211,0,36,"Subject_40","1",24,2
"7507",157,100,8,1.02,1,0.9663,1,36,"Subject_40","1",102,1
"7508",158,20,30,13,1,0.6772,1,36,"Subject_40","1",260,2
"7509",159,20,60,1.5,1,0.6886,0,36,"Subject_40","1",30,2
"7510",160,100,1,7,1,1.0645,1,36,"Subject_40","1",700,1
"7511",161,20,8,2,1,0.7293,0,36,"Subject_40","1",40,2
"7512",162,20,5,3,1,0.8285,0,36,"Subject_40","1",60,2
"7513",163,20,3,1.1,1,0.953,0,36,"Subject_40","1",22,2
"7514",164,20,30,1.01,0,1.1407,1,36,"Subject_40","1",20.2,2
"7515",165,20,8,1.8,1,1.0047,0,36,"Subject_40","1",36,2
"7516",166,20,8,4,1,0.7448,0,36,"Subject_40","1",80,2
"7517",167,20,8,1.01,0,1.7743,1,36,"Subject_40","1",20.2,2
"7518",168,20,8,1.2,1,1.2775,0,36,"Subject_40","1",24,2
"7519",169,100,14,3,1,1.091,1,36,"Subject_40","1",300,1
"7520",170,100,5,2.5,1,1.1437,0,36,"Subject_40","1",250,1
"7521",171,100,60,10,1,1.1684,0,36,"Subject_40","1",1000,1
"7522",172,100,30,1.1,1,1.8166,0,36,"Subject_40","1",110,1
"7523",173,20,3,1.01,0,1.7019,0,36,"Subject_40","1",20.2,2
"7524",174,20,60,1.02,0,1.4423,0,36,"Subject_40","1",20.4,2
"7525",175,20,8,1.5,1,1.6251,1,36,"Subject_40","1",30,2
"7526",176,100,8,13,1,0.8562,0,36,"Subject_40","1",1300,1
"7527",177,100,14,1.05,1,1.3355,0,36,"Subject_40","1",105,1
"7528",178,20,60,1.8,1,1.4432,1,36,"Subject_40","1",36,2
"7529",179,100,5,4,1,1.2521,1,36,"Subject_40","1",400,1
"7530",180,100,14,2.5,1,0.9224,0,36,"Subject_40","1",250,1
"7531",181,100,1,4,1,0.7597,0,36,"Subject_40","1",400,1
"7532",182,100,5,1.2,1,1.0222,0,36,"Subject_40","1",120,1
"7533",183,100,5,1.02,1,1.0116,0,36,"Subject_40","1",102,1
"7534",184,20,3,5,1,1.3097,0,36,"Subject_40","1",100,2
"7535",185,20,5,1.05,1,1.4304,1,36,"Subject_40","1",21,2
"7536",186,100,30,7,1,0.6428,0,36,"Subject_40","1",700,1
"7537",187,20,30,1.5,1,0.9512,1,36,"Subject_40","1",30,2
"7538",188,20,1,13,1,0.9952,0,36,"Subject_40","1",260,2
"7539",189,100,30,5,1,0.71,0,36,"Subject_40","1",500,1
"7540",190,100,14,7,1,0.7257,0,36,"Subject_40","1",700,1
"7541",191,20,1,1.05,1,1.1477,1,36,"Subject_40","1",21,2
"7542",192,20,1,1.2,1,0.8009,0,36,"Subject_40","1",24,2
"7543",193,20,1,1.5,1,1.0584,1,36,"Subject_40","1",30,2
"7544",194,100,3,1.1,1,1.0779,1,36,"Subject_40","1",110,1
"7545",195,20,1,7,1,0.8927,0,36,"Subject_40","1",140,2
"7546",196,20,60,2.5,1,1.0207,1,36,"Subject_40","1",50,2
"7547",197,100,8,1.5,1,0.9952,1,36,"Subject_40","1",150,1
"7548",198,20,30,3,1,1.0046,0,36,"Subject_40","1",60,2
"7549",199,20,5,7,1,0.9035,0,36,"Subject_40","1",140,2
"7550",200,20,30,1.8,1,0.9893,0,36,"Subject_40","1",36,2
"7551",201,20,30,1.05,1,1.2223,0,36,"Subject_40","1",21,2
"7552",202,20,5,2.5,1,0.7265,1,36,"Subject_40","1",50,2
"7553",203,20,1,2,1,1.0825,1,36,"Subject_40","1",40,2
"7554",204,20,5,1.02,0,1.0095,0,36,"Subject_40","1",20.4,2
"7555",205,20,14,1.2,1,1.5629,1,36,"Subject_40","1",24,2
"7556",206,20,3,13,1,1.0092,1,36,"Subject_40","1",260,2
"7557",207,20,60,13,1,0.7433,1,36,"Subject_40","1",260,2
"7558",208,100,14,1.8,1,1.1651,1,36,"Subject_40","1",180,1
"7559",209,100,14,5,1,0.8346,1,36,"Subject_40","1",500,1
"7560",210,20,1,1.8,1,1.0903,1,36,"Subject_40","1",36,2
"7561",1,100,1,1.02,0,2.4029,0,37,"Subject_41","1",102,1
"7562",2,100,3,4,1,2.3864,0,37,"Subject_41","1",400,1
"7563",3,100,8,4,1,1.5445,0,37,"Subject_41","1",400,1
"7564",4,20,14,1.1,1,1.7723,0,37,"Subject_41","1",22,2
"7565",5,20,8,1.5,1,2.0379,1,37,"Subject_41","1",30,2
"7566",6,100,14,1.8,1,2.0396,0,37,"Subject_41","1",180,1
"7567",7,20,3,10,1,1.4307,0,37,"Subject_41","1",200,2
"7568",8,100,1,5,1,1.4823,1,37,"Subject_41","1",500,1
"7569",9,20,3,1.8,1,1.7833,0,37,"Subject_41","1",36,2
"7570",10,20,1,10,1,1.5999,1,37,"Subject_41","1",200,2
"7571",11,20,30,1.02,1,1.7277,0,37,"Subject_41","1",20.4,2
"7572",12,100,5,1.1,1,1.8996,1,37,"Subject_41","1",110,1
"7573",13,100,3,1.2,1,1.666,1,37,"Subject_41","1",120,1
"7574",14,20,30,3,1,1.5384,1,37,"Subject_41","1",60,2
"7575",15,20,5,5,1,1.4425,0,37,"Subject_41","1",100,2
"7576",16,100,8,1.02,0,2.2335,0,37,"Subject_41","1",102,1
"7577",17,20,3,1.5,1,1.7975,0,37,"Subject_41","1",30,2
"7578",18,20,5,3,1,1.3373,0,37,"Subject_41","1",60,2
"7579",19,100,1,1.2,1,1.5322,1,37,"Subject_41","1",120,1
"7580",20,20,1,1.01,0,2.0133,0,37,"Subject_41","1",20.2,2
"7581",21,100,3,2.5,1,1.3705,0,37,"Subject_41","1",250,1
"7582",22,20,1,2,1,1.3542,0,37,"Subject_41","1",40,2
"7583",23,20,1,1.05,1,1.765,0,37,"Subject_41","1",21,2
"7584",24,100,1,2,1,1.6487,0,37,"Subject_41","1",200,1
"7585",25,100,3,13,1,1.7923,1,37,"Subject_41","1",1300,1
"7586",26,100,60,5,1,1.3795,1,37,"Subject_41","1",500,1
"7587",27,20,60,1.2,0,1.9869,0,37,"Subject_41","1",24,2
"7588",28,20,1,5,1,1.1593,1,37,"Subject_41","1",100,2
"7589",29,100,30,1.05,1,2.3949,0,37,"Subject_41","1",105,1
"7590",30,20,5,2,1,1.3256,0,37,"Subject_41","1",40,2
"7591",31,100,60,1.8,1,1.4952,0,37,"Subject_41","1",180,1
"7592",32,20,1,1.2,1,1.9326,1,37,"Subject_41","1",24,2
"7593",33,20,8,10,1,1.2459,0,37,"Subject_41","1",200,2
"7594",34,20,60,10,1,1.0927,0,37,"Subject_41","1",200,2
"7595",35,20,3,5,1,1.2236,1,37,"Subject_41","1",100,2
"7596",36,100,1,7,1,0.923,0,37,"Subject_41","1",700,1
"7597",37,100,5,1.05,1,1.063,0,37,"Subject_41","1",105,1
"7598",38,20,1,1.8,1,1.5251,0,37,"Subject_41","1",36,2
"7599",39,20,14,2,1,1.7761,0,37,"Subject_41","1",40,2
"7600",40,20,1,1.02,0,1.68,0,37,"Subject_41","1",20.4,2
"7601",41,20,14,1.8,1,1.1744,0,37,"Subject_41","1",36,2
"7602",42,100,60,1.05,1,1.094,0,37,"Subject_41","1",105,1
"7603",43,100,8,2.5,1,1.402,1,37,"Subject_41","1",250,1
"7604",44,20,3,1.1,1,1.7302,1,37,"Subject_41","1",22,2
"7605",45,100,60,1.2,1,0.922,0,37,"Subject_41","1",120,1
"7606",46,100,5,10,1,1.2306,1,37,"Subject_41","1",1000,1
"7607",47,20,1,7,1,1.1373,0,37,"Subject_41","1",140,2
"7608",48,100,3,2,1,0.9489,0,37,"Subject_41","1",200,1
"7609",49,100,5,1.8,1,1.0249,0,37,"Subject_41","1",180,1
"7610",50,20,5,1.02,0,1.5042,0,37,"Subject_41","1",20.4,2
"7611",51,20,14,1.02,0,1.5856,0,37,"Subject_41","1",20.4,2
"7612",52,100,14,1.2,1,1.684,1,37,"Subject_41","1",120,1
"7613",53,20,14,3,1,1.2153,0,37,"Subject_41","1",60,2
"7614",54,100,8,3,1,1.0999,1,37,"Subject_41","1",300,1
"7615",55,20,5,1.2,1,1.6639,0,37,"Subject_41","1",24,2
"7616",56,100,30,1.02,0,1.9617,0,37,"Subject_41","1",102,1
"7617",57,100,1,1.5,1,1.2853,1,37,"Subject_41","1",150,1
"7618",58,20,1,1.5,1,1.2483,1,37,"Subject_41","1",30,2
"7619",59,100,60,7,1,1.6771,0,37,"Subject_41","1",700,1
"7620",60,100,14,1.02,0,1.5476,0,37,"Subject_41","1",102,1
"7621",61,20,1,3,1,1.2195,1,37,"Subject_41","1",60,2
"7622",62,20,30,1.01,0,1.7002,0,37,"Subject_41","1",20.2,2
"7623",63,20,3,13,1,1.3858,1,37,"Subject_41","1",260,2
"7624",64,100,8,1.1,1,1.8442,1,37,"Subject_41","1",110,1
"7625",65,100,1,4,1,1.0659,0,37,"Subject_41","1",400,1
"7626",66,20,14,4,1,1.1519,1,37,"Subject_41","1",80,2
"7627",67,20,30,13,1,1.754,1,37,"Subject_41","1",260,2
"7628",68,100,30,13,1,0.8691,1,37,"Subject_41","1",1300,1
"7629",69,100,3,1.02,0,2.2691,1,37,"Subject_41","1",102,1
"7630",70,20,30,1.5,0,2.7772,0,37,"Subject_41","1",30,2
"7631",71,100,5,1.02,1,1.8907,1,37,"Subject_41","1",102,1
"7632",72,100,5,2,1,1.3687,0,37,"Subject_41","1",200,1
"7633",73,100,60,1.1,0,2.3462,0,37,"Subject_41","1",110,1
"7634",74,100,3,1.01,1,1.263,0,37,"Subject_41","1",101,1
"7635",75,100,8,13,1,1.1931,1,37,"Subject_41","1",1300,1
"7636",76,100,8,2,1,1.1004,1,37,"Subject_41","1",200,1
"7637",77,100,1,1.01,1,2.152,0,37,"Subject_41","1",101,1
"7638",78,100,14,1.01,0,1.4433,0,37,"Subject_41","1",101,1
"7639",79,20,8,4,1,1.0002,1,37,"Subject_41","1",80,2
"7640",80,20,30,1.05,0,2.9756,0,37,"Subject_41","1",21,2
"7641",81,20,5,10,1,1.1627,1,37,"Subject_41","1",200,2
"7642",82,20,1,1.1,1,2.2387,0,37,"Subject_41","1",22,2
"7643",83,100,3,1.1,1,1.9568,1,37,"Subject_41","1",110,1
"7644",84,100,30,7,1,1.0445,0,37,"Subject_41","1",700,1
"7645",85,20,1,4,1,1.0691,1,37,"Subject_41","1",80,2
"7646",86,100,5,1.2,1,1.074,0,37,"Subject_41","1",120,1
"7647",87,100,8,1.8,1,1.0553,1,37,"Subject_41","1",180,1
"7648",88,20,30,5,1,1.5279,1,37,"Subject_41","1",100,2
"7649",89,100,30,1.5,1,1.2868,1,37,"Subject_41","1",150,1
"7650",90,20,8,1.01,0,1.7204,0,37,"Subject_41","1",20.2,2
"7651",91,20,8,13,1,1.3009,1,37,"Subject_41","1",260,2
"7652",92,20,8,1.05,0,1.767,0,37,"Subject_41","1",21,2
"7653",93,20,5,1.8,1,1.2421,0,37,"Subject_41","1",36,2
"7654",94,20,14,5,1,1.2056,1,37,"Subject_41","1",100,2
"7655",95,100,60,10,1,1.0051,0,37,"Subject_41","1",1000,1
"7656",96,100,1,2.5,1,3.1906,0,37,"Subject_41","1",250,1
"7657",97,100,5,2.5,1,1.37,1,37,"Subject_41","1",250,1
"7658",98,20,14,2.5,1,2.455,1,37,"Subject_41","1",50,2
"7659",99,20,5,1.1,0,2.2762,0,37,"Subject_41","1",22,2
"7660",100,100,14,7,1,1.3662,1,37,"Subject_41","1",700,1
"7661",101,20,60,1.1,0,1.8759,0,37,"Subject_41","1",22,2
"7662",102,100,60,3,1,1.4018,1,37,"Subject_41","1",300,1
"7663",103,20,60,4,1,1.3947,1,37,"Subject_41","1",80,2
"7664",104,100,30,1.1,0,2.1442,0,37,"Subject_41","1",110,1
"7665",105,100,30,3,1,2.6063,0,37,"Subject_41","1",300,1
"7666",106,20,5,1.5,1,2.0548,0,37,"Subject_41","1",30,2
"7667",107,100,3,7,1,1.2694,1,37,"Subject_41","1",700,1
"7668",108,100,14,2.5,1,1.3326,0,37,"Subject_41","1",250,1
"7669",109,20,8,5,1,1.4263,0,37,"Subject_41","1",100,2
"7670",110,100,3,10,1,1.1752,1,37,"Subject_41","1",1000,1
"7671",111,20,14,1.5,1,3.0009,1,37,"Subject_41","1",30,2
"7672",112,20,14,7,1,1.5101,0,37,"Subject_41","1",140,2
"7673",113,20,3,4,1,1.0471,0,37,"Subject_41","1",80,2
"7674",114,20,30,10,1,1.1177,0,37,"Subject_41","1",200,2
"7675",115,20,3,2.5,1,1.6004,1,37,"Subject_41","1",50,2
"7676",116,20,8,2,1,2.1093,1,37,"Subject_41","1",40,2
"7677",117,20,8,3,1,1.1605,1,37,"Subject_41","1",60,2
"7678",118,20,60,1.01,0,1.8807,0,37,"Subject_41","1",20.2,2
"7679",119,20,1,2.5,1,1.2864,0,37,"Subject_41","1",50,2
"7680",120,100,60,1.01,0,1.6201,0,37,"Subject_41","1",101,1
"7681",121,100,3,1.05,1,1.8289,0,37,"Subject_41","1",105,1
"7682",122,20,60,2.5,1,1.2475,0,37,"Subject_41","1",50,2
"7683",123,100,60,2.5,1,1.9417,1,37,"Subject_41","1",250,1
"7684",124,20,5,1.01,0,1.9062,1,37,"Subject_41","1",20.2,2
"7685",125,20,8,2.5,1,1.0707,0,37,"Subject_41","1",50,2
"7686",126,100,30,2,1,1.7494,1,37,"Subject_41","1",200,1
"7687",127,20,5,7,1,1.6509,1,37,"Subject_41","1",140,2
"7688",128,100,30,2.5,1,1.5547,0,37,"Subject_41","1",250,1
"7689",129,100,14,4,1,1.5865,1,37,"Subject_41","1",400,1
"7690",130,100,3,5,1,1.534,0,37,"Subject_41","1",500,1
"7691",131,100,30,1.2,1,1.4444,1,37,"Subject_41","1",120,1
"7692",132,100,30,1.8,1,1.0634,0,37,"Subject_41","1",180,1
"7693",133,100,1,1.05,1,1.4869,1,37,"Subject_41","1",105,1
"7694",134,100,3,1.8,1,1.0184,0,37,"Subject_41","1",180,1
"7695",135,20,60,5,1,1.2919,1,37,"Subject_41","1",100,2
"7696",136,100,8,7,1,1.2194,1,37,"Subject_41","1",700,1
"7697",137,20,60,3,1,1.6835,0,37,"Subject_41","1",60,2
"7698",138,20,8,1.8,1,1.2292,0,37,"Subject_41","1",36,2
"7699",139,100,14,1.5,1,1.1688,1,37,"Subject_41","1",150,1
"7700",140,100,14,1.1,1,1.7202,0,37,"Subject_41","1",110,1
"7701",141,100,60,1.02,0,2.0007,1,37,"Subject_41","1",102,1
"7702",142,100,14,13,1,1.63,1,37,"Subject_41","1",1300,1
"7703",143,100,5,1.01,0,2.2002,0,37,"Subject_41","1",101,1
"7704",144,100,8,1.01,0,1.509,1,37,"Subject_41","1",101,1
"7705",145,20,5,1.05,0,2.3911,1,37,"Subject_41","1",21,2
"7706",146,20,14,1.01,0,1.9448,1,37,"Subject_41","1",20.2,2
"7707",147,100,60,13,1,1.308,1,37,"Subject_41","1",1300,1
"7708",148,100,30,4,1,1.4096,1,37,"Subject_41","1",400,1
"7709",149,20,14,1.05,0,2.6698,1,37,"Subject_41","1",21,2
"7710",150,100,8,1.2,1,1.6226,1,37,"Subject_41","1",120,1
"7711",151,100,8,1.5,1,1.5926,1,37,"Subject_41","1",150,1
"7712",152,100,30,10,1,1.7129,0,37,"Subject_41","1",1000,1
"7713",153,100,1,13,1,1.2525,1,37,"Subject_41","1",1300,1
"7714",154,100,8,1.05,0,2.0669,1,37,"Subject_41","1",105,1
"7715",155,100,8,5,1,1.3249,1,37,"Subject_41","1",500,1
"7716",156,100,5,13,1,1.1102,1,37,"Subject_41","1",1300,1
"7717",157,20,3,1.05,0,1.8918,0,37,"Subject_41","1",21,2
"7718",158,100,60,2,1,1.3194,0,37,"Subject_41","1",200,1
"7719",159,100,14,3,1,1.2216,1,37,"Subject_41","1",300,1
"7720",160,20,60,1.5,1,1.971,1,37,"Subject_41","1",30,2
"7721",161,100,5,4,1,1.5304,0,37,"Subject_41","1",400,1
"7722",162,20,60,7,1,1.1286,1,37,"Subject_41","1",140,2
"7723",163,20,30,4,1,1.617,1,37,"Subject_41","1",80,2
"7724",164,20,60,13,1,1.4883,1,37,"Subject_41","1",260,2
"7725",165,20,8,7,1,1.1569,1,37,"Subject_41","1",140,2
"7726",166,20,14,13,1,1.125,0,37,"Subject_41","1",260,2
"7727",167,20,1,13,1,1.1705,1,37,"Subject_41","1",260,2
"7728",168,20,5,13,1,1.0471,1,37,"Subject_41","1",260,2
"7729",169,100,14,2,1,1.041,1,37,"Subject_41","1",200,1
"7730",170,100,60,4,1,1.295,1,37,"Subject_41","1",400,1
"7731",171,100,5,1.5,1,1.0827,0,37,"Subject_41","1",150,1
"7732",172,20,14,10,1,1.5387,1,37,"Subject_41","1",200,2
"7733",173,100,30,1.01,0,1.4673,1,37,"Subject_41","1",101,1
"7734",174,100,1,3,1,1.3481,1,37,"Subject_41","1",300,1
"7735",175,20,30,7,1,1.3583,0,37,"Subject_41","1",140,2
"7736",176,20,5,4,1,1.3813,0,37,"Subject_41","1",80,2
"7737",177,20,60,1.8,1,1.4756,0,37,"Subject_41","1",36,2
"7738",178,20,30,1.2,0,2.1578,0,37,"Subject_41","1",24,2
"7739",179,20,3,1.01,0,1.8011,1,37,"Subject_41","1",20.2,2
"7740",180,20,3,7,1,1.1475,0,37,"Subject_41","1",140,2
"7741",181,20,8,1.2,1,2.5746,0,37,"Subject_41","1",24,2
"7742",182,20,30,2,1,2.2693,0,37,"Subject_41","1",40,2
"7743",183,100,1,1.1,1,1.7481,1,37,"Subject_41","1",110,1
"7744",184,20,3,1.2,1,2.0993,0,37,"Subject_41","1",24,2
"7745",185,100,14,1.05,0,2.4072,0,37,"Subject_41","1",105,1
"7746",186,100,3,3,1,1.3142,1,37,"Subject_41","1",300,1
"7747",187,20,3,1.02,0,1.6597,1,37,"Subject_41","1",20.4,2
"7748",188,100,5,3,1,1.144,1,37,"Subject_41","1",300,1
"7749",189,100,1,10,1,3.3176,0,37,"Subject_41","1",1000,1
"7750",190,100,14,5,1,2.2815,1,37,"Subject_41","1",500,1
"7751",191,20,60,1.05,0,1.4557,1,37,"Subject_41","1",21,2
"7752",192,100,60,1.5,1,2.0157,0,37,"Subject_41","1",150,1
"7753",193,20,8,1.02,0,1.0703,1,37,"Subject_41","1",20.4,2
"7754",194,20,8,1.1,0,1.7123,1,37,"Subject_41","1",22,2
"7755",195,20,3,2,1,1.0706,1,37,"Subject_41","1",40,2
"7756",196,100,5,5,1,1.0453,0,37,"Subject_41","1",500,1
"7757",197,100,8,10,1,1.4121,1,37,"Subject_41","1",1000,1
"7758",198,20,30,1.8,1,1.5518,0,37,"Subject_41","1",36,2
"7759",199,20,30,2.5,1,2.012,0,37,"Subject_41","1",50,2
"7760",200,20,14,1.2,1,2.2119,1,37,"Subject_41","1",24,2
"7761",201,100,5,7,1,1.2355,1,37,"Subject_41","1",700,1
"7762",202,20,60,2,1,1.6695,0,37,"Subject_41","1",40,2
"7763",203,100,3,1.5,1,1.8821,1,37,"Subject_41","1",150,1
"7764",204,20,3,3,1,1.0904,1,37,"Subject_41","1",60,2
"7765",205,100,1,1.8,1,1.1392,0,37,"Subject_41","1",180,1
"7766",206,20,30,1.1,0,2.3207,1,37,"Subject_41","1",22,2
"7767",207,20,5,2.5,1,0.9568,0,37,"Subject_41","1",50,2
"7768",208,100,30,5,1,1.022,1,37,"Subject_41","1",500,1
"7769",209,20,60,1.02,0,1.3901,1,37,"Subject_41","1",20.4,2
"7770",210,100,14,10,1,1.9512,0,37,"Subject_41","1",1000,1
"7771",1,20,60,13,1,3.914,0,38,"Subject_42","2",260,2
"7772",2,20,14,4,1,1.8757,1,38,"Subject_42","2",80,2
"7773",3,20,60,4,0,2.7594,1,38,"Subject_42","2",80,2
"7774",4,20,14,1.8,1,3.4685,1,38,"Subject_42","2",36,2
"7775",5,20,1,7,1,3.7631,0,38,"Subject_42","2",140,2
"7776",6,100,14,1.5,1,1.89,1,38,"Subject_42","2",150,1
"7777",7,20,60,1.2,0,1.8246,1,38,"Subject_42","2",24,2
"7778",8,100,8,7,1,1.4731,1,38,"Subject_42","2",700,1
"7779",9,20,14,1.5,0,1.5455,0,38,"Subject_42","2",30,2
"7780",10,20,5,2.5,1,1.4529,1,38,"Subject_42","2",50,2
"7781",11,100,30,1.01,0,1.7633,0,38,"Subject_42","2",101,1
"7782",12,100,14,3,1,1.2722,1,38,"Subject_42","2",300,1
"7783",13,100,8,4,1,0.9937,1,38,"Subject_42","2",400,1
"7784",14,100,60,10,1,1.4784,0,38,"Subject_42","2",1000,1
"7785",15,100,60,1.01,0,1.3914,1,38,"Subject_42","2",101,1
"7786",16,20,60,3,0,3.121,1,38,"Subject_42","2",60,2
"7787",17,20,5,3,1,1.6693,1,38,"Subject_42","2",60,2
"7788",18,20,5,1.2,0,1.6045,0,38,"Subject_42","2",24,2
"7789",19,20,8,1.5,0,2.4877,1,38,"Subject_42","2",30,2
"7790",20,20,14,2,1,1.8143,1,38,"Subject_42","2",40,2
"7791",21,20,3,1.05,0,1.3002,1,38,"Subject_42","2",21,2
"7792",22,100,8,2,1,1.1038,1,38,"Subject_42","2",200,1
"7793",23,100,30,1.05,0,1.419,0,38,"Subject_42","2",105,1
"7794",24,100,30,1.8,1,1.7648,1,38,"Subject_42","2",180,1
"7795",25,100,1,7,1,0.935,1,38,"Subject_42","2",700,1
"7796",26,100,60,7,1,1.3803,0,38,"Subject_42","2",700,1
"7797",27,20,8,1.05,0,1.3093,1,38,"Subject_42","2",21,2
"7798",28,20,30,4,1,1.5368,0,38,"Subject_42","2",80,2
"7799",29,100,5,13,1,1.0227,1,38,"Subject_42","2",1300,1
"7800",30,20,3,2,1,1.2218,0,38,"Subject_42","2",40,2
"7801",31,20,1,1.01,0,1.7009,0,38,"Subject_42","2",20.2,2
"7802",32,100,3,2.5,1,1.0645,1,38,"Subject_42","2",250,1
"7803",33,20,1,1.1,1,1.5235,1,38,"Subject_42","2",22,2
"7804",34,20,8,1.01,0,1.3518,0,38,"Subject_42","2",20.2,2
"7805",35,100,60,3,1,1.3201,0,38,"Subject_42","2",300,1
"7806",36,100,3,1.01,0,1.2085,0,38,"Subject_42","2",101,1
"7807",37,100,3,7,1,1.0746,1,38,"Subject_42","2",700,1
"7808",38,20,14,1.2,0,1.2721,1,38,"Subject_42","2",24,2
"7809",39,100,30,1.02,0,1.636,1,38,"Subject_42","2",102,1
"7810",40,100,14,2,1,0.9137,0,38,"Subject_42","2",200,1
"7811",41,20,3,1.1,0,1.0531,1,38,"Subject_42","2",22,2
"7812",42,100,5,1.01,0,1.1328,0,38,"Subject_42","2",101,1
"7813",43,20,14,1.05,0,0.9918,1,38,"Subject_42","2",21,2
"7814",44,100,1,1.5,1,0.949,0,38,"Subject_42","2",150,1
"7815",45,20,5,7,1,0.7737,0,38,"Subject_42","2",140,2
"7816",46,100,8,13,1,0.9358,0,38,"Subject_42","2",1300,1
"7817",47,20,1,10,1,0.6751,0,38,"Subject_42","2",200,2
"7818",48,20,8,7,1,0.7044,0,38,"Subject_42","2",140,2
"7819",49,20,5,2,1,1.0943,0,38,"Subject_42","2",40,2
"7820",50,100,30,13,1,0.8271,1,38,"Subject_42","2",1300,1
"7821",51,20,1,4,1,0.9971,1,38,"Subject_42","2",80,2
"7822",52,20,14,13,1,0.6078,1,38,"Subject_42","2",260,2
"7823",53,20,30,1.01,0,1.0824,1,38,"Subject_42","2",20.2,2
"7824",54,100,8,1.01,0,0.9598,1,38,"Subject_42","2",101,1
"7825",55,100,5,7,1,0.8671,1,38,"Subject_42","2",700,1
"7826",56,20,3,5,1,0.7144,1,38,"Subject_42","2",100,2
"7827",57,100,1,10,1,0.7417,1,38,"Subject_42","2",1000,1
"7828",58,100,5,2.5,1,0.9002,0,38,"Subject_42","2",250,1
"7829",59,20,60,1.05,0,0.8265,1,38,"Subject_42","2",21,2
"7830",60,20,8,1.8,1,0.7248,1,38,"Subject_42","2",36,2
"7831",61,20,14,2.5,1,2.2801,0,38,"Subject_42","2",50,2
"7832",62,20,30,1.05,0,0.7914,1,38,"Subject_42","2",21,2
"7833",63,100,1,1.1,1,1.5481,0,38,"Subject_42","2",110,1
"7834",64,100,60,13,1,0.6999,0,38,"Subject_42","2",1300,1
"7835",65,20,60,1.5,0,1.717,1,38,"Subject_42","2",30,2
"7836",66,20,3,2.5,1,1.0288,1,38,"Subject_42","2",50,2
"7837",67,100,60,1.1,0,1.181,0,38,"Subject_42","2",110,1
"7838",68,20,3,3,1,1.6396,1,38,"Subject_42","2",60,2
"7839",69,20,30,1.02,0,1.0293,1,38,"Subject_42","2",20.4,2
"7840",70,20,3,1.2,0,1.7261,1,38,"Subject_42","2",24,2
"7841",71,20,8,2.5,1,1.5771,1,38,"Subject_42","2",50,2
"7842",72,100,5,1.8,1,1.5883,0,38,"Subject_42","2",180,1
"7843",73,100,60,2,1,0.8039,1,38,"Subject_42","2",200,1
"7844",74,100,3,2,1,1.6111,0,38,"Subject_42","2",200,1
"7845",75,100,14,1.01,0,0.8436,1,38,"Subject_42","2",101,1
"7846",76,100,1,5,1,1.1177,1,38,"Subject_42","2",500,1
"7847",77,20,5,13,1,1.1207,0,38,"Subject_42","2",260,2
"7848",78,100,14,1.02,1,0.7074,1,38,"Subject_42","2",102,1
"7849",79,20,3,13,1,1.3078,1,38,"Subject_42","2",260,2
"7850",80,20,3,1.5,0,2.6368,1,38,"Subject_42","2",30,2
"7851",81,20,30,10,1,1.3964,1,38,"Subject_42","2",200,2
"7852",82,20,5,1.8,1,1.6227,1,38,"Subject_42","2",36,2
"7853",83,20,8,2,1,1.6024,0,38,"Subject_42","2",40,2
"7854",84,20,14,1.01,0,1.122,1,38,"Subject_42","2",20.2,2
"7855",85,20,1,5,1,0.8636,1,38,"Subject_42","2",100,2
"7856",86,100,60,5,1,1.1129,0,38,"Subject_42","2",500,1
"7857",87,100,8,5,1,1.4387,0,38,"Subject_42","2",500,1
"7858",88,100,30,5,1,1.2898,1,38,"Subject_42","2",500,1
"7859",89,100,1,1.01,1,0.9707,0,38,"Subject_42","2",101,1
"7860",90,100,30,2.5,1,1.6981,0,38,"Subject_42","2",250,1
"7861",91,100,30,3,1,0.8845,1,38,"Subject_42","2",300,1
"7862",92,100,30,1.1,0,1.7972,1,38,"Subject_42","2",110,1
"7863",93,100,1,2,1,1.0252,1,38,"Subject_42","2",200,1
"7864",94,100,60,1.05,0,1.1292,0,38,"Subject_42","2",105,1
"7865",95,20,5,1.5,1,1.754,1,38,"Subject_42","2",30,2
"7866",96,100,60,1.8,0,3.0517,1,38,"Subject_42","2",180,1
"7867",97,20,3,10,1,1.1181,0,38,"Subject_42","2",200,2
"7868",98,100,8,1.1,0,1.8738,0,38,"Subject_42","2",110,1
"7869",99,100,1,3,1,1.0698,1,38,"Subject_42","2",300,1
"7870",100,100,3,10,1,1.277,0,38,"Subject_42","2",1000,1
"7871",101,100,1,1.8,1,1.2106,0,38,"Subject_42","2",180,1
"7872",102,20,8,10,1,1.1868,0,38,"Subject_42","2",200,2
"7873",103,20,14,1.1,0,1.5375,0,38,"Subject_42","2",22,2
"7874",104,100,3,1.5,1,1.5426,1,38,"Subject_42","2",150,1
"7875",105,20,60,1.8,0,1.3727,0,38,"Subject_42","2",36,2
"7876",106,100,1,13,1,1.2527,0,38,"Subject_42","2",1300,1
"7877",107,100,1,1.05,0,1.4369,0,38,"Subject_42","2",105,1
"7878",108,100,14,5,1,1.3065,0,38,"Subject_42","2",500,1
"7879",109,100,14,1.05,0,1.1288,0,38,"Subject_42","2",105,1
"7880",110,100,5,5,1,0.8624,0,38,"Subject_42","2",500,1
"7881",111,100,5,1.1,0,1.863,1,38,"Subject_42","2",110,1
"7882",112,100,60,4,1,1.0815,1,38,"Subject_42","2",400,1
"7883",113,20,8,3,1,1.4869,0,38,"Subject_42","2",60,2
"7884",114,20,30,1.5,0,1.3355,0,38,"Subject_42","2",30,2
"7885",115,20,30,1.1,0,1.2689,0,38,"Subject_42","2",22,2
"7886",116,100,8,1.05,0,1.377,0,38,"Subject_42","2",105,1
"7887",117,20,30,2,0,2.0578,1,38,"Subject_42","2",40,2
"7888",118,100,60,1.2,0,1.4952,1,38,"Subject_42","2",120,1
"7889",119,20,5,5,1,1.436,1,38,"Subject_42","2",100,2
"7890",120,20,60,10,1,2.1969,0,38,"Subject_42","2",200,2
"7891",121,20,60,1.01,0,2.0334,1,38,"Subject_42","2",20.2,2
"7892",122,20,3,4,1,1.4929,1,38,"Subject_42","2",80,2
"7893",123,20,60,2,0,3.3076,1,38,"Subject_42","2",40,2
"7894",124,20,5,1.02,0,1.276,0,38,"Subject_42","2",20.4,2
"7895",125,20,5,4,1,1.4409,1,38,"Subject_42","2",80,2
"7896",126,20,8,1.2,0,1.1486,0,38,"Subject_42","2",24,2
"7897",127,100,8,1.8,1,1.4241,1,38,"Subject_42","2",180,1
"7898",128,100,30,1.2,0,1.4365,0,38,"Subject_42","2",120,1
"7899",129,20,14,7,1,1.6386,0,38,"Subject_42","2",140,2
"7900",130,100,3,3,1,0.9038,1,38,"Subject_42","2",300,1
"7901",131,100,1,2.5,1,1.4466,1,38,"Subject_42","2",250,1
"7902",132,100,14,7,1,0.8536,1,38,"Subject_42","2",700,1
"7903",133,20,30,3,0,3.4928,1,38,"Subject_42","2",60,2
"7904",134,100,1,4,1,0.8614,0,38,"Subject_42","2",400,1
"7905",135,100,3,13,1,0.732,0,38,"Subject_42","2",1300,1
"7906",136,100,30,4,1,1.8032,1,38,"Subject_42","2",400,1
"7907",137,100,8,1.5,1,1.9096,1,38,"Subject_42","2",150,1
"7908",138,20,30,2.5,0,2.0155,1,38,"Subject_42","2",50,2
"7909",139,100,3,1.8,1,2.2501,1,38,"Subject_42","2",180,1
"7910",140,100,14,10,1,1.2029,0,38,"Subject_42","2",1000,1
"7911",141,20,30,5,1,4.8243,0,38,"Subject_42","2",100,2
"7912",142,100,60,1.5,0,2.3783,0,38,"Subject_42","2",150,1
"7913",143,20,60,1.02,0,1.1644,1,38,"Subject_42","2",20.4,2
"7914",144,20,14,5,1,2.2384,0,38,"Subject_42","2",100,2
"7915",145,100,8,3,1,1.0933,1,38,"Subject_42","2",300,1
"7916",146,100,3,1.1,0,1.0872,1,38,"Subject_42","2",110,1
"7917",147,100,8,2.5,1,1.2715,1,38,"Subject_42","2",250,1
"7918",148,20,8,5,1,1.6745,0,38,"Subject_42","2",100,2
"7919",149,100,30,2,1,9.126,0,38,"Subject_42","2",200,1
"7920",150,20,3,1.01,0,1.6509,1,38,"Subject_42","2",20.2,2
"7921",151,20,14,10,1,1.7481,0,38,"Subject_42","2",200,2
"7922",152,20,14,1.02,0,2.5812,1,38,"Subject_42","2",20.4,2
"7923",153,100,30,7,1,1.2804,0,38,"Subject_42","2",700,1
"7924",154,20,3,7,1,1.3472,1,38,"Subject_42","2",140,2
"7925",155,20,1,1.5,0,1.0767,1,38,"Subject_42","2",30,2
"7926",156,100,5,1.5,1,1.4595,0,38,"Subject_42","2",150,1
"7927",157,20,60,2.5,0,1.7383,1,38,"Subject_42","2",50,2
"7928",158,20,60,5,0,3.2275,0,38,"Subject_42","2",100,2
"7929",159,20,30,1.8,0,2.4233,0,38,"Subject_42","2",36,2
"7930",160,20,5,1.05,0,1.2435,1,38,"Subject_42","2",21,2
"7931",161,100,5,4,1,1.5902,1,38,"Subject_42","2",400,1
"7932",162,100,5,3,1,1.1379,0,38,"Subject_42","2",300,1
"7933",163,20,30,7,1,3.1349,1,38,"Subject_42","2",140,2
"7934",164,100,30,1.5,1,1.6293,1,38,"Subject_42","2",150,1
"7935",165,20,8,1.02,0,1.3254,1,38,"Subject_42","2",20.4,2
"7936",166,20,30,13,1,2.0737,1,38,"Subject_42","2",260,2
"7937",167,20,1,1.05,0,1.2802,1,38,"Subject_42","2",21,2
"7938",168,20,8,13,1,1.2224,1,38,"Subject_42","2",260,2
"7939",169,100,60,1.02,0,1.2225,0,38,"Subject_42","2",102,1
"7940",170,20,60,7,0,5.592,0,38,"Subject_42","2",140,2
"7941",171,100,5,1.02,0,1.3157,0,38,"Subject_42","2",102,1
"7942",172,100,3,4,1,1.3301,1,38,"Subject_42","2",400,1
"7943",173,20,1,3,1,1.317,1,38,"Subject_42","2",60,2
"7944",174,20,1,1.02,0,0.9332,0,38,"Subject_42","2",20.4,2
"7945",175,100,8,10,1,1.2594,0,38,"Subject_42","2",1000,1
"7946",176,100,5,1.2,0,2.5561,1,38,"Subject_42","2",120,1
"7947",177,20,1,2,1,1.7438,0,38,"Subject_42","2",40,2
"7948",178,100,3,1.02,0,1.4701,1,38,"Subject_42","2",102,1
"7949",179,100,8,1.2,0,1.3942,0,38,"Subject_42","2",120,1
"7950",180,100,1,1.02,0,1.2652,0,38,"Subject_42","2",102,1
"7951",181,20,60,1.1,0,1.5192,1,38,"Subject_42","2",22,2
"7952",182,100,3,1.2,1,2.1245,1,38,"Subject_42","2",120,1
"7953",183,100,5,2,1,1.0231,1,38,"Subject_42","2",200,1
"7954",184,20,1,13,1,1.3687,1,38,"Subject_42","2",260,2
"7955",185,100,14,13,1,1.1482,0,38,"Subject_42","2",1300,1
"7956",186,100,14,1.8,1,2.119,0,38,"Subject_42","2",180,1
"7957",187,100,14,1.2,0,2.2128,1,38,"Subject_42","2",120,1
"7958",188,100,14,2.5,1,1.4329,0,38,"Subject_42","2",250,1
"7959",189,100,3,1.05,0,1.1819,1,38,"Subject_42","2",105,1
"7960",190,100,60,2.5,0,5.2906,0,38,"Subject_42","2",250,1
"7961",191,20,14,3,0,7.5162,0,38,"Subject_42","2",60,2
"7962",192,20,1,1.8,0,1.2256,0,38,"Subject_42","2",36,2
"7963",193,100,3,5,1,1.2831,0,38,"Subject_42","2",500,1
"7964",194,20,8,4,1,3.1473,1,38,"Subject_42","2",80,2
"7965",195,20,5,1.01,0,1.053,1,38,"Subject_42","2",20.2,2
"7966",196,100,5,10,1,1.3358,0,38,"Subject_42","2",1000,1
"7967",197,100,14,4,1,1.2247,1,38,"Subject_42","2",400,1
"7968",198,20,30,1.2,0,1.0729,1,38,"Subject_42","2",24,2
"7969",199,20,5,1.1,0,1.245,0,38,"Subject_42","2",22,2
"7970",200,100,30,10,1,0.8527,0,38,"Subject_42","2",1000,1
"7971",201,20,3,1.8,1,1.7879,0,38,"Subject_42","2",36,2
"7972",202,100,8,1.02,0,0.9956,1,38,"Subject_42","2",102,1
"7973",203,20,5,10,1,1.0528,0,38,"Subject_42","2",200,2
"7974",204,100,5,1.05,0,0.9837,0,38,"Subject_42","2",105,1
"7975",205,20,1,2.5,1,1.6186,1,38,"Subject_42","2",50,2
"7976",206,20,3,1.02,0,0.943,0,38,"Subject_42","2",20.4,2
"7977",207,20,8,1.1,0,2.1176,0,38,"Subject_42","2",22,2
"7978",208,20,1,1.2,0,0.9895,1,38,"Subject_42","2",24,2
"7979",209,100,14,1.1,0,1.1848,0,38,"Subject_42","2",110,1
"7980",210,100,1,1.2,1,1.1932,1,38,"Subject_42","2",120,1
"7981",1,100,8,1.5,1,1.8353,1,39,"Subject_44","2",150,1
"7982",2,100,3,1.01,0,2.7676,1,39,"Subject_44","2",101,1
"7983",3,20,14,10,1,1.507,1,39,"Subject_44","2",200,2
"7984",4,100,3,1.02,0,2.2144,1,39,"Subject_44","2",102,1
"7985",5,100,1,10,1,1.7815,0,39,"Subject_44","2",1000,1
"7986",6,20,30,1.02,0,1.9418,0,39,"Subject_44","2",20.4,2
"7987",7,100,14,1.8,1,1.1916,0,39,"Subject_44","2",180,1
"7988",8,100,8,1.05,1,1.4257,0,39,"Subject_44","2",105,1
"7989",9,20,30,4,1,1.1215,0,39,"Subject_44","2",80,2
"7990",10,20,30,1.1,0,2.0241,1,39,"Subject_44","2",22,2
"7991",11,20,8,1.5,1,0.9605,1,39,"Subject_44","2",30,2
"7992",12,20,1,4,1,0.7751,1,39,"Subject_44","2",80,2
"7993",13,100,14,1.1,1,1.4664,0,39,"Subject_44","2",110,1
"7994",14,100,30,1.02,0,1.3426,0,39,"Subject_44","2",102,1
"7995",15,20,3,1.8,1,0.9239,1,39,"Subject_44","2",36,2
"7996",16,100,5,7,1,1.5749,0,39,"Subject_44","2",700,1
"7997",17,20,60,13,1,0.9984,0,39,"Subject_44","2",260,2
"7998",18,100,1,4,1,0.9738,1,39,"Subject_44","2",400,1
"7999",19,100,60,3,1,1.1685,0,39,"Subject_44","2",300,1
"8000",20,20,3,13,1,0.6602,0,39,"Subject_44","2",260,2
"8001",21,100,14,5,1,1.02,1,39,"Subject_44","2",500,1
"8002",22,20,14,1.05,0,1.7075,0,39,"Subject_44","2",21,2
"8003",23,100,30,10,1,0.9316,1,39,"Subject_44","2",1000,1
"8004",24,20,8,1.8,1,1.2031,1,39,"Subject_44","2",36,2
"8005",25,20,8,1.01,0,1.4443,0,39,"Subject_44","2",20.2,2
"8006",26,20,60,3,1,0.8349,0,39,"Subject_44","2",60,2
"8007",27,100,3,1.05,1,1.4986,0,39,"Subject_44","2",105,1
"8008",28,20,8,3,1,1.0758,0,39,"Subject_44","2",60,2
"8009",29,20,5,1.01,0,1.5695,0,39,"Subject_44","2",20.2,2
"8010",30,20,60,1.05,1,0.9009,1,39,"Subject_44","2",21,2
"8011",31,20,5,2,1,0.7823,1,39,"Subject_44","2",40,2
"8012",32,100,8,1.02,1,0.7326,0,39,"Subject_44","2",102,1
"8013",33,20,30,3,1,0.7321,0,39,"Subject_44","2",60,2
"8014",34,100,30,5,1,0.8256,1,39,"Subject_44","2",500,1
"8015",35,20,14,1.01,0,1.2512,0,39,"Subject_44","2",20.2,2
"8016",36,20,1,1.5,1,1.1353,1,39,"Subject_44","2",30,2
"8017",37,20,5,13,1,0.6733,0,39,"Subject_44","2",260,2
"8018",38,100,5,1.2,1,1.033,1,39,"Subject_44","2",120,1
"8019",39,20,60,1.02,1,1.8344,0,39,"Subject_44","2",20.4,2
"8020",40,100,5,13,1,1.0739,0,39,"Subject_44","2",1300,1
"8021",41,100,14,2,1,0.63,0,39,"Subject_44","2",200,1
"8022",42,100,8,1.2,1,0.6327,0,39,"Subject_44","2",120,1
"8023",43,100,3,5,1,1.03,0,39,"Subject_44","2",500,1
"8024",44,100,14,1.5,1,0.7984,1,39,"Subject_44","2",150,1
"8025",45,100,5,10,1,0.8181,1,39,"Subject_44","2",1000,1
"8026",46,20,1,2.5,1,0.889,1,39,"Subject_44","2",50,2
"8027",47,100,60,2,1,0.7847,1,39,"Subject_44","2",200,1
"8028",48,100,60,1.5,1,0.7077,1,39,"Subject_44","2",150,1
"8029",49,100,1,1.01,0,1.6434,1,39,"Subject_44","2",101,1
"8030",50,100,8,4,1,0.9112,0,39,"Subject_44","2",400,1
"8031",51,100,5,1.5,1,0.9601,1,39,"Subject_44","2",150,1
"8032",52,100,1,1.02,1,1.2989,1,39,"Subject_44","2",102,1
"8033",53,20,5,1.5,1,1.2235,0,39,"Subject_44","2",30,2
"8034",54,20,60,2,1,1.2242,0,39,"Subject_44","2",40,2
"8035",55,20,1,10,1,0.8924,1,39,"Subject_44","2",200,2
"8036",56,100,30,2,1,0.6027,1,39,"Subject_44","2",200,1
"8037",57,100,3,2,1,0.7304,1,39,"Subject_44","2",200,1
"8038",58,100,1,2.5,1,0.524,1,39,"Subject_44","2",250,1
"8039",59,100,30,1.2,1,0.6277,1,39,"Subject_44","2",120,1
"8040",60,20,60,1.5,1,0.7817,1,39,"Subject_44","2",30,2
"8041",61,20,5,4,1,1.1658,0,39,"Subject_44","2",80,2
"8042",62,20,30,1.01,0,1.2072,0,39,"Subject_44","2",20.2,2
"8043",63,100,1,1.1,1,1.4531,1,39,"Subject_44","2",110,1
"8044",64,100,8,1.1,1,1.6299,0,39,"Subject_44","2",110,1
"8045",65,100,3,1.2,1,0.8016,0,39,"Subject_44","2",120,1
"8046",66,100,8,3,1,0.8216,1,39,"Subject_44","2",300,1
"8047",67,20,5,1.02,0,1.4069,0,39,"Subject_44","2",20.4,2
"8048",68,100,5,5,1,0.7264,1,39,"Subject_44","2",500,1
"8049",69,100,1,1.05,1,0.7897,0,39,"Subject_44","2",105,1
"8050",70,100,1,5,1,0.8863,1,39,"Subject_44","2",500,1
"8051",71,100,8,2,1,0.6869,1,39,"Subject_44","2",200,1
"8052",72,20,3,3,1,0.9243,0,39,"Subject_44","2",60,2
"8053",73,100,8,1.8,1,0.83,0,39,"Subject_44","2",180,1
"8054",74,100,30,2.5,1,0.7614,1,39,"Subject_44","2",250,1
"8055",75,100,14,4,1,0.8324,0,39,"Subject_44","2",400,1
"8056",76,20,5,1.1,1,0.7559,0,39,"Subject_44","2",22,2
"8057",77,100,30,1.05,1,0.9604,1,39,"Subject_44","2",105,1
"8058",78,20,3,2,1,1.2196,1,39,"Subject_44","2",40,2
"8059",79,20,60,1.8,1,0.9397,0,39,"Subject_44","2",36,2
"8060",80,100,60,1.02,1,0.8041,0,39,"Subject_44","2",102,1
"8061",81,20,3,2.5,1,0.6772,0,39,"Subject_44","2",50,2
"8062",82,100,8,7,1,0.6616,0,39,"Subject_44","2",700,1
"8063",83,100,14,13,1,0.7702,1,39,"Subject_44","2",1300,1
"8064",84,20,8,1.2,1,0.9567,1,39,"Subject_44","2",24,2
"8065",85,100,60,5,1,0.7965,1,39,"Subject_44","2",500,1
"8066",86,20,30,1.2,1,0.8603,1,39,"Subject_44","2",24,2
"8067",87,100,30,1.8,1,0.7705,1,39,"Subject_44","2",180,1
"8068",88,20,3,1.05,1,1.0284,0,39,"Subject_44","2",21,2
"8069",89,20,8,2,1,0.6855,1,39,"Subject_44","2",40,2
"8070",90,20,60,5,1,1.0675,1,39,"Subject_44","2",100,2
"8071",91,100,14,10,1,0.7314,0,39,"Subject_44","2",1000,1
"8072",92,100,8,5,1,0.566,1,39,"Subject_44","2",500,1
"8073",93,20,1,1.05,1,0.8333,1,39,"Subject_44","2",21,2
"8074",94,100,8,1.01,1,0.8544,0,39,"Subject_44","2",101,1
"8075",95,100,3,4,1,0.6716,0,39,"Subject_44","2",400,1
"8076",96,20,1,5,1,0.5391,1,39,"Subject_44","2",100,2
"8077",97,100,30,7,1,0.631,0,39,"Subject_44","2",700,1
"8078",98,20,30,1.05,1,0.9163,0,39,"Subject_44","2",21,2
"8079",99,100,60,1.2,1,0.8071,0,39,"Subject_44","2",120,1
"8080",100,20,1,1.8,1,0.7207,0,39,"Subject_44","2",36,2
"8081",101,100,3,1.1,1,0.8946,1,39,"Subject_44","2",110,1
"8082",102,20,30,7,1,1.0157,1,39,"Subject_44","2",140,2
"8083",103,20,14,1.8,1,0.8624,0,39,"Subject_44","2",36,2
"8084",104,20,3,1.5,1,1.0005,1,39,"Subject_44","2",30,2
"8085",105,20,14,2.5,1,0.5549,0,39,"Subject_44","2",50,2
"8086",106,100,30,1.5,1,0.8457,1,39,"Subject_44","2",150,1
"8087",107,20,60,4,1,0.5604,0,39,"Subject_44","2",80,2
"8088",108,100,60,1.8,1,0.4789,0,39,"Subject_44","2",180,1
"8089",109,20,8,4,1,0.757,0,39,"Subject_44","2",80,2
"8090",110,100,60,1.01,1,0.6354,1,39,"Subject_44","2",101,1
"8091",111,20,1,1.01,1,1.2437,1,39,"Subject_44","2",20.2,2
"8092",112,100,60,1.05,1,0.9066,0,39,"Subject_44","2",105,1
"8093",113,100,5,2,1,0.7305,1,39,"Subject_44","2",200,1
"8094",114,20,3,7,1,0.6392,0,39,"Subject_44","2",140,2
"8095",115,100,14,1.01,0,1.5702,0,39,"Subject_44","2",101,1
"8096",116,100,60,1.1,1,1.1519,0,39,"Subject_44","2",110,1
"8097",117,20,14,2,1,0.6022,0,39,"Subject_44","2",40,2
"8098",118,20,3,4,1,0.605,0,39,"Subject_44","2",80,2
"8099",119,100,14,7,1,0.5609,0,39,"Subject_44","2",700,1
"8100",120,100,5,3,1,0.746,0,39,"Subject_44","2",300,1
"8101",121,20,1,7,1,0.8276,1,39,"Subject_44","2",140,2
"8102",122,20,60,2.5,1,0.8255,1,39,"Subject_44","2",50,2
"8103",123,100,30,1.01,0,0.7108,0,39,"Subject_44","2",101,1
"8104",124,100,3,10,1,0.9148,1,39,"Subject_44","2",1000,1
"8105",125,20,14,3,1,0.8432,0,39,"Subject_44","2",60,2
"8106",126,20,1,3,1,0.708,0,39,"Subject_44","2",60,2
"8107",127,100,5,4,1,0.667,0,39,"Subject_44","2",400,1
"8108",128,100,60,7,1,0.9346,1,39,"Subject_44","2",700,1
"8109",129,100,60,2.5,1,1.0348,0,39,"Subject_44","2",250,1
"8110",130,100,8,2.5,1,0.6891,1,39,"Subject_44","2",250,1
"8111",131,100,30,13,1,0.6341,1,39,"Subject_44","2",1300,1
"8112",132,20,3,1.1,1,0.9589,0,39,"Subject_44","2",22,2
"8113",133,20,30,5,1,0.6843,1,39,"Subject_44","2",100,2
"8114",134,100,30,4,1,0.6756,0,39,"Subject_44","2",400,1
"8115",135,100,8,13,1,1.2074,1,39,"Subject_44","2",1300,1
"8116",136,100,1,7,1,0.8814,1,39,"Subject_44","2",700,1
"8117",137,20,14,4,1,0.7402,0,39,"Subject_44","2",80,2
"8118",138,20,8,1.1,1,0.8893,0,39,"Subject_44","2",22,2
"8119",139,20,8,13,1,0.5748,0,39,"Subject_44","2",260,2
"8120",140,20,5,1.05,1,0.5641,1,39,"Subject_44","2",21,2
"8121",141,100,5,1.02,1,0.7027,0,39,"Subject_44","2",102,1
"8122",142,100,5,1.01,1,0.8242,0,39,"Subject_44","2",101,1
"8123",143,20,30,2,1,1.0289,1,39,"Subject_44","2",40,2
"8124",144,20,3,1.01,1,1.0471,1,39,"Subject_44","2",20.2,2
"8125",145,100,1,3,1,1.0013,0,39,"Subject_44","2",300,1
"8126",146,20,5,5,1,0.8722,0,39,"Subject_44","2",100,2
"8127",147,20,60,1.01,0,1.3461,1,39,"Subject_44","2",20.2,2
"8128",148,20,60,1.2,1,1.2154,1,39,"Subject_44","2",24,2
"8129",149,100,5,1.05,1,0.8626,0,39,"Subject_44","2",105,1
"8130",150,20,8,1.02,1,1.7972,0,39,"Subject_44","2",20.4,2
"8131",151,100,1,1.5,1,0.7505,0,39,"Subject_44","2",150,1
"8132",152,20,1,2,1,0.8856,1,39,"Subject_44","2",40,2
"8133",153,100,60,4,1,0.911,0,39,"Subject_44","2",400,1
"8134",154,20,14,1.02,0,1.925,0,39,"Subject_44","2",20.4,2
"8135",155,100,3,1.8,1,0.8383,0,39,"Subject_44","2",180,1
"8136",156,20,30,13,1,0.8766,0,39,"Subject_44","2",260,2
"8137",157,20,30,2.5,1,0.7519,1,39,"Subject_44","2",50,2
"8138",158,20,14,5,1,1.1299,1,39,"Subject_44","2",100,2
"8139",159,20,1,1.02,1,0.8739,1,39,"Subject_44","2",20.4,2
"8140",160,20,5,1.2,1,0.7721,1,39,"Subject_44","2",24,2
"8141",161,100,60,13,1,1.068,0,39,"Subject_44","2",1300,1
"8142",162,100,3,1.5,1,1.1926,0,39,"Subject_44","2",150,1
"8143",163,100,5,2.5,1,1.4575,0,39,"Subject_44","2",250,1
"8144",164,20,8,2.5,1,1.0706,0,39,"Subject_44","2",50,2
"8145",165,20,3,10,1,0.8193,0,39,"Subject_44","2",200,2
"8146",166,100,1,1.2,1,1.4382,0,39,"Subject_44","2",120,1
"8147",167,100,30,1.1,1,1.1526,1,39,"Subject_44","2",110,1
"8148",168,20,14,1.2,1,0.6766,0,39,"Subject_44","2",24,2
"8149",169,100,14,1.05,1,0.7363,1,39,"Subject_44","2",105,1
"8150",170,100,1,13,1,1.1084,1,39,"Subject_44","2",1300,1
"8151",171,100,5,1.1,1,1.0294,0,39,"Subject_44","2",110,1
"8152",172,20,3,1.02,1,0.7343,0,39,"Subject_44","2",20.4,2
"8153",173,100,3,13,1,0.7674,0,39,"Subject_44","2",1300,1
"8154",174,20,5,7,1,0.8434,1,39,"Subject_44","2",140,2
"8155",175,20,30,1.8,1,0.9759,0,39,"Subject_44","2",36,2
"8156",176,20,8,7,1,0.8189,1,39,"Subject_44","2",140,2
"8157",177,100,60,10,1,0.886,0,39,"Subject_44","2",1000,1
"8158",178,20,8,5,1,1.5106,0,39,"Subject_44","2",100,2
"8159",179,100,5,1.8,1,1.5335,1,39,"Subject_44","2",180,1
"8160",180,20,1,1.2,1,0.9073,1,39,"Subject_44","2",24,2
"8161",181,20,5,1.8,1,1.0564,0,39,"Subject_44","2",36,2
"8162",182,100,14,1.2,1,0.6549,1,39,"Subject_44","2",120,1
"8163",183,100,14,2.5,1,0.5546,1,39,"Subject_44","2",250,1
"8164",184,20,5,10,1,0.7147,1,39,"Subject_44","2",200,2
"8165",185,20,8,10,1,0.4773,1,39,"Subject_44","2",200,2
"8166",186,100,14,3,1,0.8634,0,39,"Subject_44","2",300,1
"8167",187,20,60,7,1,1.0756,0,39,"Subject_44","2",140,2
"8168",188,20,14,13,1,0.4503,0,39,"Subject_44","2",260,2
"8169",189,20,3,5,1,0.5231,1,39,"Subject_44","2",100,2
"8170",190,20,60,10,1,0.7127,1,39,"Subject_44","2",200,2
"8171",191,20,5,2.5,1,0.7657,0,39,"Subject_44","2",50,2
"8172",192,20,8,1.05,1,0.7449,1,39,"Subject_44","2",21,2
"8173",193,100,30,3,1,0.7344,0,39,"Subject_44","2",300,1
"8174",194,100,3,2.5,1,0.5033,0,39,"Subject_44","2",250,1
"8175",195,20,1,13,1,0.6226,0,39,"Subject_44","2",260,2
"8176",196,20,14,7,1,0.7361,1,39,"Subject_44","2",140,2
"8177",197,20,30,10,1,0.8861,0,39,"Subject_44","2",200,2
"8178",198,20,60,1.1,1,0.8791,0,39,"Subject_44","2",22,2
"8179",199,20,3,1.2,1,0.6946,1,39,"Subject_44","2",24,2
"8180",200,100,3,3,1,0.7041,0,39,"Subject_44","2",300,1
"8181",201,20,14,1.5,1,0.7033,1,39,"Subject_44","2",30,2
"8182",202,20,1,1.1,1,0.7585,0,39,"Subject_44","2",22,2
"8183",203,20,30,1.5,1,0.9653,1,39,"Subject_44","2",30,2
"8184",204,100,3,7,0,0.7009,1,39,"Subject_44","2",700,1
"8185",205,100,14,1.02,0,0.927,1,39,"Subject_44","2",102,1
"8186",206,20,5,3,1,0.6995,1,39,"Subject_44","2",60,2
"8187",207,100,1,2,1,0.995,0,39,"Subject_44","2",200,1
"8188",208,100,1,1.8,1,0.7773,0,39,"Subject_44","2",180,1
"8189",209,20,14,1.1,1,1.0032,1,39,"Subject_44","2",22,2
"8190",210,100,8,10,1,1.0816,0,39,"Subject_44","2",1000,1
"8191",1,20,60,1.2,0,2.5334,1,40,"Subject_45","1",24,2
"8192",2,100,5,10,1,2.2716,0,40,"Subject_45","1",1000,1
"8193",3,100,8,3,1,2.0291,1,40,"Subject_45","1",300,1
"8194",4,100,8,1.05,0,1.2452,0,40,"Subject_45","1",105,1
"8195",5,20,30,13,1,1.0679,1,40,"Subject_45","1",260,2
"8196",6,100,3,13,1,1.104,1,40,"Subject_45","1",1300,1
"8197",7,20,5,3,1,1.5162,1,40,"Subject_45","1",60,2
"8198",8,100,1,1.5,1,2.2606,1,40,"Subject_45","1",150,1
"8199",9,100,1,10,1,1.515,0,40,"Subject_45","1",1000,1
"8200",10,100,14,10,1,1.3111,0,40,"Subject_45","1",1000,1
"8201",11,20,3,1.8,0,3.0087,1,40,"Subject_45","1",36,2
"8202",12,100,3,1.01,0,1.9233,1,40,"Subject_45","1",101,1
"8203",13,20,60,7,1,1.4311,0,40,"Subject_45","1",140,2
"8204",14,100,14,2.5,0,1.3758,1,40,"Subject_45","1",250,1
"8205",15,100,14,1.5,0,1.3092,0,40,"Subject_45","1",150,1
"8206",16,100,14,1.2,0,1.1165,0,40,"Subject_45","1",120,1
"8207",17,100,60,5,1,0.631,0,40,"Subject_45","1",500,1
"8208",18,100,30,1.2,0,1.4077,1,40,"Subject_45","1",120,1
"8209",19,20,5,1.05,0,1.7701,1,40,"Subject_45","1",21,2
"8210",20,20,30,7,0,3.2932,1,40,"Subject_45","1",140,2
"8211",21,20,14,1.8,0,2.7231,0,40,"Subject_45","1",36,2
"8212",22,20,1,3,1,1.2208,1,40,"Subject_45","1",60,2
"8213",23,100,8,2.5,1,1.3608,1,40,"Subject_45","1",250,1
"8214",24,20,30,5,1,0.9153,1,40,"Subject_45","1",100,2
"8215",25,100,8,1.5,0,1.5112,1,40,"Subject_45","1",150,1
"8216",26,100,8,5,1,1.614,1,40,"Subject_45","1",500,1
"8217",27,20,8,4,0,1.8062,0,40,"Subject_45","1",80,2
"8218",28,100,14,13,1,1.0978,1,40,"Subject_45","1",1300,1
"8219",29,20,60,2.5,0,1.1871,0,40,"Subject_45","1",50,2
"8220",30,20,8,5,0,2.0326,0,40,"Subject_45","1",100,2
"8221",31,100,8,10,1,1.17,0,40,"Subject_45","1",1000,1
"8222",32,20,5,10,1,0.8517,0,40,"Subject_45","1",200,2
"8223",33,20,14,13,1,1.1423,0,40,"Subject_45","1",260,2
"8224",34,100,60,3,1,1.2286,1,40,"Subject_45","1",300,1
"8225",35,100,8,2,1,1.2189,1,40,"Subject_45","1",200,1
"8226",36,100,14,1.01,0,1.2884,1,40,"Subject_45","1",101,1
"8227",37,100,60,1.8,0,1.4999,1,40,"Subject_45","1",180,1
"8228",38,20,8,13,1,2.233,0,40,"Subject_45","1",260,2
"8229",39,100,8,1.8,0,1.2458,0,40,"Subject_45","1",180,1
"8230",40,20,60,3,0,1.9848,0,40,"Subject_45","1",60,2
"8231",41,20,3,1.01,0,1.3151,1,40,"Subject_45","1",20.2,2
"8232",42,100,3,7,1,1.7186,0,40,"Subject_45","1",700,1
"8233",43,20,1,1.05,0,0.9326,1,40,"Subject_45","1",21,2
"8234",44,100,1,1.8,0,1.2112,1,40,"Subject_45","1",180,1
"8235",45,100,5,5,1,1.5056,0,40,"Subject_45","1",500,1
"8236",46,100,5,7,1,1.3012,1,40,"Subject_45","1",700,1
"8237",47,20,30,1.5,1,1.0315,0,40,"Subject_45","1",30,2
"8238",48,20,14,1.05,0,1.3629,0,40,"Subject_45","1",21,2
"8239",49,20,3,3,0,0.9319,1,40,"Subject_45","1",60,2
"8240",50,20,8,7,0,1.3326,0,40,"Subject_45","1",140,2
"8241",51,20,1,1.2,0,1.2644,0,40,"Subject_45","1",24,2
"8242",52,100,8,13,1,1.0392,1,40,"Subject_45","1",1300,1
"8243",53,20,14,5,1,1.1958,0,40,"Subject_45","1",100,2
"8244",54,100,30,1.8,0,1.9321,0,40,"Subject_45","1",180,1
"8245",55,20,60,2,0,1.5533,1,40,"Subject_45","1",40,2
"8246",56,20,3,5,1,1.3781,0,40,"Subject_45","1",100,2
"8247",57,20,3,1.05,0,1.0832,0,40,"Subject_45","1",21,2
"8248",58,20,14,2,0,1.9605,1,40,"Subject_45","1",40,2
"8249",59,20,3,10,1,1.8466,0,40,"Subject_45","1",200,2
"8250",60,100,30,2,0,1.6089,0,40,"Subject_45","1",200,1
"8251",61,100,1,13,1,1.8028,0,40,"Subject_45","1",1300,1
"8252",62,20,1,1.1,0,2.2346,1,40,"Subject_45","1",22,2
"8253",63,20,1,1.02,0,1.6987,0,40,"Subject_45","1",20.4,2
"8254",64,100,60,2.5,0,1.1886,1,40,"Subject_45","1",250,1
"8255",65,20,14,10,1,1.2236,0,40,"Subject_45","1",200,2
"8256",66,20,14,1.01,0,1.2293,1,40,"Subject_45","1",20.2,2
"8257",67,20,14,1.02,0,0.9513,1,40,"Subject_45","1",20.4,2
"8258",68,20,1,2,0,1.2953,0,40,"Subject_45","1",40,2
"8259",69,100,14,1.8,0,1.3563,0,40,"Subject_45","1",180,1
"8260",70,100,8,1.1,0,2.4284,0,40,"Subject_45","1",110,1
"8261",71,20,8,2.5,0,0.8149,0,40,"Subject_45","1",50,2
"8262",72,100,60,1.1,1,0.8988,0,40,"Subject_45","1",110,1
"8263",73,100,1,1.05,0,2.4321,0,40,"Subject_45","1",105,1
"8264",74,20,5,1.5,0,1.077,0,40,"Subject_45","1",30,2
"8265",75,20,5,1.2,0,1.8819,1,40,"Subject_45","1",24,2
"8266",76,20,5,1.02,0,0.6729,0,40,"Subject_45","1",20.4,2
"8267",77,20,5,4,0,0.8374,0,40,"Subject_45","1",80,2
"8268",78,20,1,1.5,0,1.3507,1,40,"Subject_45","1",30,2
"8269",79,20,3,1.1,0,0.6249,0,40,"Subject_45","1",22,2
"8270",80,100,3,10,1,0.8288,0,40,"Subject_45","1",1000,1
"8271",81,20,14,1.1,0,1.1117,0,40,"Subject_45","1",22,2
"8272",82,20,8,1.8,0,2.0963,1,40,"Subject_45","1",36,2
"8273",83,100,5,1.01,0,1.2158,0,40,"Subject_45","1",101,1
"8274",84,20,1,1.01,0,0.996,1,40,"Subject_45","1",20.2,2
"8275",85,100,5,1.8,1,2.5948,0,40,"Subject_45","1",180,1
"8276",86,100,5,3,0,0.8758,0,40,"Subject_45","1",300,1
"8277",87,100,30,2.5,0,1.4984,0,40,"Subject_45","1",250,1
"8278",88,100,30,4,0,1.2189,0,40,"Subject_45","1",400,1
"8279",89,100,1,3,1,0.4036,0,40,"Subject_45","1",300,1
"8280",90,20,3,2.5,0,0.9582,1,40,"Subject_45","1",50,2
"8281",91,20,14,1.5,0,0.8295,1,40,"Subject_45","1",30,2
"8282",92,100,3,2.5,0,0.9948,1,40,"Subject_45","1",250,1
"8283",93,100,8,7,0,0.5502,1,40,"Subject_45","1",700,1
"8284",94,20,3,4,0,1.2216,0,40,"Subject_45","1",80,2
"8285",95,100,30,1.5,0,0.9616,0,40,"Subject_45","1",150,1
"8286",96,20,60,1.8,0,1.0657,1,40,"Subject_45","1",36,2
"8287",97,100,60,2,0,0.8592,0,40,"Subject_45","1",200,1
"8288",98,20,60,13,0,0.6752,0,40,"Subject_45","1",260,2
"8289",99,100,14,1.02,0,1.097,0,40,"Subject_45","1",102,1
"8290",100,20,5,1.01,0,1.0231,1,40,"Subject_45","1",20.2,2
"8291",101,20,14,7,0,0.4983,0,40,"Subject_45","1",140,2
"8292",102,20,3,1.5,0,1.0402,1,40,"Subject_45","1",30,2
"8293",103,100,30,1.01,0,0.9664,1,40,"Subject_45","1",101,1
"8294",104,20,5,13,0,1.0773,1,40,"Subject_45","1",260,2
"8295",105,100,30,1.1,0,0.9252,0,40,"Subject_45","1",110,1
"8296",106,100,30,3,0,0.9835,0,40,"Subject_45","1",300,1
"8297",107,20,3,13,0,0.5826,0,40,"Subject_45","1",260,2
"8298",108,100,14,2,0,0.7282,1,40,"Subject_45","1",200,1
"8299",109,100,30,7,0,0.5484,1,40,"Subject_45","1",700,1
"8300",110,100,5,1.5,0,0.566,1,40,"Subject_45","1",150,1
"8301",111,100,14,1.1,0,0.6907,0,40,"Subject_45","1",110,1
"8302",112,20,30,1.01,0,0.7829,1,40,"Subject_45","1",20.2,2
"8303",113,20,5,1.1,0,0.9961,1,40,"Subject_45","1",22,2
"8304",114,100,8,1.2,0,0.9062,0,40,"Subject_45","1",120,1
"8305",115,100,60,1.01,0,0.9801,0,40,"Subject_45","1",101,1
"8306",116,100,14,4,0,0.6161,1,40,"Subject_45","1",400,1
"8307",117,20,30,1.05,0,0.4979,0,40,"Subject_45","1",21,2
"8308",118,20,30,2,0,0.5212,0,40,"Subject_45","1",40,2
"8309",119,100,1,1.01,0,0.9269,1,40,"Subject_45","1",101,1
"8310",120,20,5,5,0,0.5883,0,40,"Subject_45","1",100,2
"8311",121,100,14,1.05,0,0.6075,1,40,"Subject_45","1",105,1
"8312",122,100,30,1.05,0,0.55,0,40,"Subject_45","1",105,1
"8313",123,20,60,5,0,0.5665,1,40,"Subject_45","1",100,2
"8314",124,20,60,1.02,0,0.6467,0,40,"Subject_45","1",20.4,2
"8315",125,100,30,1.02,0,0.7646,0,40,"Subject_45","1",102,1
"8316",126,100,8,1.02,0,0.8973,1,40,"Subject_45","1",102,1
"8317",127,20,60,1.01,0,0.4913,0,40,"Subject_45","1",20.2,2
"8318",128,100,1,2,0,1.1288,0,40,"Subject_45","1",200,1
"8319",129,100,3,5,0,0.9917,0,40,"Subject_45","1",500,1
"8320",130,20,30,1.02,0,0.5963,0,40,"Subject_45","1",20.4,2
"8321",131,100,60,4,1,0.364,0,40,"Subject_45","1",400,1
"8322",132,20,1,4,0,0.5247,0,40,"Subject_45","1",80,2
"8323",133,100,60,1.02,0,0.5035,1,40,"Subject_45","1",102,1
"8324",134,100,3,1.05,0,0.4634,0,40,"Subject_45","1",105,1
"8325",135,100,14,5,0,0.4803,1,40,"Subject_45","1",500,1
"8326",136,20,8,1.02,0,0.6463,1,40,"Subject_45","1",20.4,2
"8327",137,100,60,7,0,0.566,1,40,"Subject_45","1",700,1
"8328",138,100,14,7,0,0.9938,0,40,"Subject_45","1",700,1
"8329",139,100,8,4,0,0.8979,1,40,"Subject_45","1",400,1
"8330",140,20,30,3,0,0.834,0,40,"Subject_45","1",60,2
"8331",141,20,8,2,0,0.7931,0,40,"Subject_45","1",40,2
"8332",142,100,1,2.5,0,1.2904,0,40,"Subject_45","1",250,1
"8333",143,20,30,2.5,0,0.7071,0,40,"Subject_45","1",50,2
"8334",144,20,1,1.8,0,0.7762,0,40,"Subject_45","1",36,2
"8335",145,100,5,1.02,0,0.8432,1,40,"Subject_45","1",102,1
"8336",146,100,30,10,0,0.5523,0,40,"Subject_45","1",1000,1
"8337",147,100,3,1.8,0,0.8847,1,40,"Subject_45","1",180,1
"8338",148,20,30,4,0,0.6508,0,40,"Subject_45","1",80,2
"8339",149,20,5,2,0,0.796,1,40,"Subject_45","1",40,2
"8340",150,20,14,2.5,0,0.7676,0,40,"Subject_45","1",50,2
"8341",151,20,14,3,0,0.552,0,40,"Subject_45","1",60,2
"8342",152,20,8,1.01,0,1.3239,1,40,"Subject_45","1",20.2,2
"8343",153,100,3,1.5,0,1.0936,0,40,"Subject_45","1",150,1
"8344",154,20,8,1.1,0,0.9103,1,40,"Subject_45","1",22,2
"8345",155,20,8,10,0,0.955,1,40,"Subject_45","1",200,2
"8346",156,20,14,4,0,0.5269,1,40,"Subject_45","1",80,2
"8347",157,20,60,4,0,0.7262,0,40,"Subject_45","1",80,2
"8348",158,100,5,4,0,0.5863,1,40,"Subject_45","1",400,1
"8349",159,100,3,1.2,0,0.9562,1,40,"Subject_45","1",120,1
"8350",160,100,60,1.05,0,0.8014,0,40,"Subject_45","1",105,1
"8351",161,20,8,1.05,0,0.5974,0,40,"Subject_45","1",21,2
"8352",162,100,30,13,0,0.5467,0,40,"Subject_45","1",1300,1
"8353",163,20,3,7,0,0.0061,0,40,"Subject_45","1",140,2
"8354",164,20,1,10,0,0.9997,1,40,"Subject_45","1",200,2
"8355",165,100,3,1.1,0,0.9269,1,40,"Subject_45","1",110,1
"8356",166,100,5,13,1,1.0024,0,40,"Subject_45","1",1300,1
"8357",167,20,60,1.1,0,0.6378,0,40,"Subject_45","1",22,2
"8358",168,20,8,3,0,0.4971,0,40,"Subject_45","1",60,2
"8359",169,100,1,4,0,0.9264,0,40,"Subject_45","1",400,1
"8360",170,100,1,1.2,0,0.8704,1,40,"Subject_45","1",120,1
"8361",171,100,3,2,0,0.5331,0,40,"Subject_45","1",200,1
"8362",172,20,8,1.5,0,0.8849,1,40,"Subject_45","1",30,2
"8363",173,20,60,1.05,0,0.5197,0,40,"Subject_45","1",21,2
"8364",174,20,1,5,0,0.9004,0,40,"Subject_45","1",100,2
"8365",175,100,5,2,0,0.6804,0,40,"Subject_45","1",200,1
"8366",176,20,30,1.8,0,0.6579,0,40,"Subject_45","1",36,2
"8367",177,100,60,1.5,0,0.6135,1,40,"Subject_45","1",150,1
"8368",178,20,14,1.2,0,0.5603,1,40,"Subject_45","1",24,2
"8369",179,100,5,1.05,0,0.6666,1,40,"Subject_45","1",105,1
"8370",180,20,5,2.5,0,0.6407,1,40,"Subject_45","1",50,2
"8371",181,100,3,1.02,0,0.9346,0,40,"Subject_45","1",102,1
"8372",182,20,8,1.2,0,0.7233,1,40,"Subject_45","1",24,2
"8373",183,20,30,1.2,0,0.5217,0,40,"Subject_45","1",24,2
"8374",184,100,60,10,0,1.0018,0,40,"Subject_45","1",1000,1
"8375",185,20,3,1.02,0,0.5312,0,40,"Subject_45","1",20.4,2
"8376",186,20,5,1.8,0,0.5344,1,40,"Subject_45","1",36,2
"8377",187,20,30,1.1,0,0.7391,0,40,"Subject_45","1",22,2
"8378",188,100,30,5,0,0.7761,0,40,"Subject_45","1",500,1
"8379",189,100,8,1.01,0,1.2094,1,40,"Subject_45","1",101,1
"8380",190,20,60,1.5,0,0.5135,1,40,"Subject_45","1",30,2
"8381",191,100,3,3,0,0.6399,0,40,"Subject_45","1",300,1
"8382",192,100,1,5,0,0.6479,1,40,"Subject_45","1",500,1
"8383",193,100,5,2.5,0,0.9031,1,40,"Subject_45","1",250,1
"8384",194,20,3,2,0,0.6767,0,40,"Subject_45","1",40,2
"8385",195,20,30,10,0,0.6945,0,40,"Subject_45","1",200,2
"8386",196,20,1,7,0,1.107,0,40,"Subject_45","1",140,2
"8387",197,20,60,10,0,0.9255,1,40,"Subject_45","1",200,2
"8388",198,100,60,1.2,0,1.8735,1,40,"Subject_45","1",120,1
"8389",199,100,14,3,0,1.6264,1,40,"Subject_45","1",300,1
"8390",200,100,3,4,1,1.1874,0,40,"Subject_45","1",400,1
"8391",201,20,5,7,0,1.393,0,40,"Subject_45","1",140,2
"8392",202,100,5,1.1,0,1.3545,1,40,"Subject_45","1",110,1
"8393",203,100,60,13,0,0.9089,0,40,"Subject_45","1",1300,1
"8394",204,100,1,1.02,0,1.1447,0,40,"Subject_45","1",102,1
"8395",205,100,1,7,1,0.8996,0,40,"Subject_45","1",700,1
"8396",206,100,5,1.2,0,0.959,1,40,"Subject_45","1",120,1
"8397",207,20,1,13,1,1.3693,1,40,"Subject_45","1",260,2
"8398",208,20,1,2.5,1,1.7489,0,40,"Subject_45","1",50,2
"8399",209,20,3,1.2,0,0.8348,0,40,"Subject_45","1",24,2
"8400",210,100,1,1.1,0,1.5428,0,40,"Subject_45","1",110,1
"8401",1,20,14,7,1,4.1751,0,41,"Subject_46","2",140,2
"8402",2,100,1,1.05,1,2.1292,1,41,"Subject_46","2",105,1
"8403",3,20,1,1.01,0,3.7439,1,41,"Subject_46","2",20.2,2
"8404",4,100,5,2.5,1,1.6892,1,41,"Subject_46","2",250,1
"8405",5,20,14,13,1,2.897,0,41,"Subject_46","2",260,2
"8406",6,20,30,4,1,2.1039,0,41,"Subject_46","2",80,2
"8407",7,20,1,5,1,3.1978,0,41,"Subject_46","2",100,2
"8408",8,100,5,10,1,3.2484,0,41,"Subject_46","2",1000,1
"8409",9,20,14,4,1,2.6066,0,41,"Subject_46","2",80,2
"8410",10,20,3,13,1,2.8247,1,41,"Subject_46","2",260,2
"8411",11,20,3,5,1,2.2738,0,41,"Subject_46","2",100,2
"8412",12,100,8,1.1,1,1.8383,0,41,"Subject_46","2",110,1
"8413",13,100,14,1.8,1,1.7585,0,41,"Subject_46","2",180,1
"8414",14,100,5,1.8,1,2.9558,0,41,"Subject_46","2",180,1
"8415",15,100,8,1.02,1,3.3192,1,41,"Subject_46","2",102,1
"8416",16,20,1,1.1,1,2.1036,0,41,"Subject_46","2",22,2
"8417",17,100,5,13,1,1.751,1,41,"Subject_46","2",1300,1
"8418",18,20,3,1.02,0,2.1222,0,41,"Subject_46","2",20.4,2
"8419",19,20,3,1.05,1,3.4804,0,41,"Subject_46","2",21,2
"8420",20,20,30,1.8,1,1.7391,0,41,"Subject_46","2",36,2
"8421",21,20,8,7,1,1.4301,1,41,"Subject_46","2",140,2
"8422",22,100,8,1.5,1,1.6917,0,41,"Subject_46","2",150,1
"8423",23,20,5,5,1,1.1052,1,41,"Subject_46","2",100,2
"8424",24,20,14,3,1,5.0379,0,41,"Subject_46","2",60,2
"8425",25,100,30,3,1,1.5947,0,41,"Subject_46","2",300,1
"8426",26,20,14,1.5,1,1.741,0,41,"Subject_46","2",30,2
"8427",27,100,14,5,1,1.5137,0,41,"Subject_46","2",500,1
"8428",28,100,60,4,1,1.8767,0,41,"Subject_46","2",400,1
"8429",29,100,1,10,1,1.3846,1,41,"Subject_46","2",1000,1
"8430",30,20,5,10,1,1.506,0,41,"Subject_46","2",200,2
"8431",31,20,3,2.5,1,2.9776,1,41,"Subject_46","2",50,2
"8432",32,100,30,4,1,1.4344,0,41,"Subject_46","2",400,1
"8433",33,20,60,1.8,1,4.7338,0,41,"Subject_46","2",36,2
"8434",34,20,14,2.5,1,1.5669,0,41,"Subject_46","2",50,2
"8435",35,20,3,2,1,1.9687,0,41,"Subject_46","2",40,2
"8436",36,20,14,1.02,0,1.9859,0,41,"Subject_46","2",20.4,2
"8437",37,20,60,1.02,0,2.0566,1,41,"Subject_46","2",20.4,2
"8438",38,20,8,3,1,1.8064,0,41,"Subject_46","2",60,2
"8439",39,100,5,1.5,1,1.6494,1,41,"Subject_46","2",150,1
"8440",40,20,60,13,1,1.3685,1,41,"Subject_46","2",260,2
"8441",41,20,8,2.5,1,1.6767,0,41,"Subject_46","2",50,2
"8442",42,20,1,2,1,1.3194,1,41,"Subject_46","2",40,2
"8443",43,20,1,7,1,1.2731,1,41,"Subject_46","2",140,2
"8444",44,20,3,1.5,1,1.7931,0,41,"Subject_46","2",30,2
"8445",45,100,60,2,1,1.5468,1,41,"Subject_46","2",200,1
"8446",46,100,8,5,1,1.1691,0,41,"Subject_46","2",500,1
"8447",47,100,3,4,1,1.3372,0,41,"Subject_46","2",400,1
"8448",48,100,60,7,1,1.7919,1,41,"Subject_46","2",700,1
"8449",49,20,30,1.5,1,2.1083,0,41,"Subject_46","2",30,2
"8450",50,100,30,5,1,1.3062,1,41,"Subject_46","2",500,1
"8451",51,100,1,1.1,1,3.6683,1,41,"Subject_46","2",110,1
"8452",52,100,30,7,1,2.0514,0,41,"Subject_46","2",700,1
"8453",53,20,8,10,1,3.7246,1,41,"Subject_46","2",200,2
"8454",54,100,14,4,1,1.4071,1,41,"Subject_46","2",400,1
"8455",55,20,1,1.8,1,1.5768,0,41,"Subject_46","2",36,2
"8456",56,20,60,3,1,5.9717,1,41,"Subject_46","2",60,2
"8457",57,100,5,5,1,2.0859,0,41,"Subject_46","2",500,1
"8458",58,100,60,1.2,1,4.0477,0,41,"Subject_46","2",120,1
"8459",59,100,60,1.1,1,4.2733,1,41,"Subject_46","2",110,1
"8460",60,100,3,3,1,1.6905,0,41,"Subject_46","2",300,1
"8461",61,100,60,2.5,1,1.3167,0,41,"Subject_46","2",250,1
"8462",62,20,60,4,1,2.1503,0,41,"Subject_46","2",80,2
"8463",63,20,8,1.5,1,3.0662,0,41,"Subject_46","2",30,2
"8464",64,100,14,1.2,1,2.359,1,41,"Subject_46","2",120,1
"8465",65,100,8,1.01,0,4.1165,0,41,"Subject_46","2",101,1
"8466",66,100,5,3,1,1.8166,0,41,"Subject_46","2",300,1
"8467",67,20,1,1.2,1,2.9883,0,41,"Subject_46","2",24,2
"8468",68,20,8,1.02,1,2.7646,0,41,"Subject_46","2",20.4,2
"8469",69,20,30,1.02,0,2.835,0,41,"Subject_46","2",20.4,2
"8470",70,20,3,4,1,2.273,0,41,"Subject_46","2",80,2
"8471",71,20,60,1.1,0,2.2977,0,41,"Subject_46","2",22,2
"8472",72,20,60,7,1,2.2357,1,41,"Subject_46","2",140,2
"8473",73,100,3,10,1,2.6796,0,41,"Subject_46","2",1000,1
"8474",74,20,5,7,1,1.5232,0,41,"Subject_46","2",140,2
"8475",75,20,8,1.8,1,2.5309,0,41,"Subject_46","2",36,2
"8476",76,100,3,13,1,1.1826,0,41,"Subject_46","2",1300,1
"8477",77,100,14,1.01,0,2.2608,1,41,"Subject_46","2",101,1
"8478",78,100,3,1.05,1,3.4967,0,41,"Subject_46","2",105,1
"8479",79,100,3,1.8,1,1.6119,1,41,"Subject_46","2",180,1
"8480",80,20,14,10,1,1.877,0,41,"Subject_46","2",200,2
"8481",81,20,5,4,1,1.6342,0,41,"Subject_46","2",80,2
"8482",82,100,1,5,1,3.5564,0,41,"Subject_46","2",500,1
"8483",83,20,3,1.1,1,2.7776,1,41,"Subject_46","2",22,2
"8484",84,20,1,1.02,0,1.8476,0,41,"Subject_46","2",20.4,2
"8485",85,100,3,2.5,1,1.6008,1,41,"Subject_46","2",250,1
"8486",86,100,3,5,1,1.4924,1,41,"Subject_46","2",500,1
"8487",87,20,5,1.01,0,1.4968,0,41,"Subject_46","2",20.2,2
"8488",88,100,1,13,1,1.3584,1,41,"Subject_46","2",1300,1
"8489",89,20,30,1.01,0,1.6287,0,41,"Subject_46","2",20.2,2
"8490",90,100,8,1.8,1,4.967,0,41,"Subject_46","2",180,1
"8491",91,20,5,1.2,1,1.9748,0,41,"Subject_46","2",24,2
"8492",92,20,1,3,1,2.2308,0,41,"Subject_46","2",60,2
"8493",93,100,8,7,1,1.7571,1,41,"Subject_46","2",700,1
"8494",94,100,14,1.5,1,1.7942,1,41,"Subject_46","2",150,1
"8495",95,100,14,3,1,1.4684,1,41,"Subject_46","2",300,1
"8496",96,100,8,2,1,1.2904,1,41,"Subject_46","2",200,1
"8497",97,20,14,1.2,1,2.9545,0,41,"Subject_46","2",24,2
"8498",98,100,14,1.02,1,3.6681,1,41,"Subject_46","2",102,1
"8499",99,100,5,2,1,1.7469,1,41,"Subject_46","2",200,1
"8500",100,100,30,1.01,0,2.1332,1,41,"Subject_46","2",101,1
"8501",101,100,14,10,1,1.9591,0,41,"Subject_46","2",1000,1
"8502",102,100,8,4,1,1.6581,1,41,"Subject_46","2",400,1
"8503",103,100,14,2.5,1,1.3432,1,41,"Subject_46","2",250,1
"8504",104,20,30,2,1,1.9066,1,41,"Subject_46","2",40,2
"8505",105,100,3,1.5,1,1.985,0,41,"Subject_46","2",150,1
"8506",106,20,3,3,1,1.5319,1,41,"Subject_46","2",60,2
"8507",107,20,60,1.05,0,4.0153,1,41,"Subject_46","2",21,2
"8508",108,100,1,1.8,1,1.5007,1,41,"Subject_46","2",180,1
"8509",109,20,3,10,1,2.3222,0,41,"Subject_46","2",200,2
"8510",110,100,5,1.01,1,3.687,0,41,"Subject_46","2",101,1
"8511",111,100,3,2,1,1.6931,0,41,"Subject_46","2",200,1
"8512",112,100,1,1.02,1,2.7214,0,41,"Subject_46","2",102,1
"8513",113,20,8,5,1,1.7,0,41,"Subject_46","2",100,2
"8514",114,100,14,1.05,1,3.1542,1,41,"Subject_46","2",105,1
"8515",115,100,8,10,1,2.0994,0,41,"Subject_46","2",1000,1
"8516",116,20,5,2.5,1,1.5252,1,41,"Subject_46","2",50,2
"8517",117,20,3,7,1,3.449,0,41,"Subject_46","2",140,2
"8518",118,100,5,4,1,2.9953,0,41,"Subject_46","2",400,1
"8519",119,100,14,2,1,2.9008,1,41,"Subject_46","2",200,1
"8520",120,100,1,1.2,1,1.906,0,41,"Subject_46","2",120,1
"8521",121,100,30,1.8,1,1.3118,1,41,"Subject_46","2",180,1
"8522",122,100,60,1.02,0,2.0588,1,41,"Subject_46","2",102,1
"8523",123,20,30,2.5,1,2.4993,1,41,"Subject_46","2",50,2
"8524",124,100,30,1.02,0,3.6177,1,41,"Subject_46","2",102,1
"8525",125,100,1,3,1,1.3005,0,41,"Subject_46","2",300,1
"8526",126,20,8,4,1,1.7567,0,41,"Subject_46","2",80,2
"8527",127,20,8,1.2,1,1.7217,0,41,"Subject_46","2",24,2
"8528",128,100,14,13,1,2.6254,0,41,"Subject_46","2",1300,1
"8529",129,100,30,1.5,1,1.693,1,41,"Subject_46","2",150,1
"8530",130,100,60,13,1,1.244,1,41,"Subject_46","2",1300,1
"8531",131,20,5,1.1,1,2.2343,0,41,"Subject_46","2",22,2
"8532",132,100,3,1.1,1,1.3064,0,41,"Subject_46","2",110,1
"8533",133,100,30,2.5,1,1.3528,0,41,"Subject_46","2",250,1
"8534",134,20,60,10,1,1.6845,0,41,"Subject_46","2",200,2
"8535",135,100,1,1.01,1,1.9547,1,41,"Subject_46","2",101,1
"8536",136,20,5,1.02,0,2.1704,1,41,"Subject_46","2",20.4,2
"8537",137,20,60,1.2,1,1.7169,1,41,"Subject_46","2",24,2
"8538",138,100,30,2,1,1.6886,1,41,"Subject_46","2",200,1
"8539",139,20,8,1.01,0,1.689,0,41,"Subject_46","2",20.2,2
"8540",140,100,3,7,1,1.2622,1,41,"Subject_46","2",700,1
"8541",141,20,60,2,1,1.7662,1,41,"Subject_46","2",40,2
"8542",142,20,14,1.8,1,1.7161,0,41,"Subject_46","2",36,2
"8543",143,20,60,1.5,1,2.0972,0,41,"Subject_46","2",30,2
"8544",144,20,60,5,1,1.7689,0,41,"Subject_46","2",100,2
"8545",145,100,5,1.1,1,2.2275,1,41,"Subject_46","2",110,1
"8546",146,20,1,2.5,1,2.4748,1,41,"Subject_46","2",50,2
"8547",147,100,5,1.05,1,2.9656,1,41,"Subject_46","2",105,1
"8548",148,100,14,7,1,3.6664,1,41,"Subject_46","2",700,1
"8549",149,20,30,10,1,1.3319,1,41,"Subject_46","2",200,2
"8550",150,100,60,10,1,1.7574,0,41,"Subject_46","2",1000,1
"8551",151,100,1,2.5,1,2.0856,1,41,"Subject_46","2",250,1
"8552",152,100,1,1.5,1,6.2102,0,41,"Subject_46","2",150,1
"8553",153,100,5,1.02,1,2.992,0,41,"Subject_46","2",102,1
"8554",154,100,60,3,1,1.9275,1,41,"Subject_46","2",300,1
"8555",155,20,30,13,1,1.2559,1,41,"Subject_46","2",260,2
"8556",156,20,3,1.8,1,1.5533,1,41,"Subject_46","2",36,2
"8557",157,100,5,1.2,1,1.2995,1,41,"Subject_46","2",120,1
"8558",158,20,5,1.8,1,1.4292,1,41,"Subject_46","2",36,2
"8559",159,100,60,1.01,0,2.082,0,41,"Subject_46","2",101,1
"8560",160,20,30,1.05,1,1.9772,1,41,"Subject_46","2",21,2
"8561",161,20,1,1.5,1,2.8303,0,41,"Subject_46","2",30,2
"8562",162,100,60,1.8,1,3.7712,0,41,"Subject_46","2",180,1
"8563",163,20,5,1.05,1,3.4507,0,41,"Subject_46","2",21,2
"8564",164,20,30,1.1,1,4.7253,0,41,"Subject_46","2",22,2
"8565",165,100,30,1.2,1,4.5744,1,41,"Subject_46","2",120,1
"8566",166,100,60,1.05,0,2.1649,1,41,"Subject_46","2",105,1
"8567",167,100,5,7,1,1.3481,1,41,"Subject_46","2",700,1
"8568",168,100,60,5,1,4.1663,0,41,"Subject_46","2",500,1
"8569",169,20,14,1.01,0,1.4467,1,41,"Subject_46","2",20.2,2
"8570",170,20,3,1.2,1,1.5508,0,41,"Subject_46","2",24,2
"8571",171,100,30,1.1,1,1.7883,1,41,"Subject_46","2",110,1
"8572",172,100,1,2,1,3.0144,0,41,"Subject_46","2",200,1
"8573",173,100,8,3,1,1.1931,0,41,"Subject_46","2",300,1
"8574",174,20,14,1.05,1,2.8173,0,41,"Subject_46","2",21,2
"8575",175,100,8,13,1,1.3337,0,41,"Subject_46","2",1300,1
"8576",176,100,3,1.01,0,1.7418,1,41,"Subject_46","2",101,1
"8577",177,100,30,10,1,1.9307,0,41,"Subject_46","2",1000,1
"8578",178,100,8,2.5,1,1.7871,1,41,"Subject_46","2",250,1
"8579",179,100,30,1.05,1,2.764,0,41,"Subject_46","2",105,1
"8580",180,20,1,10,1,3.2343,0,41,"Subject_46","2",200,2
"8581",181,20,8,13,1,2.8016,0,41,"Subject_46","2",260,2
"8582",182,20,8,1.1,1,2.417,1,41,"Subject_46","2",22,2
"8583",183,20,14,2,1,0.8858,1,41,"Subject_46","2",40,2
"8584",184,100,8,1.2,1,1.6704,0,41,"Subject_46","2",120,1
"8585",185,100,3,1.2,1,1.574,0,41,"Subject_46","2",120,1
"8586",186,20,30,7,1,1.3878,0,41,"Subject_46","2",140,2
"8587",187,20,30,3,1,0.9813,0,41,"Subject_46","2",60,2
"8588",188,20,1,4,1,0.9419,1,41,"Subject_46","2",80,2
"8589",189,100,30,13,1,1.9819,1,41,"Subject_46","2",1300,1
"8590",190,20,8,1.05,1,2.4326,0,41,"Subject_46","2",21,2
"8591",191,20,30,5,1,3.8627,1,41,"Subject_46","2",100,2
"8592",192,20,3,1.01,0,2.6661,0,41,"Subject_46","2",20.2,2
"8593",193,20,14,5,1,1.6015,1,41,"Subject_46","2",100,2
"8594",194,100,3,1.02,1,1.8925,1,41,"Subject_46","2",102,1
"8595",195,20,5,1.5,1,1.2802,1,41,"Subject_46","2",30,2
"8596",196,20,1,1.05,1,4.655,1,41,"Subject_46","2",21,2
"8597",197,20,8,2,1,1.5643,0,41,"Subject_46","2",40,2
"8598",198,20,5,3,1,1.3625,1,41,"Subject_46","2",60,2
"8599",199,20,30,1.2,1,1.5655,0,41,"Subject_46","2",24,2
"8600",200,100,1,4,1,1.471,0,41,"Subject_46","2",400,1
"8601",201,100,14,1.1,1,2.1945,1,41,"Subject_46","2",110,1
"8602",202,100,60,1.5,1,1.6446,0,41,"Subject_46","2",150,1
"8603",203,100,1,7,1,0.9095,1,41,"Subject_46","2",700,1
"8604",204,20,1,13,1,1.1321,1,41,"Subject_46","2",260,2
"8605",205,20,14,1.1,1,1.5523,1,41,"Subject_46","2",22,2
"8606",206,20,5,13,1,0.8643,1,41,"Subject_46","2",260,2
"8607",207,20,60,1.01,0,1.455,0,41,"Subject_46","2",20.2,2
"8608",208,20,60,2.5,1,1.0204,0,41,"Subject_46","2",50,2
"8609",209,100,8,1.05,1,1.8486,0,41,"Subject_46","2",105,1
"8610",210,20,5,2,1,1.589,0,41,"Subject_46","2",40,2
"8611",1,20,60,1.05,0,3.7563,0,42,"Subject_47","2",21,2
"8612",2,20,30,1.1,0,4.0176,1,42,"Subject_47","2",22,2
"8613",3,100,14,2.5,1,3.3978,0,42,"Subject_47","2",250,1
"8614",4,100,3,5,1,2.7483,0,42,"Subject_47","2",500,1
"8615",5,100,30,1.05,0,3.5205,1,42,"Subject_47","2",105,1
"8616",6,20,1,3,1,2.8876,1,42,"Subject_47","2",60,2
"8617",7,100,30,2.5,1,2.2462,1,42,"Subject_47","2",250,1
"8618",8,100,14,10,1,2.838,0,42,"Subject_47","2",1000,1
"8619",9,100,30,1.02,0,1.7023,0,42,"Subject_47","2",102,1
"8620",10,20,60,2.5,1,1.768,1,42,"Subject_47","2",50,2
"8621",11,20,3,5,1,2.6006,1,42,"Subject_47","2",100,2
"8622",12,100,14,4,1,1.4319,0,42,"Subject_47","2",400,1
"8623",13,100,8,1.2,1,2.0868,1,42,"Subject_47","2",120,1
"8624",14,20,14,1.05,0,2.2433,1,42,"Subject_47","2",21,2
"8625",15,100,60,5,1,1.9293,0,42,"Subject_47","2",500,1
"8626",16,20,30,3,1,6.637,1,42,"Subject_47","2",60,2
"8627",17,100,8,1.05,0,2.1209,0,42,"Subject_47","2",105,1
"8628",18,20,60,1.2,0,2.7336,0,42,"Subject_47","2",24,2
"8629",19,100,1,1.02,0,1.9385,1,42,"Subject_47","2",102,1
"8630",20,100,8,1.1,1,3.7643,0,42,"Subject_47","2",110,1
"8631",21,100,30,1.01,0,1.9974,0,42,"Subject_47","2",101,1
"8632",22,100,3,10,1,2.0746,1,42,"Subject_47","2",1000,1
"8633",23,100,8,1.02,0,4.053,0,42,"Subject_47","2",102,1
"8634",24,20,5,4,1,1.5313,1,42,"Subject_47","2",80,2
"8635",25,20,1,1.2,1,2.4182,0,42,"Subject_47","2",24,2
"8636",26,20,60,1.01,0,2.611,0,42,"Subject_47","2",20.2,2
"8637",27,100,3,1.05,1,2.1857,1,42,"Subject_47","2",105,1
"8638",28,20,14,1.2,0,2.2582,0,42,"Subject_47","2",24,2
"8639",29,20,1,2,1,3.7714,1,42,"Subject_47","2",40,2
"8640",30,20,30,2.5,1,2.7141,0,42,"Subject_47","2",50,2
"8641",31,100,5,1.2,1,3.04,0,42,"Subject_47","2",120,1
"8642",32,100,14,1.05,0,2.1923,1,42,"Subject_47","2",105,1
"8643",33,100,30,1.5,1,3.5689,1,42,"Subject_47","2",150,1
"8644",34,100,5,4,1,1.9743,0,42,"Subject_47","2",400,1
"8645",35,20,14,1.1,0,1.8302,1,42,"Subject_47","2",22,2
"8646",36,20,30,1.2,0,2.669,0,42,"Subject_47","2",24,2
"8647",37,20,5,1.1,0,2.8721,1,42,"Subject_47","2",22,2
"8648",38,20,1,2.5,1,1.4374,1,42,"Subject_47","2",50,2
"8649",39,100,8,1.8,1,2.523,1,42,"Subject_47","2",180,1
"8650",40,100,8,2.5,1,2.3506,0,42,"Subject_47","2",250,1
"8651",41,20,30,1.5,1,2.1006,0,42,"Subject_47","2",30,2
"8652",42,20,14,13,1,2.7337,0,42,"Subject_47","2",260,2
"8653",43,20,1,1.01,0,1.5672,1,42,"Subject_47","2",20.2,2
"8654",44,100,5,3,1,1.2554,0,42,"Subject_47","2",300,1
"8655",45,20,14,7,1,2.2422,0,42,"Subject_47","2",140,2
"8656",46,20,5,2,1,1.5196,1,42,"Subject_47","2",40,2
"8657",47,100,8,7,1,2.4791,1,42,"Subject_47","2",700,1
"8658",48,20,60,1.8,1,1.6737,0,42,"Subject_47","2",36,2
"8659",49,100,3,13,1,2.5732,0,42,"Subject_47","2",1300,1
"8660",50,100,1,1.01,0,0.953,1,42,"Subject_47","2",101,1
"8661",51,20,3,1.01,0,2.3887,1,42,"Subject_47","2",20.2,2
"8662",52,100,60,1.5,1,2.6555,1,42,"Subject_47","2",150,1
"8663",53,100,3,1.5,1,4.952,0,42,"Subject_47","2",150,1
"8664",54,100,60,1.02,0,1.626,1,42,"Subject_47","2",102,1
"8665",55,100,60,3,1,1.9505,0,42,"Subject_47","2",300,1
"8666",56,20,5,1.02,0,2.2435,1,42,"Subject_47","2",20.4,2
"8667",57,100,30,1.1,0,1.9259,1,42,"Subject_47","2",110,1
"8668",58,20,60,5,1,2.3614,1,42,"Subject_47","2",100,2
"8669",59,100,14,13,1,1.8544,0,42,"Subject_47","2",1300,1
"8670",60,100,14,1.1,0,2.0542,0,42,"Subject_47","2",110,1
"8671",61,100,30,3,1,2.2668,0,42,"Subject_47","2",300,1
"8672",62,20,14,10,1,3.12,1,42,"Subject_47","2",200,2
"8673",63,20,5,1.05,0,1.9598,1,42,"Subject_47","2",21,2
"8674",64,20,60,3,1,1.4136,0,42,"Subject_47","2",60,2
"8675",65,20,3,2.5,1,1.4706,1,42,"Subject_47","2",50,2
"8676",66,100,1,1.05,1,2.26,1,42,"Subject_47","2",105,1
"8677",67,100,30,5,1,1.5713,1,42,"Subject_47","2",500,1
"8678",68,20,60,2,1,1.5437,1,42,"Subject_47","2",40,2
"8679",69,20,8,1.01,0,2.3552,1,42,"Subject_47","2",20.2,2
"8680",70,100,5,10,1,1.6907,1,42,"Subject_47","2",1000,1
"8681",71,20,14,4,1,1.583,1,42,"Subject_47","2",80,2
"8682",72,100,1,1.2,1,3.1827,0,42,"Subject_47","2",120,1
"8683",73,20,14,1.02,0,2.6337,0,42,"Subject_47","2",20.4,2
"8684",74,100,5,5,1,1.0631,0,42,"Subject_47","2",500,1
"8685",75,100,8,1.01,0,1.2859,1,42,"Subject_47","2",101,1
"8686",76,20,14,3,1,2.2348,0,42,"Subject_47","2",60,2
"8687",77,20,1,10,1,1.1659,1,42,"Subject_47","2",200,2
"8688",78,20,14,1.5,1,3.3214,0,42,"Subject_47","2",30,2
"8689",79,100,1,10,1,1.8278,0,42,"Subject_47","2",1000,1
"8690",80,20,60,1.5,0,2.3035,0,42,"Subject_47","2",30,2
"8691",81,20,30,5,1,2.9735,0,42,"Subject_47","2",100,2
"8692",82,20,8,2,1,2.2163,0,42,"Subject_47","2",40,2
"8693",83,20,8,1.5,1,4.465,1,42,"Subject_47","2",30,2
"8694",84,100,14,1.2,0,2.3739,0,42,"Subject_47","2",120,1
"8695",85,100,3,1.02,0,3.3553,0,42,"Subject_47","2",102,1
"8696",86,100,1,2.5,1,1.4999,1,42,"Subject_47","2",250,1
"8697",87,20,3,1.8,1,2.3402,1,42,"Subject_47","2",36,2
"8698",88,20,1,5,1,1.1687,1,42,"Subject_47","2",100,2
"8699",89,20,8,1.02,0,2.0755,1,42,"Subject_47","2",20.4,2
"8700",90,100,5,1.05,1,2.3793,1,42,"Subject_47","2",105,1
"8701",91,100,1,3,1,1.809,0,42,"Subject_47","2",300,1
"8702",92,100,5,1.8,1,2.1271,0,42,"Subject_47","2",180,1
"8703",93,100,5,1.1,1,3.0614,0,42,"Subject_47","2",110,1
"8704",94,20,3,10,1,3.0385,1,42,"Subject_47","2",200,2
"8705",95,20,60,1.1,0,2.8994,1,42,"Subject_47","2",22,2
"8706",96,20,5,7,1,2.9843,0,42,"Subject_47","2",140,2
"8707",97,100,1,13,1,1.0639,1,42,"Subject_47","2",1300,1
"8708",98,20,14,2.5,1,1.5365,0,42,"Subject_47","2",50,2
"8709",99,100,8,2,1,1.9468,0,42,"Subject_47","2",200,1
"8710",100,100,60,10,1,2.1539,1,42,"Subject_47","2",1000,1
"8711",101,20,1,1.05,0,2.2813,0,42,"Subject_47","2",21,2
"8712",102,100,5,13,1,1.5678,1,42,"Subject_47","2",1300,1
"8713",103,100,60,2.5,1,1.5229,0,42,"Subject_47","2",250,1
"8714",104,20,8,10,1,1.7644,0,42,"Subject_47","2",200,2
"8715",105,100,14,7,1,1.3739,1,42,"Subject_47","2",700,1
"8716",106,20,60,1.02,1,2.8894,0,42,"Subject_47","2",20.4,2
"8717",107,20,1,7,1,2.5543,0,42,"Subject_47","2",140,2
"8718",108,100,3,4,1,1.0304,1,42,"Subject_47","2",400,1
"8719",109,20,60,13,1,0.8925,0,42,"Subject_47","2",260,2
"8720",110,20,8,1.2,1,1.8223,1,42,"Subject_47","2",24,2
"8721",111,100,3,1.8,1,1.822,0,42,"Subject_47","2",180,1
"8722",112,20,30,2,1,1.8826,0,42,"Subject_47","2",40,2
"8723",113,100,8,13,1,1.9397,0,42,"Subject_47","2",1300,1
"8724",114,100,5,2.5,1,1.3015,0,42,"Subject_47","2",250,1
"8725",115,100,60,1.8,1,1.3049,1,42,"Subject_47","2",180,1
"8726",116,20,8,7,1,1.3445,1,42,"Subject_47","2",140,2
"8727",117,100,14,5,1,1.3532,0,42,"Subject_47","2",500,1
"8728",118,20,60,4,1,2.4576,1,42,"Subject_47","2",80,2
"8729",119,20,30,1.01,0,2.5447,1,42,"Subject_47","2",20.2,2
"8730",120,20,14,2,1,1.854,0,42,"Subject_47","2",40,2
"8731",121,100,14,2,1,1.1392,1,42,"Subject_47","2",200,1
"8732",122,20,3,1.05,0,3.3521,1,42,"Subject_47","2",21,2
"8733",123,100,14,1.8,1,1.4486,1,42,"Subject_47","2",180,1
"8734",124,20,1,1.8,1,1.4261,1,42,"Subject_47","2",36,2
"8735",125,20,8,1.8,1,1.1577,1,42,"Subject_47","2",36,2
"8736",126,20,30,4,1,0.8334,1,42,"Subject_47","2",80,2
"8737",127,20,14,5,1,1.0235,1,42,"Subject_47","2",100,2
"8738",128,20,3,3,1,1.4316,0,42,"Subject_47","2",60,2
"8739",129,20,3,1.02,0,1.2809,0,42,"Subject_47","2",20.4,2
"8740",130,20,8,13,1,1.1857,1,42,"Subject_47","2",260,2
"8741",131,20,1,1.1,1,2.0047,0,42,"Subject_47","2",22,2
"8742",132,100,1,1.8,1,1.3919,1,42,"Subject_47","2",180,1
"8743",133,20,5,13,1,1.456,1,42,"Subject_47","2",260,2
"8744",134,100,1,4,1,1.0171,1,42,"Subject_47","2",400,1
"8745",135,20,5,1.5,1,1.2804,1,42,"Subject_47","2",30,2
"8746",136,100,3,3,1,1.4311,0,42,"Subject_47","2",300,1
"8747",137,20,8,5,1,1.5524,0,42,"Subject_47","2",100,2
"8748",138,100,5,7,1,1.0278,1,42,"Subject_47","2",700,1
"8749",139,100,60,7,1,0.9144,0,42,"Subject_47","2",700,1
"8750",140,100,30,4,1,1.2405,1,42,"Subject_47","2",400,1
"8751",141,100,60,1.1,1,2.3435,0,42,"Subject_47","2",110,1
"8752",142,100,60,4,1,2.6638,0,42,"Subject_47","2",400,1
"8753",143,100,14,3,1,1.8691,0,42,"Subject_47","2",300,1
"8754",144,20,1,1.02,0,1.9597,0,42,"Subject_47","2",20.4,2
"8755",145,100,3,2.5,1,1.8027,0,42,"Subject_47","2",250,1
"8756",146,100,8,1.5,1,1.1856,0,42,"Subject_47","2",150,1
"8757",147,20,14,1.01,0,1.5604,1,42,"Subject_47","2",20.2,2
"8758",148,20,1,4,1,1.2615,1,42,"Subject_47","2",80,2
"8759",149,20,5,2.5,1,2.0824,1,42,"Subject_47","2",50,2
"8760",150,20,30,7,1,1.36,0,42,"Subject_47","2",140,2
"8761",151,20,3,1.2,1,2.0582,1,42,"Subject_47","2",24,2
"8762",152,100,14,1.5,1,0.9936,1,42,"Subject_47","2",150,1
"8763",153,100,1,2,1,1.0667,1,42,"Subject_47","2",200,1
"8764",154,20,5,10,1,1.0937,1,42,"Subject_47","2",200,2
"8765",155,20,3,13,1,1.0035,1,42,"Subject_47","2",260,2
"8766",156,20,5,5,1,1.3195,0,42,"Subject_47","2",100,2
"8767",157,20,8,3,1,1.6503,0,42,"Subject_47","2",60,2
"8768",158,100,30,1.8,1,1.11,1,42,"Subject_47","2",180,1
"8769",159,20,5,1.8,1,1.22,1,42,"Subject_47","2",36,2
"8770",160,20,8,1.05,0,1.2082,0,42,"Subject_47","2",21,2
"8771",161,20,8,1.1,0,1.3045,0,42,"Subject_47","2",22,2
"8772",162,20,5,3,1,1.1552,1,42,"Subject_47","2",60,2
"8773",163,20,60,10,1,1.148,1,42,"Subject_47","2",200,2
"8774",164,100,1,1.5,1,1.33,0,42,"Subject_47","2",150,1
"8775",165,20,3,4,1,1.3814,1,42,"Subject_47","2",80,2
"8776",166,100,3,1.1,1,1.3903,0,42,"Subject_47","2",110,1
"8777",167,100,3,7,1,0.9165,0,42,"Subject_47","2",700,1
"8778",168,100,1,7,1,0.9357,0,42,"Subject_47","2",700,1
"8779",169,100,5,1.02,0,2.1543,0,42,"Subject_47","2",102,1
"8780",170,20,1,13,1,1.1677,0,42,"Subject_47","2",260,2
"8781",171,100,60,1.01,0,2.101,1,42,"Subject_47","2",101,1
"8782",172,100,1,1.1,1,3.7169,0,42,"Subject_47","2",110,1
"8783",173,20,8,4,1,1.2769,0,42,"Subject_47","2",80,2
"8784",174,100,3,1.01,0,1.3285,0,42,"Subject_47","2",101,1
"8785",175,20,3,2,1,2.9012,1,42,"Subject_47","2",40,2
"8786",176,100,60,13,1,0.8915,0,42,"Subject_47","2",1300,1
"8787",177,20,3,1.5,1,1.2604,0,42,"Subject_47","2",30,2
"8788",178,100,60,1.2,1,1.1491,0,42,"Subject_47","2",120,1
"8789",179,20,5,1.2,1,1.9983,0,42,"Subject_47","2",24,2
"8790",180,20,3,7,1,0.8127,0,42,"Subject_47","2",140,2
"8791",181,20,1,1.5,1,1.3859,0,42,"Subject_47","2",30,2
"8792",182,100,3,1.2,1,1.2997,0,42,"Subject_47","2",120,1
"8793",183,20,8,2.5,1,1.7763,1,42,"Subject_47","2",50,2
"8794",184,100,30,1.2,1,1.5394,0,42,"Subject_47","2",120,1
"8795",185,100,5,1.5,1,1.9755,0,42,"Subject_47","2",150,1
"8796",186,100,60,1.05,1,2.6734,1,42,"Subject_47","2",105,1
"8797",187,100,60,2,1,2.7106,1,42,"Subject_47","2",200,1
"8798",188,100,8,5,1,1.7149,1,42,"Subject_47","2",500,1
"8799",189,100,30,7,1,1.4825,1,42,"Subject_47","2",700,1
"8800",190,20,30,10,1,2.1148,0,42,"Subject_47","2",200,2
"8801",191,100,30,13,1,1.9683,1,42,"Subject_47","2",1300,1
"8802",192,100,30,10,1,1.4026,1,42,"Subject_47","2",1000,1
"8803",193,20,30,13,1,2.2133,0,42,"Subject_47","2",260,2
"8804",194,20,30,1.02,0,1.5031,0,42,"Subject_47","2",20.4,2
"8805",195,20,60,7,1,1.2668,1,42,"Subject_47","2",140,2
"8806",196,20,5,1.01,0,1.7568,1,42,"Subject_47","2",20.2,2
"8807",197,20,30,1.05,0,1.9218,0,42,"Subject_47","2",21,2
"8808",198,20,14,1.8,1,2.1845,0,42,"Subject_47","2",36,2
"8809",199,100,30,2,1,2.0584,0,42,"Subject_47","2",200,1
"8810",200,100,5,2,1,1.6835,0,42,"Subject_47","2",200,1
"8811",201,100,14,1.02,0,1.6251,0,42,"Subject_47","2",102,1
"8812",202,100,8,4,1,2.3839,1,42,"Subject_47","2",400,1
"8813",203,20,30,1.8,1,2.9227,0,42,"Subject_47","2",36,2
"8814",204,100,8,3,1,1.6236,1,42,"Subject_47","2",300,1
"8815",205,100,14,1.01,0,3.2914,0,42,"Subject_47","2",101,1
"8816",206,100,5,1.01,0,1.2916,1,42,"Subject_47","2",101,1
"8817",207,100,1,5,1,1.1091,1,42,"Subject_47","2",500,1
"8818",208,100,8,10,1,1.0695,0,42,"Subject_47","2",1000,1
"8819",209,100,3,2,1,1.636,0,42,"Subject_47","2",200,1
"8820",210,20,3,1.1,0,1.1387,0,42,"Subject_47","2",22,2
"8821",1,100,1,2.5,1,3.4809,1,43,"Subject_48","1",250,1
"8822",2,20,3,1.01,0,3.9281,1,43,"Subject_48","1",20.2,2
"8823",3,100,8,1.2,1,5.2141,0,43,"Subject_48","1",120,1
"8824",4,100,1,2,1,3.1837,0,43,"Subject_48","1",200,1
"8825",5,100,30,1.05,0,2.15,0,43,"Subject_48","1",105,1
"8826",6,20,8,1.02,0,1.524,1,43,"Subject_48","1",20.4,2
"8827",7,20,5,1.5,1,2.4243,1,43,"Subject_48","1",30,2
"8828",8,20,3,1.2,0,3.1198,0,43,"Subject_48","1",24,2
"8829",9,20,1,3,1,3.5868,0,43,"Subject_48","1",60,2
"8830",10,20,14,1.1,0,2.9,0,43,"Subject_48","1",22,2
"8831",11,100,5,1.01,0,2.8502,0,43,"Subject_48","1",101,1
"8832",12,100,8,1.8,1,2.6051,0,43,"Subject_48","1",180,1
"8833",13,20,30,1.05,0,1.8505,0,43,"Subject_48","1",21,2
"8834",14,100,14,1.1,0,2.613,1,43,"Subject_48","1",110,1
"8835",15,100,60,2,1,3.6826,1,43,"Subject_48","1",200,1
"8836",16,100,5,1.8,1,1.5984,0,43,"Subject_48","1",180,1
"8837",17,100,14,4,1,2.1428,0,43,"Subject_48","1",400,1
"8838",18,100,1,1.05,1,1.4853,1,43,"Subject_48","1",105,1
"8839",19,20,5,7,1,2.1149,0,43,"Subject_48","1",140,2
"8840",20,20,1,1.1,1,2.4676,0,43,"Subject_48","1",22,2
"8841",21,100,1,1.5,1,1.619,0,43,"Subject_48","1",150,1
"8842",22,100,8,7,1,1.5493,1,43,"Subject_48","1",700,1
"8843",23,20,8,13,1,1.6196,1,43,"Subject_48","1",260,2
"8844",24,20,30,3,1,3.7612,0,43,"Subject_48","1",60,2
"8845",25,20,3,1.5,1,2.1745,0,43,"Subject_48","1",30,2
"8846",26,100,3,1.1,1,2.2057,0,43,"Subject_48","1",110,1
"8847",27,20,60,13,1,3.1746,0,43,"Subject_48","1",260,2
"8848",28,20,8,5,1,1.7007,1,43,"Subject_48","1",100,2
"8849",29,100,5,1.05,0,1.6546,0,43,"Subject_48","1",105,1
"8850",30,20,60,1.01,0,1.4962,1,43,"Subject_48","1",20.2,2
"8851",31,100,60,1.8,1,5.2091,0,43,"Subject_48","1",180,1
"8852",32,20,3,1.8,1,1.8525,1,43,"Subject_48","1",36,2
"8853",33,20,1,2.5,1,1.4429,0,43,"Subject_48","1",50,2
"8854",34,100,14,10,1,1.6878,1,43,"Subject_48","1",1000,1
"8855",35,20,30,13,1,1.9747,0,43,"Subject_48","1",260,2
"8856",36,20,8,1.8,1,1.5765,0,43,"Subject_48","1",36,2
"8857",37,100,1,13,1,1.5756,0,43,"Subject_48","1",1300,1
"8858",38,20,8,3,1,1.6925,0,43,"Subject_48","1",60,2
"8859",39,20,60,10,1,2.3127,0,43,"Subject_48","1",200,2
"8860",40,20,30,1.5,0,1.4813,1,43,"Subject_48","1",30,2
"8861",41,100,30,1.1,0,1.6691,1,43,"Subject_48","1",110,1
"8862",42,20,60,7,1,3.326,0,43,"Subject_48","1",140,2
"8863",43,20,8,2,1,1.8724,1,43,"Subject_48","1",40,2
"8864",44,100,30,7,1,1.9395,0,43,"Subject_48","1",700,1
"8865",45,20,30,1.02,0,1.3638,0,43,"Subject_48","1",20.4,2
"8866",46,20,3,7,1,1.5343,1,43,"Subject_48","1",140,2
"8867",47,100,8,1.5,1,2.3715,0,43,"Subject_48","1",150,1
"8868",48,100,3,10,1,1.2701,1,43,"Subject_48","1",1000,1
"8869",49,20,5,13,1,1.5878,1,43,"Subject_48","1",260,2
"8870",50,20,1,1.2,1,1.8768,1,43,"Subject_48","1",24,2
"8871",51,100,14,5,1,1.5526,0,43,"Subject_48","1",500,1
"8872",52,100,5,4,1,1.645,1,43,"Subject_48","1",400,1
"8873",53,100,30,1.5,0,4.2658,0,43,"Subject_48","1",150,1
"8874",54,20,5,5,1,2.178,1,43,"Subject_48","1",100,2
"8875",55,20,30,2.5,1,2.2997,0,43,"Subject_48","1",50,2
"8876",56,20,8,4,1,1.5052,0,43,"Subject_48","1",80,2
"8877",57,100,8,10,1,1.3887,1,43,"Subject_48","1",1000,1
"8878",58,20,3,13,1,1.7037,0,43,"Subject_48","1",260,2
"8879",59,20,14,1.8,0,3.142,0,43,"Subject_48","1",36,2
"8880",60,20,14,1.5,1,2.119,0,43,"Subject_48","1",30,2
"8881",61,100,8,13,1,1.7749,1,43,"Subject_48","1",1300,1
"8882",62,100,30,3,1,2.2387,1,43,"Subject_48","1",300,1
"8883",63,100,5,1.2,1,2.4206,0,43,"Subject_48","1",120,1
"8884",64,100,5,7,1,1.6751,0,43,"Subject_48","1",700,1
"8885",65,20,8,10,1,1.5101,0,43,"Subject_48","1",200,2
"8886",66,20,5,1.05,0,1.7152,1,43,"Subject_48","1",21,2
"8887",67,20,1,7,1,1.5394,1,43,"Subject_48","1",140,2
"8888",68,100,1,1.02,0,2.1636,1,43,"Subject_48","1",102,1
"8889",69,20,8,1.05,0,1.9027,1,43,"Subject_48","1",21,2
"8890",70,20,60,1.1,0,1.6352,0,43,"Subject_48","1",22,2
"8891",71,20,5,1.2,0,2.6478,1,43,"Subject_48","1",24,2
"8892",72,20,1,2,1,1.6384,0,43,"Subject_48","1",40,2
"8893",73,100,5,10,1,1.3097,1,43,"Subject_48","1",1000,1
"8894",74,100,3,1.05,0,2.2236,0,43,"Subject_48","1",105,1
"8895",75,100,60,10,1,1.5996,0,43,"Subject_48","1",1000,1
"8896",76,20,3,2,1,1.7673,1,43,"Subject_48","1",40,2
"8897",77,100,30,1.01,0,1.3696,1,43,"Subject_48","1",101,1
"8898",78,100,30,10,1,1.7967,0,43,"Subject_48","1",1000,1
"8899",79,20,14,1.02,0,1.4917,1,43,"Subject_48","1",20.4,2
"8900",80,20,14,1.05,0,1.1946,1,43,"Subject_48","1",21,2
"8901",81,100,3,2,1,1.6124,0,43,"Subject_48","1",200,1
"8902",82,100,8,2.5,1,1.4522,1,43,"Subject_48","1",250,1
"8903",83,100,5,5,1,1.3117,0,43,"Subject_48","1",500,1
"8904",84,100,1,1.01,0,1.2173,0,43,"Subject_48","1",101,1
"8905",85,20,8,7,1,1.7835,0,43,"Subject_48","1",140,2
"8906",86,100,8,3,1,1.4106,0,43,"Subject_48","1",300,1
"8907",87,20,1,10,1,1.6201,0,43,"Subject_48","1",200,2
"8908",88,100,1,1.8,1,1.8692,0,43,"Subject_48","1",180,1
"8909",89,100,30,2,1,1.7927,1,43,"Subject_48","1",200,1
"8910",90,100,14,1.02,0,1.609,1,43,"Subject_48","1",102,1
"8911",91,20,30,7,1,2.3034,0,43,"Subject_48","1",140,2
"8912",92,100,5,2,1,2.1966,0,43,"Subject_48","1",200,1
"8913",93,100,5,1.5,1,1.7018,1,43,"Subject_48","1",150,1
"8914",94,20,3,3,1,1.4749,1,43,"Subject_48","1",60,2
"8915",95,20,5,2.5,1,2.1603,0,43,"Subject_48","1",50,2
"8916",96,100,14,3,1,1.8372,0,43,"Subject_48","1",300,1
"8917",97,100,3,7,1,1.6774,0,43,"Subject_48","1",700,1
"8918",98,20,1,1.5,1,1.5546,0,43,"Subject_48","1",30,2
"8919",99,20,8,2.5,1,1.5819,1,43,"Subject_48","1",50,2
"8920",100,100,60,5,1,2.4103,0,43,"Subject_48","1",500,1
"8921",101,100,8,1.01,0,1.775,0,43,"Subject_48","1",101,1
"8922",102,100,14,1.01,0,1.5433,0,43,"Subject_48","1",101,1
"8923",103,100,5,1.02,0,1.5997,1,43,"Subject_48","1",102,1
"8924",104,100,30,4,1,1.7593,1,43,"Subject_48","1",400,1
"8925",105,100,60,1.02,0,2.089,1,43,"Subject_48","1",102,1
"8926",106,100,30,1.8,1,3.0375,0,43,"Subject_48","1",180,1
"8927",107,100,5,2.5,1,1.5097,0,43,"Subject_48","1",250,1
"8928",108,20,60,1.8,0,2.1267,1,43,"Subject_48","1",36,2
"8929",109,100,8,1.05,0,1.6278,0,43,"Subject_48","1",105,1
"8930",110,100,60,4,1,3.5055,0,43,"Subject_48","1",400,1
"8931",111,100,1,4,1,2.2946,0,43,"Subject_48","1",400,1
"8932",112,100,60,3,1,2.1894,1,43,"Subject_48","1",300,1
"8933",113,100,14,1.2,0,3.0847,1,43,"Subject_48","1",120,1
"8934",114,20,8,1.01,0,1.4383,1,43,"Subject_48","1",20.2,2
"8935",115,20,3,1.1,0,2.4005,1,43,"Subject_48","1",22,2
"8936",116,100,30,2.5,1,1.6558,0,43,"Subject_48","1",250,1
"8937",117,20,1,1.8,1,1.637,1,43,"Subject_48","1",36,2
"8938",118,100,1,1.2,1,1.3492,1,43,"Subject_48","1",120,1
"8939",119,100,8,5,1,1.2954,0,43,"Subject_48","1",500,1
"8940",120,100,3,2.5,1,1.771,1,43,"Subject_48","1",250,1
"8941",121,100,8,1.02,0,1.3625,1,43,"Subject_48","1",102,1
"8942",122,20,1,5,1,1.2279,1,43,"Subject_48","1",100,2
"8943",123,20,5,10,1,1.64,0,43,"Subject_48","1",200,2
"8944",124,100,3,5,1,1.3257,0,43,"Subject_48","1",500,1
"8945",125,100,3,1.2,1,1.7972,0,43,"Subject_48","1",120,1
"8946",126,100,5,13,1,1.7496,0,43,"Subject_48","1",1300,1
"8947",127,100,3,3,1,1.4307,1,43,"Subject_48","1",300,1
"8948",128,20,14,3,1,2.7454,0,43,"Subject_48","1",60,2
"8949",129,100,1,10,1,1.7269,1,43,"Subject_48","1",1000,1
"8950",130,100,30,13,1,1.7873,1,43,"Subject_48","1",1300,1
"8951",131,100,14,1.8,1,2.1829,0,43,"Subject_48","1",180,1
"8952",132,20,14,4,1,2.3694,1,43,"Subject_48","1",80,2
"8953",133,100,3,1.5,1,1.9515,0,43,"Subject_48","1",150,1
"8954",134,20,1,13,1,1.7999,1,43,"Subject_48","1",260,2
"8955",135,20,14,2,1,3.7114,0,43,"Subject_48","1",40,2
"8956",136,20,3,1.02,0,1.2454,1,43,"Subject_48","1",20.4,2
"8957",137,100,14,1.05,0,1.5135,1,43,"Subject_48","1",105,1
"8958",138,100,3,4,1,1.6099,1,43,"Subject_48","1",400,1
"8959",139,100,3,1.02,0,1.6859,1,43,"Subject_48","1",102,1
"8960",140,20,60,1.5,0,2.1157,0,43,"Subject_48","1",30,2
"8961",141,100,5,1.1,1,1.7368,1,43,"Subject_48","1",110,1
"8962",142,20,30,1.1,0,1.701,0,43,"Subject_48","1",22,2
"8963",143,100,8,1.1,1,3.1726,0,43,"Subject_48","1",110,1
"8964",144,20,30,5,1,2.1322,0,43,"Subject_48","1",100,2
"8965",145,100,14,2,1,2.7,0,43,"Subject_48","1",200,1
"8966",146,20,1,1.02,0,1.3323,1,43,"Subject_48","1",20.4,2
"8967",147,100,8,4,1,1.3724,0,43,"Subject_48","1",400,1
"8968",148,20,30,1.8,0,1.4693,0,43,"Subject_48","1",36,2
"8969",149,20,14,7,1,1.7997,0,43,"Subject_48","1",140,2
"8970",150,20,1,4,1,1.4459,1,43,"Subject_48","1",80,2
"8971",151,100,60,1.1,0,1.8788,0,43,"Subject_48","1",110,1
"8972",152,100,60,1.2,0,2.1447,0,43,"Subject_48","1",120,1
"8973",153,100,60,1.05,0,2.2366,1,43,"Subject_48","1",105,1
"8974",154,20,14,2.5,1,1.9573,1,43,"Subject_48","1",50,2
"8975",155,20,14,1.2,0,1.4824,0,43,"Subject_48","1",24,2
"8976",156,20,60,2,0,3.0544,1,43,"Subject_48","1",40,2
"8977",157,20,30,1.2,0,1.3501,1,43,"Subject_48","1",24,2
"8978",158,20,30,1.01,0,1.0115,1,43,"Subject_48","1",20.2,2
"8979",159,100,60,7,1,1.7083,0,43,"Subject_48","1",700,1
"8980",160,100,14,13,1,1.388,1,43,"Subject_48","1",1300,1
"8981",161,20,5,1.01,0,1.3023,1,43,"Subject_48","1",20.2,2
"8982",162,100,30,1.02,0,1.2507,0,43,"Subject_48","1",102,1
"8983",163,20,3,4,1,1.3727,0,43,"Subject_48","1",80,2
"8984",164,20,8,1.5,1,1.4882,1,43,"Subject_48","1",30,2
"8985",165,20,3,10,1,1.845,0,43,"Subject_48","1",200,2
"8986",166,20,3,2.5,1,1.7302,1,43,"Subject_48","1",50,2
"8987",167,20,60,1.02,0,1.4078,0,43,"Subject_48","1",20.4,2
"8988",168,100,14,7,1,1.3895,1,43,"Subject_48","1",700,1
"8989",169,20,5,1.8,1,1.4375,1,43,"Subject_48","1",36,2
"8990",170,20,5,1.02,0,1.2337,1,43,"Subject_48","1",20.4,2
"8991",171,20,30,10,1,2.2172,1,43,"Subject_48","1",200,2
"8992",172,100,1,7,1,1.4944,0,43,"Subject_48","1",700,1
"8993",173,20,14,5,1,1.2248,1,43,"Subject_48","1",100,2
"8994",174,100,60,1.5,0,2.793,1,43,"Subject_48","1",150,1
"8995",175,100,14,2.5,1,1.5257,1,43,"Subject_48","1",250,1
"8996",176,20,5,2,1,1.5368,1,43,"Subject_48","1",40,2
"8997",177,20,60,5,1,1.7983,0,43,"Subject_48","1",100,2
"8998",178,20,14,10,1,1.3947,0,43,"Subject_48","1",200,2
"8999",179,20,60,1.05,0,1.1823,1,43,"Subject_48","1",21,2
"9000",180,100,60,2.5,1,1.7621,1,43,"Subject_48","1",250,1
"9001",181,100,30,5,1,1.2093,1,43,"Subject_48","1",500,1
"9002",182,20,1,1.01,0,1.5628,0,43,"Subject_48","1",20.2,2
"9003",183,20,5,1.1,0,1.0638,1,43,"Subject_48","1",22,2
"9004",184,20,3,1.05,0,1.2138,0,43,"Subject_48","1",21,2
"9005",185,20,60,1.2,0,1.7272,0,43,"Subject_48","1",24,2
"9006",186,100,60,1.01,0,1.3345,0,43,"Subject_48","1",101,1
"9007",187,100,5,3,1,1.3904,0,43,"Subject_48","1",300,1
"9008",188,100,14,1.5,1,1.4805,0,43,"Subject_48","1",150,1
"9009",189,20,60,4,1,1.3955,1,43,"Subject_48","1",80,2
"9010",190,20,3,5,1,2.2738,0,43,"Subject_48","1",100,2
"9011",191,100,3,1.01,0,2.057,1,43,"Subject_48","1",101,1
"9012",192,20,60,2.5,1,1.7122,1,43,"Subject_48","1",50,2
"9013",193,20,5,4,1,1.0087,0,43,"Subject_48","1",80,2
"9014",194,20,1,1.05,0,1.6065,1,43,"Subject_48","1",21,2
"9015",195,100,30,1.2,1,2.2944,0,43,"Subject_48","1",120,1
"9016",196,20,30,2,1,2.4345,1,43,"Subject_48","1",40,2
"9017",197,100,1,1.1,1,1.8524,1,43,"Subject_48","1",110,1
"9018",198,100,8,2,1,1.6822,0,43,"Subject_48","1",200,1
"9019",199,20,14,1.01,0,1.2634,1,43,"Subject_48","1",20.2,2
"9020",200,20,8,1.1,0,1.5999,0,43,"Subject_48","1",22,2
"9021",201,100,3,13,1,1.3068,0,43,"Subject_48","1",1300,1
"9022",202,20,60,3,1,2.103,1,43,"Subject_48","1",60,2
"9023",203,20,8,1.2,1,1.7716,0,43,"Subject_48","1",24,2
"9024",204,100,60,13,1,1.1015,0,43,"Subject_48","1",1300,1
"9025",205,20,30,4,1,1.3479,1,43,"Subject_48","1",80,2
"9026",206,100,1,3,1,1.2795,0,43,"Subject_48","1",300,1
"9027",207,20,5,3,1,1.1091,0,43,"Subject_48","1",60,2
"9028",208,20,14,13,1,1.683,1,43,"Subject_48","1",260,2
"9029",209,100,3,1.8,1,1.2496,0,43,"Subject_48","1",180,1
"9030",210,100,1,5,1,0.9959,1,43,"Subject_48","1",500,1
"9031",1,100,3,1.2,0,3.1489,1,44,"Subject_49","2",120,1
"9032",2,100,14,1.01,0,2.1354,0,44,"Subject_49","2",101,1
"9033",3,100,30,2,1,2.6074,0,44,"Subject_49","2",200,1
"9034",4,20,1,4,1,2.1709,1,44,"Subject_49","2",80,2
"9035",5,20,3,13,1,1.9502,1,44,"Subject_49","2",260,2
"9036",6,100,8,3,1,1.9385,1,44,"Subject_49","2",300,1
"9037",7,100,30,10,1,1.7665,1,44,"Subject_49","2",1000,1
"9038",8,100,3,1.1,0,2.6737,0,44,"Subject_49","2",110,1
"9039",9,100,30,3,1,1.8127,1,44,"Subject_49","2",300,1
"9040",10,100,60,7,1,3.6723,0,44,"Subject_49","2",700,1
"9041",11,100,8,1.01,0,2.4272,0,44,"Subject_49","2",101,1
"9042",12,100,1,3,1,2.9408,1,44,"Subject_49","2",300,1
"9043",13,100,30,13,1,3.8697,0,44,"Subject_49","2",1300,1
"9044",14,100,30,1.8,1,2.5073,0,44,"Subject_49","2",180,1
"9045",15,20,8,3,1,2.2166,1,44,"Subject_49","2",60,2
"9046",16,100,8,5,1,2.1311,1,44,"Subject_49","2",500,1
"9047",17,20,14,7,1,2.9289,0,44,"Subject_49","2",140,2
"9048",18,20,60,1.2,0,2.7828,1,44,"Subject_49","2",24,2
"9049",19,100,8,1.1,0,2.4192,1,44,"Subject_49","2",110,1
"9050",20,100,60,3,1,1.9793,1,44,"Subject_49","2",300,1
"9051",21,20,5,1.5,0,4.4724,1,44,"Subject_49","2",30,2
"9052",22,20,30,1.1,0,2.6958,1,44,"Subject_49","2",22,2
"9053",23,20,5,7,1,1.7254,0,44,"Subject_49","2",140,2
"9054",24,100,3,5,1,2.7779,1,44,"Subject_49","2",500,1
"9055",25,20,1,10,1,2.0462,0,44,"Subject_49","2",200,2
"9056",26,20,3,1.02,0,3.006,1,44,"Subject_49","2",20.4,2
"9057",27,100,14,2.5,1,1.4217,1,44,"Subject_49","2",250,1
"9058",28,20,60,4,0,2.1834,1,44,"Subject_49","2",80,2
"9059",29,20,60,13,1,1.5648,0,44,"Subject_49","2",260,2
"9060",30,100,5,1.01,0,1.6112,0,44,"Subject_49","2",101,1
"9061",31,20,60,10,1,1.532,1,44,"Subject_49","2",200,2
"9062",32,100,8,1.05,0,3.9362,1,44,"Subject_49","2",105,1
"9063",33,20,60,1.05,0,2.3052,0,44,"Subject_49","2",21,2
"9064",34,100,60,1.01,0,4.117,0,44,"Subject_49","2",101,1
"9065",35,100,3,13,1,2.1022,1,44,"Subject_49","2",1300,1
"9066",36,100,14,10,1,2.202,0,44,"Subject_49","2",1000,1
"9067",37,20,3,1.8,1,3.912,1,44,"Subject_49","2",36,2
"9068",38,100,14,1.8,1,2.8868,1,44,"Subject_49","2",180,1
"9069",39,20,14,1.5,0,1.6074,0,44,"Subject_49","2",30,2
"9070",40,20,60,1.1,0,1.7679,0,44,"Subject_49","2",22,2
"9071",41,20,3,4,1,1.8256,1,44,"Subject_49","2",80,2
"9072",42,20,14,3,1,3.5041,1,44,"Subject_49","2",60,2
"9073",43,100,3,2,1,2.1959,1,44,"Subject_49","2",200,1
"9074",44,20,14,1.05,1,3.3105,0,44,"Subject_49","2",21,2
"9075",45,100,1,1.02,0,1.6306,0,44,"Subject_49","2",102,1
"9076",46,20,3,5,1,2.6995,0,44,"Subject_49","2",100,2
"9077",47,100,5,1.8,1,1.7463,1,44,"Subject_49","2",180,1
"9078",48,100,5,13,1,1.3643,1,44,"Subject_49","2",1300,1
"9079",49,20,60,2,0,2.8024,0,44,"Subject_49","2",40,2
"9080",50,20,1,1.8,1,3.5083,1,44,"Subject_49","2",36,2
"9081",51,100,14,7,1,1.5721,0,44,"Subject_49","2",700,1
"9082",52,20,5,13,1,1.5158,1,44,"Subject_49","2",260,2
"9083",53,100,30,1.01,0,1.5329,0,44,"Subject_49","2",101,1
"9084",54,100,8,1.02,0,2.2552,1,44,"Subject_49","2",102,1
"9085",55,20,1,1.05,0,1.4153,0,44,"Subject_49","2",21,2
"9086",56,20,1,1.5,1,2.1271,0,44,"Subject_49","2",30,2
"9087",57,100,14,4,1,1.3416,1,44,"Subject_49","2",400,1
"9088",58,20,3,7,1,1.3491,0,44,"Subject_49","2",140,2
"9089",59,20,14,1.02,0,2.1634,1,44,"Subject_49","2",20.4,2
"9090",60,20,60,1.8,0,1.8308,0,44,"Subject_49","2",36,2
"9091",61,100,14,1.1,0,2.6877,0,44,"Subject_49","2",110,1
"9092",62,20,30,2.5,0,3.4932,1,44,"Subject_49","2",50,2
"9093",63,20,14,10,1,6.0404,1,44,"Subject_49","2",200,2
"9094",64,20,60,1.01,0,1.8518,0,44,"Subject_49","2",20.2,2
"9095",65,100,3,7,1,2.2638,1,44,"Subject_49","2",700,1
"9096",66,100,60,1.05,0,1.8412,0,44,"Subject_49","2",105,1
"9097",67,20,14,1.8,1,2.9789,1,44,"Subject_49","2",36,2
"9098",68,100,3,1.5,1,2.2358,0,44,"Subject_49","2",150,1
"9099",69,100,8,1.2,0,1.893,1,44,"Subject_49","2",120,1
"9100",70,100,5,1.2,1,1.9288,0,44,"Subject_49","2",120,1
"9101",71,100,14,1.2,0,2.3353,0,44,"Subject_49","2",120,1
"9102",72,20,30,10,1,2.0686,0,44,"Subject_49","2",200,2
"9103",73,100,5,5,1,1.9112,1,44,"Subject_49","2",500,1
"9104",74,20,14,5,1,3.5639,1,44,"Subject_49","2",100,2
"9105",75,20,1,5,1,2.6439,1,44,"Subject_49","2",100,2
"9106",76,100,3,1.02,0,1.3094,0,44,"Subject_49","2",102,1
"9107",77,100,3,1.01,0,1.6381,0,44,"Subject_49","2",101,1
"9108",78,20,14,1.1,0,1.7052,1,44,"Subject_49","2",22,2
"9109",79,100,14,1.05,0,1.8317,0,44,"Subject_49","2",105,1
"9110",80,20,5,1.05,0,2.1928,0,44,"Subject_49","2",21,2
"9111",81,100,1,1.8,1,2.0021,0,44,"Subject_49","2",180,1
"9112",82,100,60,1.02,0,1.2367,1,44,"Subject_49","2",102,1
"9113",83,100,5,7,1,2.0843,0,44,"Subject_49","2",700,1
"9114",84,20,60,1.02,0,2.2641,1,44,"Subject_49","2",20.4,2
"9115",85,20,30,1.05,0,2.0963,0,44,"Subject_49","2",21,2
"9116",86,100,60,2,1,1.4543,1,44,"Subject_49","2",200,1
"9117",87,100,1,1.1,0,4.7987,1,44,"Subject_49","2",110,1
"9118",88,100,60,2.5,1,1.7165,0,44,"Subject_49","2",250,1
"9119",89,20,3,1.01,0,1.4571,1,44,"Subject_49","2",20.2,2
"9120",90,100,60,1.8,1,1.5528,1,44,"Subject_49","2",180,1
"9121",91,100,1,1.01,0,1.489,0,44,"Subject_49","2",101,1
"9122",92,100,60,4,1,1.5194,1,44,"Subject_49","2",400,1
"9123",93,20,30,5,1,2.2075,1,44,"Subject_49","2",100,2
"9124",94,20,60,5,1,2.634,0,44,"Subject_49","2",100,2
"9125",95,20,8,13,1,1.8099,0,44,"Subject_49","2",260,2
"9126",96,20,1,7,1,2.2328,0,44,"Subject_49","2",140,2
"9127",97,100,1,10,1,1.8422,1,44,"Subject_49","2",1000,1
"9128",98,100,5,2.5,1,1.6808,0,44,"Subject_49","2",250,1
"9129",99,20,3,1.1,1,2.0144,0,44,"Subject_49","2",22,2
"9130",100,20,8,1.02,0,1.6244,0,44,"Subject_49","2",20.4,2
"9131",101,20,60,2.5,1,1.4581,0,44,"Subject_49","2",50,2
"9132",102,20,3,1.5,0,1.9963,1,44,"Subject_49","2",30,2
"9133",103,20,30,2,1,2.3847,0,44,"Subject_49","2",40,2
"9134",104,100,5,1.05,0,3.5216,1,44,"Subject_49","2",105,1
"9135",105,100,14,3,1,1.3368,0,44,"Subject_49","2",300,1
"9136",106,100,8,2.5,1,2.2157,1,44,"Subject_49","2",250,1
"9137",107,20,30,1.8,0,4.0653,1,44,"Subject_49","2",36,2
"9138",108,100,5,2,1,3.6813,1,44,"Subject_49","2",200,1
"9139",109,20,3,3,1,2.8713,0,44,"Subject_49","2",60,2
"9140",110,100,60,1.1,0,2.5812,0,44,"Subject_49","2",110,1
"9141",111,100,5,3,1,1.781,1,44,"Subject_49","2",300,1
"9142",112,20,5,1.02,0,2.7898,1,44,"Subject_49","2",20.4,2
"9143",113,100,3,1.05,0,5.1615,1,44,"Subject_49","2",105,1
"9144",114,20,30,1.01,0,2.0468,0,44,"Subject_49","2",20.2,2
"9145",115,100,3,1.8,1,2.2466,0,44,"Subject_49","2",180,1
"9146",116,20,8,4,1,2.1428,1,44,"Subject_49","2",80,2
"9147",117,20,5,1.2,0,2.8413,0,44,"Subject_49","2",24,2
"9148",118,20,30,1.02,0,1.6316,0,44,"Subject_49","2",20.4,2
"9149",119,100,8,7,1,2.0498,1,44,"Subject_49","2",700,1
"9150",120,100,1,2,1,3.6311,0,44,"Subject_49","2",200,1
"9151",121,20,14,1.2,0,2.7306,0,44,"Subject_49","2",24,2
"9152",122,100,3,4,1,2.2441,1,44,"Subject_49","2",400,1
"9153",123,100,60,1.2,0,3.0935,0,44,"Subject_49","2",120,1
"9154",124,20,1,3,1,3.723,0,44,"Subject_49","2",60,2
"9155",125,100,8,1.8,1,1.9672,1,44,"Subject_49","2",180,1
"9156",126,20,60,1.5,0,3.2362,1,44,"Subject_49","2",30,2
"9157",127,20,5,1.8,0,4.0102,1,44,"Subject_49","2",36,2
"9158",128,20,1,13,1,3.9064,1,44,"Subject_49","2",260,2
"9159",129,100,1,4,1,2.474,0,44,"Subject_49","2",400,1
"9160",130,100,5,10,1,3.0448,0,44,"Subject_49","2",1000,1
"9161",131,100,1,1.5,1,3.1819,1,44,"Subject_49","2",150,1
"9162",132,100,8,10,1,3.5098,0,44,"Subject_49","2",1000,1
"9163",133,20,3,2,1,2.38,1,44,"Subject_49","2",40,2
"9164",134,100,14,1.02,0,1.9813,1,44,"Subject_49","2",102,1
"9165",135,20,14,2.5,1,5.4992,1,44,"Subject_49","2",50,2
"9166",136,100,8,4,1,1.9413,1,44,"Subject_49","2",400,1
"9167",137,20,5,10,1,3.448,0,44,"Subject_49","2",200,2
"9168",138,20,3,10,1,1.752,1,44,"Subject_49","2",200,2
"9169",139,20,1,2.5,1,1.5412,0,44,"Subject_49","2",50,2
"9170",140,20,3,1.05,0,1.6762,0,44,"Subject_49","2",21,2
"9171",141,20,8,2.5,1,2.1602,1,44,"Subject_49","2",50,2
"9172",142,20,5,1.01,0,1.5329,0,44,"Subject_49","2",20.2,2
"9173",143,100,14,13,1,2.0351,1,44,"Subject_49","2",1300,1
"9174",144,20,8,1.8,0,1.6969,0,44,"Subject_49","2",36,2
"9175",145,20,5,1.1,0,1.5344,0,44,"Subject_49","2",22,2
"9176",146,100,8,13,1,1.2421,0,44,"Subject_49","2",1300,1
"9177",147,100,1,1.05,0,1.567,0,44,"Subject_49","2",105,1
"9178",148,100,8,2,1,1.5972,0,44,"Subject_49","2",200,1
"9179",149,20,3,1.2,0,6.677,0,44,"Subject_49","2",24,2
"9180",150,100,3,2.5,1,2.1012,0,44,"Subject_49","2",250,1
"9181",151,20,30,3,1,5.7778,0,44,"Subject_49","2",60,2
"9182",152,100,14,5,1,3.3415,1,44,"Subject_49","2",500,1
"9183",153,100,30,1.5,1,3.6016,0,44,"Subject_49","2",150,1
"9184",154,100,1,13,1,1.9129,1,44,"Subject_49","2",1300,1
"9185",155,20,30,7,1,1.6247,1,44,"Subject_49","2",140,2
"9186",156,100,3,3,1,2.4965,0,44,"Subject_49","2",300,1
"9187",157,100,5,1.02,0,5.2012,1,44,"Subject_49","2",102,1
"9188",158,100,8,1.5,1,1.5562,0,44,"Subject_49","2",150,1
"9189",159,20,30,1.5,0,3.0313,1,44,"Subject_49","2",30,2
"9190",160,100,14,2,1,2.6488,1,44,"Subject_49","2",200,1
"9191",161,20,30,1.2,0,2.1212,0,44,"Subject_49","2",24,2
"9192",162,20,1,1.2,0,2.1924,1,44,"Subject_49","2",24,2
"9193",163,20,8,2,1,4.2557,0,44,"Subject_49","2",40,2
"9194",164,20,8,1.01,0,1.6201,1,44,"Subject_49","2",20.2,2
"9195",165,100,5,1.1,0,4.1891,1,44,"Subject_49","2",110,1
"9196",166,20,8,5,1,2.8728,0,44,"Subject_49","2",100,2
"9197",167,20,8,10,1,2.043,1,44,"Subject_49","2",200,2
"9198",168,20,1,1.01,0,4.0095,0,44,"Subject_49","2",20.2,2
"9199",169,20,14,2,0,3.773,1,44,"Subject_49","2",40,2
"9200",170,20,5,2,1,1.9612,1,44,"Subject_49","2",40,2
"9201",171,100,60,5,1,1.7145,1,44,"Subject_49","2",500,1
"9202",172,100,1,5,1,1.7094,1,44,"Subject_49","2",500,1
"9203",173,20,30,13,1,1.87,1,44,"Subject_49","2",260,2
"9204",174,20,5,4,1,6.3431,1,44,"Subject_49","2",80,2
"9205",175,20,14,4,0,3.8012,1,44,"Subject_49","2",80,2
"9206",176,20,8,1.05,0,1.9087,0,44,"Subject_49","2",21,2
"9207",177,100,60,1.5,1,5.0265,1,44,"Subject_49","2",150,1
"9208",178,100,30,5,1,2.8954,1,44,"Subject_49","2",500,1
"9209",179,20,1,1.1,0,3.2451,1,44,"Subject_49","2",22,2
"9210",180,20,60,3,1,2.0441,1,44,"Subject_49","2",60,2
"9211",181,100,5,4,1,2.2383,1,44,"Subject_49","2",400,1
"9212",182,20,5,5,1,2.3343,0,44,"Subject_49","2",100,2
"9213",183,100,14,1.5,1,3.0649,0,44,"Subject_49","2",150,1
"9214",184,20,30,4,0,2.8713,1,44,"Subject_49","2",80,2
"9215",185,100,1,1.2,0,1.7277,0,44,"Subject_49","2",120,1
"9216",186,100,30,1.2,0,3.3007,1,44,"Subject_49","2",120,1
"9217",187,20,8,1.2,0,1.4207,0,44,"Subject_49","2",24,2
"9218",188,20,8,7,1,2.2781,1,44,"Subject_49","2",140,2
"9219",189,100,60,13,1,2.4609,0,44,"Subject_49","2",1300,1
"9220",190,20,14,13,1,1.8924,0,44,"Subject_49","2",260,2
"9221",191,20,14,1.01,1,1.5002,0,44,"Subject_49","2",20.2,2
"9222",192,100,5,1.5,1,3.8591,0,44,"Subject_49","2",150,1
"9223",193,20,1,1.02,0,2.3507,1,44,"Subject_49","2",20.4,2
"9224",194,20,5,3,1,3.2993,0,44,"Subject_49","2",60,2
"9225",195,100,60,10,1,2.2733,0,44,"Subject_49","2",1000,1
"9226",196,100,30,2.5,1,2.8557,0,44,"Subject_49","2",250,1
"9227",197,20,5,2.5,1,1.704,0,44,"Subject_49","2",50,2
"9228",198,100,30,7,1,3.0709,0,44,"Subject_49","2",700,1
"9229",199,20,8,1.5,0,1.5628,1,44,"Subject_49","2",30,2
"9230",200,100,30,4,1,1.6025,1,44,"Subject_49","2",400,1
"9231",201,20,8,1.1,0,1.3549,1,44,"Subject_49","2",22,2
"9232",202,100,30,1.1,0,2.0426,1,44,"Subject_49","2",110,1
"9233",203,20,3,2.5,1,2.9684,0,44,"Subject_49","2",50,2
"9234",204,100,3,10,1,2.4601,0,44,"Subject_49","2",1000,1
"9235",205,20,1,2,1,1.985,1,44,"Subject_49","2",40,2
"9236",206,20,60,7,1,1.5634,0,44,"Subject_49","2",140,2
"9237",207,100,30,1.05,0,12.1418,0,44,"Subject_49","2",105,1
"9238",208,100,1,7,1,1.6809,1,44,"Subject_49","2",700,1
"9239",209,100,30,1.02,0,1.362,0,44,"Subject_49","2",102,1
"9240",210,100,1,2.5,1,2.7229,1,44,"Subject_49","2",250,1
"9241",1,20,14,7,1,2.3782,0,45,"Subject_50","2",140,2
"9242",2,100,5,2,1,1.9967,1,45,"Subject_50","2",200,1
"9243",3,100,14,1.02,0,4.0479,1,45,"Subject_50","2",102,1
"9244",4,100,14,1.5,1,2.5698,1,45,"Subject_50","2",150,1
"9245",5,100,3,2,1,2.1997,1,45,"Subject_50","2",200,1
"9246",6,100,14,1.01,0,2.2033,0,45,"Subject_50","2",101,1
"9247",7,20,3,10,1,2.0673,0,45,"Subject_50","2",200,2
"9248",8,100,5,2.5,1,1.8172,1,45,"Subject_50","2",250,1
"9249",9,20,1,13,1,1.3111,0,45,"Subject_50","2",260,2
"9250",10,100,30,1.1,1,2.9844,0,45,"Subject_50","2",110,1
"9251",11,20,5,2,1,1.5269,1,45,"Subject_50","2",40,2
"9252",12,100,14,4,1,1.4022,0,45,"Subject_50","2",400,1
"9253",13,20,30,1.01,0,2.5061,0,45,"Subject_50","2",20.2,2
"9254",14,100,5,1.1,1,4.0365,0,45,"Subject_50","2",110,1
"9255",15,20,1,1.1,0,4.3136,1,45,"Subject_50","2",22,2
"9256",16,20,30,2.5,1,4.9679,0,45,"Subject_50","2",50,2
"9257",17,20,3,5,1,1.3468,0,45,"Subject_50","2",100,2
"9258",18,20,8,1.5,1,2.2672,0,45,"Subject_50","2",30,2
"9259",19,20,30,2,1,2.2962,0,45,"Subject_50","2",40,2
"9260",20,20,3,1.5,1,2.0093,1,45,"Subject_50","2",30,2
"9261",21,100,1,1.05,1,1.7961,1,45,"Subject_50","2",105,1
"9262",22,20,5,1.2,1,2.5117,1,45,"Subject_50","2",24,2
"9263",23,20,3,1.02,1,1.3419,1,45,"Subject_50","2",20.4,2
"9264",24,20,1,4,1,1.1256,0,45,"Subject_50","2",80,2
"9265",25,100,5,1.01,1,1.355,1,45,"Subject_50","2",101,1
"9266",26,20,30,7,1,1.0031,1,45,"Subject_50","2",140,2
"9267",27,100,1,1.01,1,1.5629,0,45,"Subject_50","2",101,1
"9268",28,20,14,1.2,1,1.0633,1,45,"Subject_50","2",24,2
"9269",29,20,1,1.01,1,1.5057,1,45,"Subject_50","2",20.2,2
"9270",30,20,14,13,1,0.936,1,45,"Subject_50","2",260,2
"9271",31,20,8,1.05,1,1.1312,1,45,"Subject_50","2",21,2
"9272",32,20,8,1.02,1,0.8381,0,45,"Subject_50","2",20.4,2
"9273",33,100,30,1.01,1,1.1132,1,45,"Subject_50","2",101,1
"9274",34,100,14,10,1,2.3682,0,45,"Subject_50","2",1000,1
"9275",35,100,14,2,1,3.4858,0,45,"Subject_50","2",200,1
"9276",36,100,1,2,1,1.392,1,45,"Subject_50","2",200,1
"9277",37,20,60,1.02,1,1.0577,1,45,"Subject_50","2",20.4,2
"9278",38,20,5,3,1,1.0764,1,45,"Subject_50","2",60,2
"9279",39,100,60,3,0,0.5561,0,45,"Subject_50","2",300,1
"9280",40,20,1,1.8,1,0.8298,1,45,"Subject_50","2",36,2
"9281",41,20,1,1.02,1,1.2695,1,45,"Subject_50","2",20.4,2
"9282",42,100,1,3,1,1.2398,1,45,"Subject_50","2",300,1
"9283",43,20,14,5,1,0.9853,1,45,"Subject_50","2",100,2
"9284",44,100,8,1.2,1,0.8363,1,45,"Subject_50","2",120,1
"9285",45,100,3,1.8,1,0.6705,1,45,"Subject_50","2",180,1
"9286",46,20,30,1.05,1,2.7731,1,45,"Subject_50","2",21,2
"9287",47,20,3,7,1,0.9272,1,45,"Subject_50","2",140,2
"9288",48,20,5,13,1,1.4152,0,45,"Subject_50","2",260,2
"9289",49,20,30,1.8,1,1.521,0,45,"Subject_50","2",36,2
"9290",50,100,60,1.01,1,0.8516,0,45,"Subject_50","2",101,1
"9291",51,100,3,2.5,1,0.8682,0,45,"Subject_50","2",250,1
"9292",52,20,14,1.8,1,0.9294,0,45,"Subject_50","2",36,2
"9293",53,20,5,1.8,1,0.8509,0,45,"Subject_50","2",36,2
"9294",54,100,1,1.1,0,0.8938,0,45,"Subject_50","2",110,1
"9295",55,100,3,1.02,0,0.7032,0,45,"Subject_50","2",102,1
"9296",56,100,14,1.1,1,1.1088,1,45,"Subject_50","2",110,1
"9297",57,20,5,7,1,1.3098,0,45,"Subject_50","2",140,2
"9298",58,20,14,1.1,1,1.0538,0,45,"Subject_50","2",22,2
"9299",59,100,60,4,1,0.9935,1,45,"Subject_50","2",400,1
"9300",60,100,8,2,1,0.7769,1,45,"Subject_50","2",200,1
"9301",61,20,14,4,1,1.5466,0,45,"Subject_50","2",80,2
"9302",62,20,60,5,1,0.9407,1,45,"Subject_50","2",100,2
"9303",63,100,1,4,1,0.7357,0,45,"Subject_50","2",400,1
"9304",64,100,60,10,1,0.6915,0,45,"Subject_50","2",1000,1
"9305",65,100,5,1.02,1,1.6469,0,45,"Subject_50","2",102,1
"9306",66,100,1,7,1,0.7435,1,45,"Subject_50","2",700,1
"9307",67,100,60,2,1,0.6796,1,45,"Subject_50","2",200,1
"9308",68,20,3,13,1,0.8895,1,45,"Subject_50","2",260,2
"9309",69,20,60,1.01,1,2.1321,0,45,"Subject_50","2",20.2,2
"9310",70,20,14,1.05,1,0.8401,1,45,"Subject_50","2",21,2
"9311",71,20,14,1.02,1,1.0075,1,45,"Subject_50","2",20.4,2
"9312",72,100,14,2.5,1,1.5388,0,45,"Subject_50","2",250,1
"9313",73,20,60,1.1,1,2.7691,1,45,"Subject_50","2",22,2
"9314",74,20,5,1.02,1,1.3553,1,45,"Subject_50","2",20.4,2
"9315",75,100,14,1.8,1,0.7403,1,45,"Subject_50","2",180,1
"9316",76,100,8,1.1,1,0.7777,1,45,"Subject_50","2",110,1
"9317",77,100,30,1.05,1,1.2469,1,45,"Subject_50","2",105,1
"9318",78,20,8,1.01,1,1.1768,1,45,"Subject_50","2",20.2,2
"9319",79,20,14,1.01,1,0.7521,1,45,"Subject_50","2",20.2,2
"9320",80,100,60,1.1,1,0.5436,0,45,"Subject_50","2",110,1
"9321",81,100,5,1.5,1,0.7179,0,45,"Subject_50","2",150,1
"9322",82,100,1,5,1,0.6211,0,45,"Subject_50","2",500,1
"9323",83,20,60,1.05,1,1.5337,0,45,"Subject_50","2",21,2
"9324",84,100,30,5,0,0.8084,0,45,"Subject_50","2",500,1
"9325",85,20,1,2.5,1,1.3363,0,45,"Subject_50","2",50,2
"9326",86,20,60,4,1,0.8678,0,45,"Subject_50","2",80,2
"9327",87,100,3,3,1,0.647,0,45,"Subject_50","2",300,1
"9328",88,100,8,7,1,1.0318,1,45,"Subject_50","2",700,1
"9329",89,100,30,10,1,1.0049,1,45,"Subject_50","2",1000,1
"9330",90,100,5,1.8,1,0.9366,1,45,"Subject_50","2",180,1
"9331",91,100,60,2.5,1,1.0242,0,45,"Subject_50","2",250,1
"9332",92,100,3,1.2,1,1.1792,0,45,"Subject_50","2",120,1
"9333",93,100,60,1.05,1,0.6254,0,45,"Subject_50","2",105,1
"9334",94,20,30,4,1,0.81,1,45,"Subject_50","2",80,2
"9335",95,100,30,2.5,1,0.8077,0,45,"Subject_50","2",250,1
"9336",96,100,1,1.02,1,0.7511,0,45,"Subject_50","2",102,1
"9337",97,20,1,3,1,1.2865,0,45,"Subject_50","2",60,2
"9338",98,20,3,1.05,1,1.1734,0,45,"Subject_50","2",21,2
"9339",99,100,14,1.2,1,1.1484,1,45,"Subject_50","2",120,1
"9340",100,20,5,1.01,1,1.0693,1,45,"Subject_50","2",20.2,2
"9341",101,100,30,2,0,0.8452,0,45,"Subject_50","2",200,1
"9342",102,20,30,10,1,1.3002,1,45,"Subject_50","2",200,2
"9343",103,100,1,10,1,0.8176,1,45,"Subject_50","2",1000,1
"9344",104,100,1,13,1,0.9986,1,45,"Subject_50","2",1300,1
"9345",105,100,3,1.01,1,1.4762,1,45,"Subject_50","2",101,1
"9346",106,20,5,4,1,1.2061,0,45,"Subject_50","2",80,2
"9347",107,20,30,1.02,1,0.7796,0,45,"Subject_50","2",20.4,2
"9348",108,100,60,1.2,1,0.8597,0,45,"Subject_50","2",120,1
"9349",109,100,30,1.5,1,0.9858,0,45,"Subject_50","2",150,1
"9350",110,100,8,1.02,1,0.7711,1,45,"Subject_50","2",102,1
"9351",111,100,3,4,1,0.5535,0,45,"Subject_50","2",400,1
"9352",112,100,5,3,1,0.7503,1,45,"Subject_50","2",300,1
"9353",113,100,14,5,1,0.634,0,45,"Subject_50","2",500,1
"9354",114,20,14,2.5,1,0.679,1,45,"Subject_50","2",50,2
"9355",115,20,60,2.5,1,0.7091,0,45,"Subject_50","2",50,2
"9356",116,20,3,1.01,1,0.7781,0,45,"Subject_50","2",20.2,2
"9357",117,100,8,2.5,1,1.1929,0,45,"Subject_50","2",250,1
"9358",118,20,30,1.2,1,0.8335,1,45,"Subject_50","2",24,2
"9359",119,20,14,1.5,1,0.9111,1,45,"Subject_50","2",30,2
"9360",120,100,30,1.8,1,1.0047,0,45,"Subject_50","2",180,1
"9361",121,100,14,7,1,0.927,1,45,"Subject_50","2",700,1
"9362",122,100,8,3,1,0.6316,0,45,"Subject_50","2",300,1
"9363",123,100,8,1.8,1,0.7099,0,45,"Subject_50","2",180,1
"9364",124,20,1,10,1,0.8401,0,45,"Subject_50","2",200,2
"9365",125,20,60,10,1,0.5461,0,45,"Subject_50","2",200,2
"9366",126,20,30,5,1,0.7711,1,45,"Subject_50","2",100,2
"9367",127,20,5,10,1,0.9106,0,45,"Subject_50","2",200,2
"9368",128,20,3,2,1,0.8395,0,45,"Subject_50","2",40,2
"9369",129,100,30,3,1,0.5444,0,45,"Subject_50","2",300,1
"9370",130,20,14,2,1,0.859,0,45,"Subject_50","2",40,2
"9371",131,20,14,3,1,0.8831,1,45,"Subject_50","2",60,2
"9372",132,100,1,1.2,1,0.8588,1,45,"Subject_50","2",120,1
"9373",133,20,8,2.5,1,1.3246,1,45,"Subject_50","2",50,2
"9374",134,20,8,1.2,1,1.0173,0,45,"Subject_50","2",24,2
"9375",135,100,5,1.05,1,1.3506,1,45,"Subject_50","2",105,1
"9376",136,100,3,1.5,1,0.8221,1,45,"Subject_50","2",150,1
"9377",137,100,8,1.5,1,0.7036,0,45,"Subject_50","2",150,1
"9378",138,20,8,2,1,0.972,1,45,"Subject_50","2",40,2
"9379",139,20,60,3,1,1.1881,1,45,"Subject_50","2",60,2
"9380",140,100,8,1.05,1,1.5198,0,45,"Subject_50","2",105,1
"9381",141,100,14,1.05,1,0.6324,0,45,"Subject_50","2",105,1
"9382",142,100,8,5,1,0.9993,1,45,"Subject_50","2",500,1
"9383",143,20,5,1.05,1,0.7659,1,45,"Subject_50","2",21,2
"9384",144,100,5,7,1,0.8367,1,45,"Subject_50","2",700,1
"9385",145,20,8,4,1,1.005,0,45,"Subject_50","2",80,2
"9386",146,20,3,1.8,0,1.0636,1,45,"Subject_50","2",36,2
"9387",147,20,8,10,1,0.9043,1,45,"Subject_50","2",200,2
"9388",148,20,3,1.2,1,0.8442,1,45,"Subject_50","2",24,2
"9389",149,100,3,10,1,0.8902,1,45,"Subject_50","2",1000,1
"9390",150,100,30,7,1,1.0257,1,45,"Subject_50","2",700,1
"9391",151,100,1,1.8,1,1.0567,1,45,"Subject_50","2",180,1
"9392",152,100,60,1.8,1,1.6606,0,45,"Subject_50","2",180,1
"9393",153,20,5,1.5,1,1.4678,0,45,"Subject_50","2",30,2
"9394",154,100,5,13,1,0.8912,1,45,"Subject_50","2",1300,1
"9395",155,100,30,1.2,1,1.504,1,45,"Subject_50","2",120,1
"9396",156,100,60,1.5,1,1.2671,0,45,"Subject_50","2",150,1
"9397",157,20,60,7,1,0.9667,0,45,"Subject_50","2",140,2
"9398",158,100,5,5,1,0.9746,1,45,"Subject_50","2",500,1
"9399",159,20,60,13,1,0.5648,1,45,"Subject_50","2",260,2
"9400",160,20,5,5,1,0.6802,1,45,"Subject_50","2",100,2
"9401",161,20,5,2.5,1,1.0636,1,45,"Subject_50","2",50,2
"9402",162,20,8,3,1,0.7647,1,45,"Subject_50","2",60,2
"9403",163,100,60,13,1,1.1687,1,45,"Subject_50","2",1300,1
"9404",164,100,1,1.5,1,1.5017,1,45,"Subject_50","2",150,1
"9405",165,20,8,1.8,1,0.7845,1,45,"Subject_50","2",36,2
"9406",166,20,8,7,1,0.7124,0,45,"Subject_50","2",140,2
"9407",167,20,30,13,1,0.8086,1,45,"Subject_50","2",260,2
"9408",168,100,60,5,1,1.371,0,45,"Subject_50","2",500,1
"9409",169,100,30,13,1,0.7086,0,45,"Subject_50","2",1300,1
"9410",170,20,60,1.8,1,1.4153,1,45,"Subject_50","2",36,2
"9411",171,20,8,13,1,1.2206,0,45,"Subject_50","2",260,2
"9412",172,100,3,7,1,0.7489,0,45,"Subject_50","2",700,1
"9413",173,20,1,5,1,0.9089,0,45,"Subject_50","2",100,2
"9414",174,20,60,2,1,1.3762,0,45,"Subject_50","2",40,2
"9415",175,100,5,10,1,0.6001,0,45,"Subject_50","2",1000,1
"9416",176,20,30,1.5,1,1.4389,1,45,"Subject_50","2",30,2
"9417",177,20,3,2.5,1,1.225,1,45,"Subject_50","2",50,2
"9418",178,20,3,3,1,1.153,1,45,"Subject_50","2",60,2
"9419",179,20,1,1.5,1,1.5019,0,45,"Subject_50","2",30,2
"9420",180,100,3,5,1,1.4293,1,45,"Subject_50","2",500,1
"9421",181,100,14,13,1,0.921,0,45,"Subject_50","2",1300,1
"9422",182,20,3,4,1,0.659,0,45,"Subject_50","2",80,2
"9423",183,20,14,10,1,0.6147,1,45,"Subject_50","2",200,2
"9424",184,20,8,1.1,1,0.6393,0,45,"Subject_50","2",22,2
"9425",185,20,30,1.1,1,0.7829,1,45,"Subject_50","2",22,2
"9426",186,100,5,1.2,0,0.9351,0,45,"Subject_50","2",120,1
"9427",187,100,3,1.05,1,0.9727,1,45,"Subject_50","2",105,1
"9428",188,20,8,5,0,0.658,1,45,"Subject_50","2",100,2
"9429",189,20,60,1.5,1,3.3764,0,45,"Subject_50","2",30,2
"9430",190,20,5,1.1,1,0.819,1,45,"Subject_50","2",22,2
"9431",191,20,30,3,1,0.7026,0,45,"Subject_50","2",60,2
"9432",192,100,8,4,1,0.9037,0,45,"Subject_50","2",400,1
"9433",193,20,3,1.1,1,1.4777,0,45,"Subject_50","2",22,2
"9434",194,20,60,1.2,1,1.577,0,45,"Subject_50","2",24,2
"9435",195,20,1,7,1,0.8558,1,45,"Subject_50","2",140,2
"9436",196,100,3,13,1,0.5419,0,45,"Subject_50","2",1300,1
"9437",197,100,30,4,1,1.016,0,45,"Subject_50","2",400,1
"9438",198,100,60,1.02,1,0.8416,0,45,"Subject_50","2",102,1
"9439",199,20,1,1.2,1,0.9691,1,45,"Subject_50","2",24,2
"9440",200,100,3,1.1,1,0.9455,1,45,"Subject_50","2",110,1
"9441",201,100,14,3,1,1.0225,1,45,"Subject_50","2",300,1
"9442",202,100,8,10,1,0.9864,1,45,"Subject_50","2",1000,1
"9443",203,100,30,1.02,1,1.0621,1,45,"Subject_50","2",102,1
"9444",204,20,1,1.05,1,1.2855,1,45,"Subject_50","2",21,2
"9445",205,100,60,7,1,0.9426,1,45,"Subject_50","2",700,1
"9446",206,100,1,2.5,1,0.9999,1,45,"Subject_50","2",250,1
"9447",207,100,5,4,1,1.2543,0,45,"Subject_50","2",400,1
"9448",208,100,8,13,1,0.6231,0,45,"Subject_50","2",1300,1
"9449",209,20,1,2,1,2.5408,0,45,"Subject_50","2",40,2
"9450",210,100,8,1.01,0,0.5568,0,45,"Subject_50","2",101,1
"9451",1,100,3,1.8,1,2.1044,0,46,"Subject_51","1",180,1
"9452",2,20,30,7,1,1.9736,0,46,"Subject_51","1",140,2
"9453",3,20,1,7,1,1.6373,0,46,"Subject_51","1",140,2
"9454",4,20,5,1.02,0,2.4486,0,46,"Subject_51","1",20.4,2
"9455",5,100,14,1.02,0,1.7049,1,46,"Subject_51","1",102,1
"9456",6,100,5,7,1,1.6524,0,46,"Subject_51","1",700,1
"9457",7,20,5,3,1,1.5413,1,46,"Subject_51","1",60,2
"9458",8,100,30,4,1,2.2954,1,46,"Subject_51","1",400,1
"9459",9,100,14,2.5,1,3.8081,1,46,"Subject_51","1",250,1
"9460",10,100,1,2,1,1.3902,0,46,"Subject_51","1",200,1
"9461",11,100,8,10,1,1.351,1,46,"Subject_51","1",1000,1
"9462",12,100,60,1.02,0,1.7932,0,46,"Subject_51","1",102,1
"9463",13,100,8,2,1,1.6019,1,46,"Subject_51","1",200,1
"9464",14,100,14,2,1,1.2579,0,46,"Subject_51","1",200,1
"9465",15,100,14,1.5,1,1.3684,0,46,"Subject_51","1",150,1
"9466",16,20,8,7,1,1.2514,1,46,"Subject_51","1",140,2
"9467",17,100,8,13,1,1.1463,0,46,"Subject_51","1",1300,1
"9468",18,100,60,5,1,2.1288,0,46,"Subject_51","1",500,1
"9469",19,20,1,1.1,1,1.8893,0,46,"Subject_51","1",22,2
"9470",20,100,5,1.05,1,1.0604,0,46,"Subject_51","1",105,1
"9471",21,20,30,1.02,0,1.701,1,46,"Subject_51","1",20.4,2
"9472",22,100,3,5,1,1.0077,0,46,"Subject_51","1",500,1
"9473",23,20,5,2,1,2.7578,0,46,"Subject_51","1",40,2
"9474",24,20,14,5,1,1.0811,1,46,"Subject_51","1",100,2
"9475",25,100,14,7,1,1.4093,0,46,"Subject_51","1",700,1
"9476",26,20,14,1.02,0,1.8837,1,46,"Subject_51","1",20.4,2
"9477",27,20,14,13,1,1.3716,0,46,"Subject_51","1",260,2
"9478",28,100,30,1.8,0,1.4621,1,46,"Subject_51","1",180,1
"9479",29,20,1,2,1,1.1779,1,46,"Subject_51","1",40,2
"9480",30,100,5,1.02,0,1.5764,1,46,"Subject_51","1",102,1
"9481",31,20,14,7,1,1.4896,1,46,"Subject_51","1",140,2
"9482",32,100,30,10,1,1.6285,0,46,"Subject_51","1",1000,1
"9483",33,100,14,5,1,1.5153,0,46,"Subject_51","1",500,1
"9484",34,20,5,1.8,1,1.567,1,46,"Subject_51","1",36,2
"9485",35,20,60,2.5,1,3.5791,0,46,"Subject_51","1",50,2
"9486",36,20,3,7,1,1.0347,0,46,"Subject_51","1",140,2
"9487",37,100,60,10,1,1.0866,0,46,"Subject_51","1",1000,1
"9488",38,100,60,1.8,0,2.1202,1,46,"Subject_51","1",180,1
"9489",39,100,30,1.1,0,2.5235,1,46,"Subject_51","1",110,1
"9490",40,20,5,1.2,0,2.653,0,46,"Subject_51","1",24,2
"9491",41,100,14,1.8,1,1.6413,0,46,"Subject_51","1",180,1
"9492",42,20,30,13,1,1.5175,0,46,"Subject_51","1",260,2
"9493",43,20,5,1.5,1,1.8746,1,46,"Subject_51","1",30,2
"9494",44,20,14,3,1,1.3515,0,46,"Subject_51","1",60,2
"9495",45,100,60,13,1,1.6053,1,46,"Subject_51","1",1300,1
"9496",46,100,30,1.2,0,1.4304,1,46,"Subject_51","1",120,1
"9497",47,100,8,1.05,0,1.9029,1,46,"Subject_51","1",105,1
"9498",48,20,30,1.2,0,2.066,1,46,"Subject_51","1",24,2
"9499",49,100,1,4,1,1.1032,0,46,"Subject_51","1",400,1
"9500",50,100,8,7,1,1.3426,1,46,"Subject_51","1",700,1
"9501",51,100,3,4,1,1.4648,0,46,"Subject_51","1",400,1
"9502",52,20,14,1.05,0,1.4665,0,46,"Subject_51","1",21,2
"9503",53,100,5,1.8,1,1.3546,1,46,"Subject_51","1",180,1
"9504",54,100,5,10,1,1.1687,1,46,"Subject_51","1",1000,1
"9505",55,20,14,1.1,0,1.1015,0,46,"Subject_51","1",22,2
"9506",56,20,3,1.1,1,1.5261,0,46,"Subject_51","1",22,2
"9507",57,100,5,2.5,1,1.0529,1,46,"Subject_51","1",250,1
"9508",58,100,8,1.1,0,1.5969,1,46,"Subject_51","1",110,1
"9509",59,100,60,1.1,0,1.0645,1,46,"Subject_51","1",110,1
"9510",60,100,30,1.02,0,1.0265,1,46,"Subject_51","1",102,1
"9511",61,100,1,7,1,0.7942,1,46,"Subject_51","1",700,1
"9512",62,20,1,1.02,0,2.0561,0,46,"Subject_51","1",20.4,2
"9513",63,20,8,1.02,0,1.3442,0,46,"Subject_51","1",20.4,2
"9514",64,20,5,2.5,1,1.1161,0,46,"Subject_51","1",50,2
"9515",65,20,14,2,1,1.6084,1,46,"Subject_51","1",40,2
"9516",66,100,8,5,1,0.9267,0,46,"Subject_51","1",500,1
"9517",67,100,3,1.02,0,1.0638,0,46,"Subject_51","1",102,1
"9518",68,100,60,3,1,1.259,0,46,"Subject_51","1",300,1
"9519",69,20,3,1.05,1,1.5774,0,46,"Subject_51","1",21,2
"9520",70,100,1,5,1,1.2334,1,46,"Subject_51","1",500,1
"9521",71,100,8,1.8,1,1.3906,1,46,"Subject_51","1",180,1
"9522",72,20,14,1.8,0,2.187,0,46,"Subject_51","1",36,2
"9523",73,100,1,1.05,1,2.2923,0,46,"Subject_51","1",105,1
"9524",74,100,14,10,1,1.2258,1,46,"Subject_51","1",1000,1
"9525",75,20,8,4,1,1.3487,0,46,"Subject_51","1",80,2
"9526",76,100,3,1.05,0,1.4765,0,46,"Subject_51","1",105,1
"9527",77,20,30,5,0,2.0444,1,46,"Subject_51","1",100,2
"9528",78,100,30,2,1,1.8808,1,46,"Subject_51","1",200,1
"9529",79,20,8,10,1,1.3346,0,46,"Subject_51","1",200,2
"9530",80,20,5,1.1,0,2.2564,1,46,"Subject_51","1",22,2
"9531",81,100,8,1.01,0,1.8498,0,46,"Subject_51","1",101,1
"9532",82,20,30,4,1,1.7204,0,46,"Subject_51","1",80,2
"9533",83,100,5,5,1,1.2855,0,46,"Subject_51","1",500,1
"9534",84,100,3,10,1,1.1413,1,46,"Subject_51","1",1000,1
"9535",85,20,5,5,1,1.7621,0,46,"Subject_51","1",100,2
"9536",86,100,1,1.5,1,1.3347,1,46,"Subject_51","1",150,1
"9537",87,20,8,3,0,1.3292,1,46,"Subject_51","1",60,2
"9538",88,20,14,1.01,0,1.123,0,46,"Subject_51","1",20.2,2
"9539",89,20,30,1.8,1,1.4298,0,46,"Subject_51","1",36,2
"9540",90,20,8,2,1,1.0765,0,46,"Subject_51","1",40,2
"9541",91,100,3,13,1,1.1678,1,46,"Subject_51","1",1300,1
"9542",92,100,60,1.5,1,0.9182,1,46,"Subject_51","1",150,1
"9543",93,100,1,13,1,0.8602,1,46,"Subject_51","1",1300,1
"9544",94,100,30,5,1,0.9773,0,46,"Subject_51","1",500,1
"9545",95,100,60,7,1,0.9284,1,46,"Subject_51","1",700,1
"9546",96,20,1,1.01,0,0.862,1,46,"Subject_51","1",20.2,2
"9547",97,20,14,10,1,1.3012,0,46,"Subject_51","1",200,2
"9548",98,100,30,2.5,1,1.1368,0,46,"Subject_51","1",250,1
"9549",99,20,1,4,1,0.9711,1,46,"Subject_51","1",80,2
"9550",100,100,60,4,1,1.0108,1,46,"Subject_51","1",400,1
"9551",101,20,3,2.5,1,1.2487,1,46,"Subject_51","1",50,2
"9552",102,20,30,2,0,1.5918,0,46,"Subject_51","1",40,2
"9553",103,20,3,2,0,1.3545,0,46,"Subject_51","1",40,2
"9554",104,20,60,1.1,0,1.5421,0,46,"Subject_51","1",22,2
"9555",105,20,30,2.5,1,1.7455,1,46,"Subject_51","1",50,2
"9556",106,100,1,1.1,1,1.7516,1,46,"Subject_51","1",110,1
"9557",107,20,3,1.02,0,0.9559,0,46,"Subject_51","1",20.4,2
"9558",108,100,3,1.2,1,1.2362,0,46,"Subject_51","1",120,1
"9559",109,20,60,1.02,0,0.9183,0,46,"Subject_51","1",20.4,2
"9560",110,20,3,10,1,0.8658,1,46,"Subject_51","1",200,2
"9561",111,20,60,13,1,1.2055,1,46,"Subject_51","1",260,2
"9562",112,20,60,5,1,2.327,0,46,"Subject_51","1",100,2
"9563",113,100,1,3,1,0.8866,1,46,"Subject_51","1",300,1
"9564",114,20,1,13,1,0.7033,1,46,"Subject_51","1",260,2
"9565",115,20,3,1.8,1,1.0984,1,46,"Subject_51","1",36,2
"9566",116,100,60,1.01,0,1.0733,1,46,"Subject_51","1",101,1
"9567",117,100,5,3,1,0.996,1,46,"Subject_51","1",300,1
"9568",118,100,30,1.01,0,0.7274,1,46,"Subject_51","1",101,1
"9569",119,20,30,1.1,0,1.0965,1,46,"Subject_51","1",22,2
"9570",120,100,8,4,1,1.0424,1,46,"Subject_51","1",400,1
"9571",121,100,3,2,1,1.4115,1,46,"Subject_51","1",200,1
"9572",122,20,5,10,1,1.3665,0,46,"Subject_51","1",200,2
"9573",123,20,5,13,1,1.1352,1,46,"Subject_51","1",260,2
"9574",124,100,5,1.2,1,1.6604,0,46,"Subject_51","1",120,1
"9575",125,20,5,7,1,0.9631,0,46,"Subject_51","1",140,2
"9576",126,100,5,1.01,0,1.7551,0,46,"Subject_51","1",101,1
"9577",127,20,3,1.01,0,0.7776,0,46,"Subject_51","1",20.2,2
"9578",128,20,3,5,1,0.929,1,46,"Subject_51","1",100,2
"9579",129,20,8,1.01,0,0.7179,0,46,"Subject_51","1",20.2,2
"9580",130,100,8,3,1,1.1414,0,46,"Subject_51","1",300,1
"9581",131,100,14,1.01,0,1.2103,1,46,"Subject_51","1",101,1
"9582",132,20,14,4,1,1.5676,1,46,"Subject_51","1",80,2
"9583",133,20,8,13,1,1.0557,1,46,"Subject_51","1",260,2
"9584",134,100,8,1.02,0,0.8636,0,46,"Subject_51","1",102,1
"9585",135,100,8,1.2,1,1.3728,0,46,"Subject_51","1",120,1
"9586",136,20,3,3,1,1.019,1,46,"Subject_51","1",60,2
"9587",137,20,3,4,1,1.9815,1,46,"Subject_51","1",80,2
"9588",138,20,60,1.5,1,1.1583,1,46,"Subject_51","1",30,2
"9589",139,20,5,1.05,0,0.8948,0,46,"Subject_51","1",21,2
"9590",140,100,3,2.5,1,1.0413,0,46,"Subject_51","1",250,1
"9591",141,100,8,1.5,1,1.4257,0,46,"Subject_51","1",150,1
"9592",142,20,60,1.2,0,1.2913,1,46,"Subject_51","1",24,2
"9593",143,100,14,1.2,1,1.5787,1,46,"Subject_51","1",120,1
"9594",144,100,8,2.5,1,0.953,0,46,"Subject_51","1",250,1
"9595",145,20,5,1.01,0,0.9854,1,46,"Subject_51","1",20.2,2
"9596",146,100,1,1.02,0,1.0847,0,46,"Subject_51","1",102,1
"9597",147,100,60,2.5,0,1.287,0,46,"Subject_51","1",250,1
"9598",148,20,1,2.5,1,1.3343,1,46,"Subject_51","1",50,2
"9599",149,20,1,1.05,0,1.6711,0,46,"Subject_51","1",21,2
"9600",150,20,14,1.2,0,1.6242,1,46,"Subject_51","1",24,2
"9601",151,20,8,1.8,1,1.799,1,46,"Subject_51","1",36,2
"9602",152,20,8,2.5,1,1.0364,0,46,"Subject_51","1",50,2
"9603",153,20,60,1.05,0,1.2668,0,46,"Subject_51","1",21,2
"9604",154,20,14,1.5,1,1.7566,0,46,"Subject_51","1",30,2
"9605",155,100,3,1.01,0,0.8561,0,46,"Subject_51","1",101,1
"9606",156,20,8,1.1,0,1.0675,0,46,"Subject_51","1",22,2
"9607",157,20,14,2.5,1,1.8653,0,46,"Subject_51","1",50,2
"9608",158,20,60,1.01,0,1.1164,0,46,"Subject_51","1",20.2,2
"9609",159,20,1,10,1,0.9544,1,46,"Subject_51","1",200,2
"9610",160,20,60,4,1,1.1163,0,46,"Subject_51","1",80,2
"9611",161,20,30,1.01,0,1.2194,1,46,"Subject_51","1",20.2,2
"9612",162,100,5,13,1,1.1073,1,46,"Subject_51","1",1300,1
"9613",163,20,3,1.5,1,1.1886,0,46,"Subject_51","1",30,2
"9614",164,100,30,1.05,0,1.2629,1,46,"Subject_51","1",105,1
"9615",165,20,1,1.5,1,1.7449,1,46,"Subject_51","1",30,2
"9616",166,100,60,1.2,0,1.2896,0,46,"Subject_51","1",120,1
"9617",167,100,5,1.1,1,1.6906,0,46,"Subject_51","1",110,1
"9618",168,20,1,1.2,1,1.4367,1,46,"Subject_51","1",24,2
"9619",169,20,3,13,1,2.7139,1,46,"Subject_51","1",260,2
"9620",170,20,5,4,1,1.2187,0,46,"Subject_51","1",80,2
"9621",171,20,8,1.05,0,1.201,0,46,"Subject_51","1",21,2
"9622",172,20,1,5,1,1.0918,1,46,"Subject_51","1",100,2
"9623",173,100,30,1.5,1,1.6511,1,46,"Subject_51","1",150,1
"9624",174,20,3,1.2,1,1.5018,0,46,"Subject_51","1",24,2
"9625",175,100,1,1.8,1,1.0957,0,46,"Subject_51","1",180,1
"9626",176,20,60,7,0,1.783,0,46,"Subject_51","1",140,2
"9627",177,100,30,7,1,0.894,1,46,"Subject_51","1",700,1
"9628",178,100,14,4,1,1.1921,0,46,"Subject_51","1",400,1
"9629",179,100,60,2,0,2.6785,0,46,"Subject_51","1",200,1
"9630",180,100,5,1.5,1,1.3675,0,46,"Subject_51","1",150,1
"9631",181,100,3,1.1,1,1.9856,1,46,"Subject_51","1",110,1
"9632",182,100,1,2.5,1,1.1732,0,46,"Subject_51","1",250,1
"9633",183,20,30,3,1,1.4989,0,46,"Subject_51","1",60,2
"9634",184,100,60,1.05,0,1.3036,1,46,"Subject_51","1",105,1
"9635",185,100,3,3,1,1.2543,1,46,"Subject_51","1",300,1
"9636",186,100,14,1.05,0,1.1378,1,46,"Subject_51","1",105,1
"9637",187,20,8,1.2,1,2.0295,0,46,"Subject_51","1",24,2
"9638",188,20,8,5,1,1.1747,1,46,"Subject_51","1",100,2
"9639",189,20,30,1.05,0,1.3369,0,46,"Subject_51","1",21,2
"9640",190,100,3,7,1,0.8203,0,46,"Subject_51","1",700,1
"9641",191,100,30,3,1,0.8758,1,46,"Subject_51","1",300,1
"9642",192,100,14,3,1,1.0778,0,46,"Subject_51","1",300,1
"9643",193,100,1,10,1,1.0039,0,46,"Subject_51","1",1000,1
"9644",194,20,30,1.5,0,1.5747,1,46,"Subject_51","1",30,2
"9645",195,20,60,2,0,1.4107,1,46,"Subject_51","1",40,2
"9646",196,20,60,1.8,0,1.6355,1,46,"Subject_51","1",36,2
"9647",197,20,60,10,1,1.3569,1,46,"Subject_51","1",200,2
"9648",198,20,60,3,1,1.8501,0,46,"Subject_51","1",60,2
"9649",199,100,1,1.01,0,1.3364,1,46,"Subject_51","1",101,1
"9650",200,100,5,2,1,1.0568,1,46,"Subject_51","1",200,1
"9651",201,100,14,1.1,1,1.5674,1,46,"Subject_51","1",110,1
"9652",202,100,1,1.2,1,0.766,1,46,"Subject_51","1",120,1
"9653",203,100,3,1.5,1,1.037,0,46,"Subject_51","1",150,1
"9654",204,100,5,4,1,1.2685,0,46,"Subject_51","1",400,1
"9655",205,20,1,3,1,1.5304,0,46,"Subject_51","1",60,2
"9656",206,100,14,13,1,1.3713,1,46,"Subject_51","1",1300,1
"9657",207,20,1,1.8,1,1.9384,0,46,"Subject_51","1",36,2
"9658",208,100,30,13,1,1.2872,0,46,"Subject_51","1",1300,1
"9659",209,20,30,10,1,1.7631,1,46,"Subject_51","1",200,2
"9660",210,20,8,1.5,1,1.7716,0,46,"Subject_51","1",30,2
"9661",1,20,5,13,1,2.8099,0,47,"Subject_52","1",260,2
"9662",2,100,8,3,1,1.5555,0,47,"Subject_52","1",300,1
"9663",3,20,5,1.1,0,2.2251,1,47,"Subject_52","1",22,2
"9664",4,100,1,7,1,1.8648,1,47,"Subject_52","1",700,1
"9665",5,20,5,4,1,3.1012,0,47,"Subject_52","1",80,2
"9666",6,100,60,2.5,0,2.9614,0,47,"Subject_52","1",250,1
"9667",7,100,14,1.5,0,2.0506,0,47,"Subject_52","1",150,1
"9668",8,20,60,3,0,1.9997,1,47,"Subject_52","1",60,2
"9669",9,20,30,10,0,2.1787,0,47,"Subject_52","1",200,2
"9670",10,100,5,3,1,1.1907,0,47,"Subject_52","1",300,1
"9671",11,20,14,1.8,0,2.57,1,47,"Subject_52","1",36,2
"9672",12,20,1,2.5,1,1.7855,0,47,"Subject_52","1",50,2
"9673",13,100,30,1.05,0,2.2667,1,47,"Subject_52","1",105,1
"9674",14,100,1,1.5,1,1.731,1,47,"Subject_52","1",150,1
"9675",15,100,14,1.1,0,2.3018,1,47,"Subject_52","1",110,1
"9676",16,20,1,3,1,2.0831,0,47,"Subject_52","1",60,2
"9677",17,100,14,5,1,2.4465,0,47,"Subject_52","1",500,1
"9678",18,100,8,1.5,1,2.2677,1,47,"Subject_52","1",150,1
"9679",19,100,3,4,1,2.1246,1,47,"Subject_52","1",400,1
"9680",20,20,8,4,0,2.3023,0,47,"Subject_52","1",80,2
"9681",21,20,60,1.2,0,1.5425,1,47,"Subject_52","1",24,2
"9682",22,100,1,1.2,1,2.2133,1,47,"Subject_52","1",120,1
"9683",23,20,3,10,1,1.8789,1,47,"Subject_52","1",200,2
"9684",24,100,14,1.01,0,1.5511,1,47,"Subject_52","1",101,1
"9685",25,100,14,2,0,1.948,0,47,"Subject_52","1",200,1
"9686",26,20,60,1.02,0,1.4573,0,47,"Subject_52","1",20.4,2
"9687",27,100,30,7,1,2.6736,1,47,"Subject_52","1",700,1
"9688",28,20,3,1.8,0,1.6032,1,47,"Subject_52","1",36,2
"9689",29,100,5,7,1,1.8976,0,47,"Subject_52","1",700,1
"9690",30,100,8,2,1,2.3376,1,47,"Subject_52","1",200,1
"9691",31,20,3,1.5,0,2.3617,0,47,"Subject_52","1",30,2
"9692",32,100,1,1.8,1,1.9406,0,47,"Subject_52","1",180,1
"9693",33,20,1,13,1,1.5147,1,47,"Subject_52","1",260,2
"9694",34,100,60,3,0,2.1797,0,47,"Subject_52","1",300,1
"9695",35,20,30,4,0,2.8643,0,47,"Subject_52","1",80,2
"9696",36,100,14,1.05,0,1.6,1,47,"Subject_52","1",105,1
"9697",37,20,3,2,1,2.5925,1,47,"Subject_52","1",40,2
"9698",38,20,3,7,1,1.9241,0,47,"Subject_52","1",140,2
"9699",39,20,30,1.5,0,1.9457,0,47,"Subject_52","1",30,2
"9700",40,20,1,5,1,1.3215,1,47,"Subject_52","1",100,2
"9701",41,20,14,13,1,2.7426,1,47,"Subject_52","1",260,2
"9702",42,20,1,1.5,1,1.5023,1,47,"Subject_52","1",30,2
"9703",43,20,30,3,0,1.9467,0,47,"Subject_52","1",60,2
"9704",44,100,30,1.01,0,1.4403,0,47,"Subject_52","1",101,1
"9705",45,100,60,1.01,0,1.3079,1,47,"Subject_52","1",101,1
"9706",46,20,8,10,1,2.0149,1,47,"Subject_52","1",200,2
"9707",47,20,14,1.5,0,2.7961,0,47,"Subject_52","1",30,2
"9708",48,20,14,4,0,2.5599,1,47,"Subject_52","1",80,2
"9709",49,20,3,3,1,1.8464,1,47,"Subject_52","1",60,2
"9710",50,20,60,1.1,0,1.5038,0,47,"Subject_52","1",22,2
"9711",51,100,1,10,1,1.606,1,47,"Subject_52","1",1000,1
"9712",52,20,60,2.5,0,1.4709,0,47,"Subject_52","1",50,2
"9713",53,20,3,4,1,1.8833,0,47,"Subject_52","1",80,2
"9714",54,100,5,5,1,2.5432,1,47,"Subject_52","1",500,1
"9715",55,20,1,4,1,2.614,1,47,"Subject_52","1",80,2
"9716",56,20,5,10,1,2.4705,0,47,"Subject_52","1",200,2
"9717",57,100,8,4,1,2.3648,1,47,"Subject_52","1",400,1
"9718",58,20,5,3,1,2.2834,0,47,"Subject_52","1",60,2
"9719",59,20,14,3,0,1.2647,1,47,"Subject_52","1",60,2
"9720",60,20,60,1.5,0,1.9711,0,47,"Subject_52","1",30,2
"9721",61,100,5,1.02,0,2.8957,1,47,"Subject_52","1",102,1
"9722",62,100,5,4,1,4.0341,1,47,"Subject_52","1",400,1
"9723",63,100,1,1.1,1,1.7776,1,47,"Subject_52","1",110,1
"9724",64,20,8,2,0,2.0733,0,47,"Subject_52","1",40,2
"9725",65,100,60,1.02,0,2.0681,1,47,"Subject_52","1",102,1
"9726",66,100,5,1.2,0,3.2985,1,47,"Subject_52","1",120,1
"9727",67,20,1,1.02,0,2.7197,0,47,"Subject_52","1",20.4,2
"9728",68,100,30,5,1,3.026,0,47,"Subject_52","1",500,1
"9729",69,20,30,1.2,0,1.9328,1,47,"Subject_52","1",24,2
"9730",70,20,3,1.2,0,2.3939,1,47,"Subject_52","1",24,2
"9731",71,100,8,1.01,0,2.2693,1,47,"Subject_52","1",101,1
"9732",72,100,30,10,1,1.683,1,47,"Subject_52","1",1000,1
"9733",73,100,60,1.05,0,1.7764,1,47,"Subject_52","1",105,1
"9734",74,20,5,1.01,0,2.2983,0,47,"Subject_52","1",20.2,2
"9735",75,20,14,2,0,2.5095,1,47,"Subject_52","1",40,2
"9736",76,100,8,2.5,1,2.3153,0,47,"Subject_52","1",250,1
"9737",77,20,60,4,0,2.1446,1,47,"Subject_52","1",80,2
"9738",78,100,8,1.1,0,2.1019,0,47,"Subject_52","1",110,1
"9739",79,100,1,1.02,0,1.4073,0,47,"Subject_52","1",102,1
"9740",80,20,30,1.8,0,1.6621,0,47,"Subject_52","1",36,2
"9741",81,20,30,1.05,0,1.6206,1,47,"Subject_52","1",21,2
"9742",82,20,60,5,1,1.6041,1,47,"Subject_52","1",100,2
"9743",83,100,8,1.02,0,1.3786,1,47,"Subject_52","1",102,1
"9744",84,20,8,13,1,1.5395,1,47,"Subject_52","1",260,2
"9745",85,100,1,13,1,1.4931,1,47,"Subject_52","1",1300,1
"9746",86,100,30,1.5,0,2.1748,1,47,"Subject_52","1",150,1
"9747",87,100,30,2,0,3.0276,0,47,"Subject_52","1",200,1
"9748",88,100,60,1.5,0,2.6046,1,47,"Subject_52","1",150,1
"9749",89,20,14,5,1,1.9115,0,47,"Subject_52","1",100,2
"9750",90,100,8,5,1,2.1566,1,47,"Subject_52","1",500,1
"9751",91,20,3,1.05,0,1.5078,0,47,"Subject_52","1",21,2
"9752",92,100,5,10,1,1.4555,1,47,"Subject_52","1",1000,1
"9753",93,100,3,1.02,0,2.9919,0,47,"Subject_52","1",102,1
"9754",94,100,1,3,1,1.6195,1,47,"Subject_52","1",300,1
"9755",95,100,14,13,1,3.8906,1,47,"Subject_52","1",1300,1
"9756",96,20,14,1.02,0,2.0495,1,47,"Subject_52","1",20.4,2
"9757",97,100,3,2.5,1,2.4337,0,47,"Subject_52","1",250,1
"9758",98,20,5,1.5,1,2.0175,1,47,"Subject_52","1",30,2
"9759",99,20,3,5,1,1.3275,1,47,"Subject_52","1",100,2
"9760",100,20,1,1.1,0,1.6991,1,47,"Subject_52","1",22,2
"9761",101,100,30,1.1,0,2.1013,1,47,"Subject_52","1",110,1
"9762",102,100,14,3,1,1.2766,0,47,"Subject_52","1",300,1
"9763",103,20,14,1.2,0,1.7749,1,47,"Subject_52","1",24,2
"9764",104,100,30,3,0,1.6748,1,47,"Subject_52","1",300,1
"9765",105,20,8,7,1,1.5121,1,47,"Subject_52","1",140,2
"9766",106,20,60,2,0,1.4706,0,47,"Subject_52","1",40,2
"9767",107,100,14,4,1,1.4695,0,47,"Subject_52","1",400,1
"9768",108,100,14,1.02,0,1.4891,0,47,"Subject_52","1",102,1
"9769",109,100,5,1.05,0,1.501,1,47,"Subject_52","1",105,1
"9770",110,100,1,1.01,0,1.4985,1,47,"Subject_52","1",101,1
"9771",111,20,60,1.01,0,1.7754,1,47,"Subject_52","1",20.2,2
"9772",112,100,3,1.01,0,1.2092,1,47,"Subject_52","1",101,1
"9773",113,20,60,10,0,1.6602,1,47,"Subject_52","1",200,2
"9774",114,100,8,10,1,2.7993,0,47,"Subject_52","1",1000,1
"9775",115,100,3,1.1,0,3.6323,0,47,"Subject_52","1",110,1
"9776",116,20,5,1.2,0,4.2543,1,47,"Subject_52","1",24,2
"9777",117,100,1,2,1,1.1992,0,47,"Subject_52","1",200,1
"9778",118,100,30,2.5,1,1.763,0,47,"Subject_52","1",250,1
"9779",119,20,14,10,1,1.3095,0,47,"Subject_52","1",200,2
"9780",120,100,5,2,1,1.5929,1,47,"Subject_52","1",200,1
"9781",121,20,5,2,1,2.9393,0,47,"Subject_52","1",40,2
"9782",122,20,60,1.05,0,1.7362,0,47,"Subject_52","1",21,2
"9783",123,20,30,7,1,1.5673,0,47,"Subject_52","1",140,2
"9784",124,20,5,1.02,0,1.7414,0,47,"Subject_52","1",20.4,2
"9785",125,100,60,1.1,0,1.6294,0,47,"Subject_52","1",110,1
"9786",126,20,30,2,1,3.5497,1,47,"Subject_52","1",40,2
"9787",127,100,60,5,1,1.8603,1,47,"Subject_52","1",500,1
"9788",128,20,1,1.8,1,2.4695,1,47,"Subject_52","1",36,2
"9789",129,100,60,2,0,3.1963,0,47,"Subject_52","1",200,1
"9790",130,20,14,7,1,1.4124,0,47,"Subject_52","1",140,2
"9791",131,20,8,1.5,1,1.4025,1,47,"Subject_52","1",30,2
"9792",132,20,5,2.5,1,1.2402,0,47,"Subject_52","1",50,2
"9793",133,100,8,7,1,1.4697,1,47,"Subject_52","1",700,1
"9794",134,20,1,7,1,2.867,0,47,"Subject_52","1",140,2
"9795",135,100,5,13,1,1.7093,1,47,"Subject_52","1",1300,1
"9796",136,100,60,1.2,0,3.9125,0,47,"Subject_52","1",120,1
"9797",137,20,8,1.05,0,1.7666,1,47,"Subject_52","1",21,2
"9798",138,20,8,1.8,1,1.1357,1,47,"Subject_52","1",36,2
"9799",139,20,5,7,1,1.249,1,47,"Subject_52","1",140,2
"9800",140,100,1,1.05,0,1.2518,0,47,"Subject_52","1",105,1
"9801",141,100,60,4,1,2.5417,1,47,"Subject_52","1",400,1
"9802",142,20,8,1.01,0,0.9483,1,47,"Subject_52","1",20.2,2
"9803",143,100,3,1.2,1,1.3676,1,47,"Subject_52","1",120,1
"9804",144,20,30,1.01,0,1.5401,1,47,"Subject_52","1",20.2,2
"9805",145,20,60,1.8,0,2.3784,0,47,"Subject_52","1",36,2
"9806",146,100,30,13,1,1.3684,0,47,"Subject_52","1",1300,1
"9807",147,100,14,7,1,1.9042,1,47,"Subject_52","1",700,1
"9808",148,20,14,2.5,1,1.3942,0,47,"Subject_52","1",50,2
"9809",149,100,5,2.5,1,1.8109,0,47,"Subject_52","1",250,1
"9810",150,20,1,2,1,1.7763,0,47,"Subject_52","1",40,2
"9811",151,20,14,1.01,0,1.6833,1,47,"Subject_52","1",20.2,2
"9812",152,20,30,5,1,1.6836,0,47,"Subject_52","1",100,2
"9813",153,100,3,13,1,1.2834,1,47,"Subject_52","1",1300,1
"9814",154,20,8,1.02,0,1.9189,0,47,"Subject_52","1",20.4,2
"9815",155,100,60,1.8,0,2.7213,0,47,"Subject_52","1",180,1
"9816",156,20,5,1.05,0,2.1508,0,47,"Subject_52","1",21,2
"9817",157,100,14,10,1,1.6403,1,47,"Subject_52","1",1000,1
"9818",158,100,5,1.8,1,2.3019,1,47,"Subject_52","1",180,1
"9819",159,20,5,5,1,2.0713,0,47,"Subject_52","1",100,2
"9820",160,20,8,2.5,1,1.6386,0,47,"Subject_52","1",50,2
"9821",161,20,3,2.5,1,2.1118,1,47,"Subject_52","1",50,2
"9822",162,100,3,1.05,1,1.6115,0,47,"Subject_52","1",105,1
"9823",163,20,8,5,1,1.2853,1,47,"Subject_52","1",100,2
"9824",164,20,30,1.02,0,1.1488,0,47,"Subject_52","1",20.4,2
"9825",165,100,3,5,1,1.2497,1,47,"Subject_52","1",500,1
"9826",166,20,1,1.2,1,2.2187,0,47,"Subject_52","1",24,2
"9827",167,20,14,1.1,0,1.7473,1,47,"Subject_52","1",22,2
"9828",168,20,30,13,1,1.6258,1,47,"Subject_52","1",260,2
"9829",169,100,3,7,1,3.8287,0,47,"Subject_52","1",700,1
"9830",170,20,1,10,1,1.5682,0,47,"Subject_52","1",200,2
"9831",171,100,30,1.8,1,1.3322,1,47,"Subject_52","1",180,1
"9832",172,20,3,1.1,0,1.6551,1,47,"Subject_52","1",22,2
"9833",173,20,30,2.5,1,1.3941,1,47,"Subject_52","1",50,2
"9834",174,100,60,7,1,1.4879,1,47,"Subject_52","1",700,1
"9835",175,100,8,1.05,0,1.5297,1,47,"Subject_52","1",105,1
"9836",176,100,30,1.02,0,1.3613,0,47,"Subject_52","1",102,1
"9837",177,20,60,13,1,2.6308,0,47,"Subject_52","1",260,2
"9838",178,20,1,1.01,0,1.9289,0,47,"Subject_52","1",20.2,2
"9839",179,100,3,3,1,1.7128,0,47,"Subject_52","1",300,1
"9840",180,20,60,7,1,3.4535,0,47,"Subject_52","1",140,2
"9841",181,20,3,13,1,1.1414,1,47,"Subject_52","1",260,2
"9842",182,20,5,1.8,1,1.5783,0,47,"Subject_52","1",36,2
"9843",183,100,14,2.5,1,2.949,0,47,"Subject_52","1",250,1
"9844",184,100,1,2.5,1,1.2186,0,47,"Subject_52","1",250,1
"9845",185,100,60,13,1,1.4727,0,47,"Subject_52","1",1300,1
"9846",186,100,1,4,1,1.0585,0,47,"Subject_52","1",400,1
"9847",187,100,8,13,1,1.3019,1,47,"Subject_52","1",1300,1
"9848",188,100,60,10,1,1.5185,1,47,"Subject_52","1",1000,1
"9849",189,100,5,1.5,1,1.8423,0,47,"Subject_52","1",150,1
"9850",190,100,30,4,1,3.4275,0,47,"Subject_52","1",400,1
"9851",191,100,5,1.01,0,1.6632,1,47,"Subject_52","1",101,1
"9852",192,20,8,1.2,0,1.7143,0,47,"Subject_52","1",24,2
"9853",193,20,1,1.05,0,1.9076,1,47,"Subject_52","1",21,2
"9854",194,100,3,1.8,1,2.1531,1,47,"Subject_52","1",180,1
"9855",195,20,14,1.05,0,2.0811,0,47,"Subject_52","1",21,2
"9856",196,100,3,10,1,1.9371,1,47,"Subject_52","1",1000,1
"9857",197,100,3,2,1,2.1843,1,47,"Subject_52","1",200,1
"9858",198,100,5,1.1,0,1.3862,0,47,"Subject_52","1",110,1
"9859",199,20,8,3,1,1.8205,0,47,"Subject_52","1",60,2
"9860",200,20,3,1.02,0,1.9495,1,47,"Subject_52","1",20.4,2
"9861",201,100,14,1.2,0,2.0808,1,47,"Subject_52","1",120,1
"9862",202,20,8,1.1,0,1.279,0,47,"Subject_52","1",22,2
"9863",203,20,3,1.01,0,1.0519,0,47,"Subject_52","1",20.2,2
"9864",204,100,8,1.2,0,1.2834,0,47,"Subject_52","1",120,1
"9865",205,100,3,1.5,1,1.162,1,47,"Subject_52","1",150,1
"9866",206,20,30,1.1,0,1.1322,1,47,"Subject_52","1",22,2
"9867",207,100,1,5,1,1.0086,0,47,"Subject_52","1",500,1
"9868",208,100,8,1.8,1,1.5506,1,47,"Subject_52","1",180,1
"9869",209,100,30,1.2,0,1.9557,1,47,"Subject_52","1",120,1
"9870",210,100,14,1.8,1,2.2987,1,47,"Subject_52","1",180,1
"9871",1,20,1,5,1,3.2381,0,48,"Subject_53","2",100,2
"9872",2,20,60,7,1,2.2819,1,48,"Subject_53","2",140,2
"9873",3,20,14,1.5,0,2.8317,1,48,"Subject_53","2",30,2
"9874",4,100,8,4,1,2.0067,0,48,"Subject_53","2",400,1
"9875",5,20,3,7,1,2.0108,1,48,"Subject_53","2",140,2
"9876",6,100,5,2.5,1,3.154,1,48,"Subject_53","2",250,1
"9877",7,100,3,7,1,2.1246,0,48,"Subject_53","2",700,1
"9878",8,20,30,1.01,0,2.1503,1,48,"Subject_53","2",20.2,2
"9879",9,100,14,1.1,0,2.2311,1,48,"Subject_53","2",110,1
"9880",10,100,5,13,1,3.3408,1,48,"Subject_53","2",1300,1
"9881",11,20,60,4,1,1.773,1,48,"Subject_53","2",80,2
"9882",12,20,14,1.01,0,1.9613,1,48,"Subject_53","2",20.2,2
"9883",13,20,60,5,1,1.7173,1,48,"Subject_53","2",100,2
"9884",14,100,8,1.01,0,1.6325,0,48,"Subject_53","2",101,1
"9885",15,100,1,1.8,1,1.8907,0,48,"Subject_53","2",180,1
"9886",16,20,8,7,1,2.9337,0,48,"Subject_53","2",140,2
"9887",17,100,5,3,1,2.0495,1,48,"Subject_53","2",300,1
"9888",18,100,14,1.05,0,2.5635,1,48,"Subject_53","2",105,1
"9889",19,20,3,3,1,1.5657,1,48,"Subject_53","2",60,2
"9890",20,100,8,1.2,1,1.6329,0,48,"Subject_53","2",120,1
"9891",21,100,30,1.5,1,1.9411,1,48,"Subject_53","2",150,1
"9892",22,100,14,1.2,1,1.9005,0,48,"Subject_53","2",120,1
"9893",23,20,1,1.01,0,1.4257,1,48,"Subject_53","2",20.2,2
"9894",24,20,8,1.8,1,1.818,0,48,"Subject_53","2",36,2
"9895",25,100,60,5,1,1.834,0,48,"Subject_53","2",500,1
"9896",26,100,3,1.1,1,2.073,0,48,"Subject_53","2",110,1
"9897",27,20,1,13,1,1.6257,1,48,"Subject_53","2",260,2
"9898",28,20,1,10,1,1.6227,1,48,"Subject_53","2",200,2
"9899",29,20,1,1.02,0,1.8071,0,48,"Subject_53","2",20.4,2
"9900",30,20,60,1.01,0,1.3996,1,48,"Subject_53","2",20.2,2
"9901",31,20,30,1.05,0,1.9127,1,48,"Subject_53","2",21,2
"9902",32,100,8,7,1,1.8624,1,48,"Subject_53","2",700,1
"9903",33,20,5,13,1,1.9163,1,48,"Subject_53","2",260,2
"9904",34,20,30,7,1,1.5481,0,48,"Subject_53","2",140,2
"9905",35,20,60,1.2,1,4.1095,1,48,"Subject_53","2",24,2
"9906",36,20,1,4,1,2.1374,1,48,"Subject_53","2",80,2
"9907",37,100,30,7,1,1.7006,1,48,"Subject_53","2",700,1
"9908",38,100,60,3,1,8.0045,0,48,"Subject_53","2",300,1
"9909",39,100,1,10,1,1.5965,1,48,"Subject_53","2",1000,1
"9910",40,20,5,3,1,1.5324,1,48,"Subject_53","2",60,2
"9911",41,100,5,1.2,1,1.7093,1,48,"Subject_53","2",120,1
"9912",42,20,60,1.8,0,1.9998,1,48,"Subject_53","2",36,2
"9913",43,20,30,2,0,1.9001,1,48,"Subject_53","2",40,2
"9914",44,100,60,1.01,0,1.5882,1,48,"Subject_53","2",101,1
"9915",45,20,3,1.01,0,1.4511,1,48,"Subject_53","2",20.2,2
"9916",46,100,5,1.1,0,2.2633,0,48,"Subject_53","2",110,1
"9917",47,100,60,1.05,0,1.3281,1,48,"Subject_53","2",105,1
"9918",48,100,5,2,1,1.7783,0,48,"Subject_53","2",200,1
"9919",49,100,14,7,1,2.1621,0,48,"Subject_53","2",700,1
"9920",50,20,5,1.2,1,2.8567,1,48,"Subject_53","2",24,2
"9921",51,20,8,1.05,0,1.2744,1,48,"Subject_53","2",21,2
"9922",52,20,8,5,1,1.1614,1,48,"Subject_53","2",100,2
"9923",53,20,1,1.05,1,1.8216,1,48,"Subject_53","2",21,2
"9924",54,20,8,1.5,1,2.5675,0,48,"Subject_53","2",30,2
"9925",55,100,3,1.02,0,1.743,1,48,"Subject_53","2",102,1
"9926",56,100,14,1.8,0,5.8676,1,48,"Subject_53","2",180,1
"9927",57,20,14,5,1,1.3913,1,48,"Subject_53","2",100,2
"9928",58,100,8,2,1,2.3129,1,48,"Subject_53","2",200,1
"9929",59,100,30,3,1,1.9649,1,48,"Subject_53","2",300,1
"9930",60,20,8,1.2,0,1.7808,1,48,"Subject_53","2",24,2
"9931",61,100,1,1.1,1,2.77,0,48,"Subject_53","2",110,1
"9932",62,20,60,10,1,1.5428,1,48,"Subject_53","2",200,2
"9933",63,100,1,1.05,0,3.9112,1,48,"Subject_53","2",105,1
"9934",64,20,1,3,1,4.9487,0,48,"Subject_53","2",60,2
"9935",65,100,5,5,1,1.4581,1,48,"Subject_53","2",500,1
"9936",66,20,60,3,1,4.9523,0,48,"Subject_53","2",60,2
"9937",67,20,5,10,1,2.5996,1,48,"Subject_53","2",200,2
"9938",68,20,8,13,1,1.4406,0,48,"Subject_53","2",260,2
"9939",69,20,3,5,1,1.9996,0,48,"Subject_53","2",100,2
"9940",70,100,60,4,1,1.7155,1,48,"Subject_53","2",400,1
"9941",71,20,3,4,1,2.0707,1,48,"Subject_53","2",80,2
"9942",72,20,60,1.5,0,2.3783,0,48,"Subject_53","2",30,2
"9943",73,100,1,3,1,1.4361,1,48,"Subject_53","2",300,1
"9944",74,100,3,1.2,1,2.0783,0,48,"Subject_53","2",120,1
"9945",75,20,3,1.02,0,1.4891,0,48,"Subject_53","2",20.4,2
"9946",76,20,5,1.8,1,3.308,0,48,"Subject_53","2",36,2
"9947",77,100,5,1.01,0,1.5947,1,48,"Subject_53","2",101,1
"9948",78,100,3,1.5,1,1.8465,0,48,"Subject_53","2",150,1
"9949",79,20,3,1.8,1,1.3608,1,48,"Subject_53","2",36,2
"9950",80,100,30,13,1,3.7079,0,48,"Subject_53","2",1300,1
"9951",81,100,3,2,1,4.3346,0,48,"Subject_53","2",200,1
"9952",82,20,3,13,1,2.0751,0,48,"Subject_53","2",260,2
"9953",83,20,1,1.5,1,2.4428,0,48,"Subject_53","2",30,2
"9954",84,100,5,4,1,1.3063,0,48,"Subject_53","2",400,1
"9955",85,20,14,4,1,1.4143,0,48,"Subject_53","2",80,2
"9956",86,100,60,13,1,1.2959,1,48,"Subject_53","2",1300,1
"9957",87,100,14,2.5,1,2.5761,1,48,"Subject_53","2",250,1
"9958",88,20,5,1.05,0,2.2775,0,48,"Subject_53","2",21,2
"9959",89,100,3,5,1,1.6961,1,48,"Subject_53","2",500,1
"9960",90,20,3,10,1,1.9177,1,48,"Subject_53","2",200,2
"9961",91,100,8,2.5,1,1.4909,1,48,"Subject_53","2",250,1
"9962",92,100,8,1.1,1,2.0938,0,48,"Subject_53","2",110,1
"9963",93,20,60,1.1,0,2.3498,1,48,"Subject_53","2",22,2
"9964",94,100,60,1.8,1,2.2401,1,48,"Subject_53","2",180,1
"9965",95,100,14,3,1,2.6625,1,48,"Subject_53","2",300,1
"9966",96,100,30,4,1,1.367,1,48,"Subject_53","2",400,1
"9967",97,100,3,13,1,1.3677,1,48,"Subject_53","2",1300,1
"9968",98,100,8,1.05,0,1.9901,0,48,"Subject_53","2",105,1
"9969",99,100,30,1.2,0,3.6139,1,48,"Subject_53","2",120,1
"9970",100,100,14,1.02,0,2.7594,1,48,"Subject_53","2",102,1
"9971",101,100,30,1.05,0,2.3903,0,48,"Subject_53","2",105,1
"9972",102,100,30,2,1,1.6562,0,48,"Subject_53","2",200,1
"9973",103,20,1,1.8,1,2.9524,0,48,"Subject_53","2",36,2
"9974",104,20,14,2.5,1,4.5832,1,48,"Subject_53","2",50,2
"9975",105,100,30,1.02,0,1.4294,1,48,"Subject_53","2",102,1
"9976",106,100,3,1.8,1,1.7854,0,48,"Subject_53","2",180,1
"9977",107,100,8,13,1,1.4258,1,48,"Subject_53","2",1300,1
"9978",108,20,14,13,1,1.5102,0,48,"Subject_53","2",260,2
"9979",109,100,8,1.8,1,1.5557,1,48,"Subject_53","2",180,1
"9980",110,20,8,4,1,1.7355,0,48,"Subject_53","2",80,2
"9981",111,20,14,1.2,1,1.8365,1,48,"Subject_53","2",24,2
"9982",112,20,8,2.5,1,2.1659,0,48,"Subject_53","2",50,2
"9983",113,20,60,1.02,0,1.7297,1,48,"Subject_53","2",20.4,2
"9984",114,100,5,1.5,1,3.0891,1,48,"Subject_53","2",150,1
"9985",115,20,3,2,1,2.3601,0,48,"Subject_53","2",40,2
"9986",116,20,5,7,1,1.9174,0,48,"Subject_53","2",140,2
"9987",117,20,60,2,0,2.7058,1,48,"Subject_53","2",40,2
"9988",118,20,30,4,1,4.5841,1,48,"Subject_53","2",80,2
"9989",119,100,1,1.02,0,3.185,1,48,"Subject_53","2",102,1
"9990",120,100,5,1.02,0,3.4949,0,48,"Subject_53","2",102,1
"9991",121,100,8,10,1,1.9802,0,48,"Subject_53","2",1000,1
"9992",122,20,5,5,1,1.528,1,48,"Subject_53","2",100,2
"9993",123,20,5,2,1,1.6657,0,48,"Subject_53","2",40,2
"9994",124,100,60,2,1,4.4375,0,48,"Subject_53","2",200,1
"9995",125,20,3,1.5,1,5.5433,1,48,"Subject_53","2",30,2
"9996",126,20,5,1.02,0,1.2465,1,48,"Subject_53","2",20.4,2
"9997",127,20,14,1.8,0,1.5213,0,48,"Subject_53","2",36,2
"9998",128,100,3,2.5,1,3.165,0,48,"Subject_53","2",250,1
"9999",129,100,60,10,1,1.6427,1,48,"Subject_53","2",1000,1
"10000",130,20,1,7,1,2.4473,0,48,"Subject_53","2",140,2
"10001",131,100,14,1.01,0,1.4672,0,48,"Subject_53","2",101,1
"10002",132,100,3,3,1,1.5014,0,48,"Subject_53","2",300,1
"10003",133,100,30,1.1,0,1.8946,1,48,"Subject_53","2",110,1
"10004",134,20,8,3,1,1.2295,1,48,"Subject_53","2",60,2
"10005",135,20,3,1.2,0,1.9044,1,48,"Subject_53","2",24,2
"10006",136,100,30,1.8,0,2.3138,1,48,"Subject_53","2",180,1
"10007",137,100,8,1.02,0,2.3343,0,48,"Subject_53","2",102,1
"10008",138,20,8,1.02,0,2.607,1,48,"Subject_53","2",20.4,2
"10009",139,100,1,1.01,0,4.1679,0,48,"Subject_53","2",101,1
"10010",140,100,14,2,1,2.1722,0,48,"Subject_53","2",200,1
"10011",141,20,5,4,1,1.297,1,48,"Subject_53","2",80,2
"10012",142,20,3,1.1,0,4.1666,1,48,"Subject_53","2",22,2
"10013",143,100,8,3,1,2.1529,0,48,"Subject_53","2",300,1
"10014",144,100,14,10,1,0.9556,0,48,"Subject_53","2",1000,1
"10015",145,20,30,1.02,0,1.0904,0,48,"Subject_53","2",20.4,2
"10016",146,100,8,5,1,1.0812,0,48,"Subject_53","2",500,1
"10017",147,20,30,13,1,1.4825,1,48,"Subject_53","2",260,2
"10018",148,100,5,7,1,1.226,0,48,"Subject_53","2",700,1
"10019",149,100,1,5,1,1.0502,0,48,"Subject_53","2",500,1
"10020",150,100,30,5,1,1.1444,1,48,"Subject_53","2",500,1
"10021",151,20,14,1.1,0,1.2056,1,48,"Subject_53","2",22,2
"10022",152,20,8,1.01,0,1.2138,1,48,"Subject_53","2",20.2,2
"10023",153,20,30,10,1,1.0708,0,48,"Subject_53","2",200,2
"10024",154,20,8,1.1,0,1.3556,0,48,"Subject_53","2",22,2
"10025",155,20,30,1.1,0,0.9479,1,48,"Subject_53","2",22,2
"10026",156,100,1,2.5,1,1.038,0,48,"Subject_53","2",250,1
"10027",157,100,1,4,1,0.8222,1,48,"Subject_53","2",400,1
"10028",158,20,3,2.5,1,1.6392,0,48,"Subject_53","2",50,2
"10029",159,20,30,5,1,1.1436,1,48,"Subject_53","2",100,2
"10030",160,20,14,1.02,0,0.929,1,48,"Subject_53","2",20.4,2
"10031",161,100,8,1.5,1,1.0362,1,48,"Subject_53","2",150,1
"10032",162,100,14,1.5,1,0.8571,1,48,"Subject_53","2",150,1
"10033",163,100,5,10,1,2.1063,0,48,"Subject_53","2",1000,1
"10034",164,20,5,2.5,1,1.0488,1,48,"Subject_53","2",50,2
"10035",165,100,5,1.05,0,1.885,1,48,"Subject_53","2",105,1
"10036",166,100,14,4,1,1.1562,0,48,"Subject_53","2",400,1
"10037",167,100,3,1.05,0,1.826,0,48,"Subject_53","2",105,1
"10038",168,20,14,7,1,1.2693,1,48,"Subject_53","2",140,2
"10039",169,100,30,1.01,0,0.9807,1,48,"Subject_53","2",101,1
"10040",170,20,14,2,1,1.5146,1,48,"Subject_53","2",40,2
"10041",171,100,1,13,1,1.2116,1,48,"Subject_53","2",1300,1
"10042",172,100,14,5,1,1.0359,1,48,"Subject_53","2",500,1
"10043",173,20,30,1.5,1,1.1571,1,48,"Subject_53","2",30,2
"10044",174,100,5,1.8,1,1.2491,1,48,"Subject_53","2",180,1
"10045",175,100,60,1.2,1,1.7854,0,48,"Subject_53","2",120,1
"10046",176,20,1,1.2,1,1.6033,1,48,"Subject_53","2",24,2
"10047",177,20,30,2.5,1,1.6712,1,48,"Subject_53","2",50,2
"10048",178,100,60,1.1,0,1.5016,1,48,"Subject_53","2",110,1
"10049",179,100,3,4,1,1.4653,0,48,"Subject_53","2",400,1
"10050",180,100,1,1.2,0,1.5523,0,48,"Subject_53","2",120,1
"10051",181,100,3,10,1,1.8274,0,48,"Subject_53","2",1000,1
"10052",182,20,5,1.01,0,1.309,0,48,"Subject_53","2",20.2,2
"10053",183,20,8,10,1,1.0026,0,48,"Subject_53","2",200,2
"10054",184,20,5,1.1,0,2.3092,0,48,"Subject_53","2",22,2
"10055",185,20,14,3,0,1.4666,0,48,"Subject_53","2",60,2
"10056",186,100,60,7,1,1.7735,1,48,"Subject_53","2",700,1
"10057",187,100,60,1.5,1,2.8932,0,48,"Subject_53","2",150,1
"10058",188,20,1,2.5,1,1.9016,1,48,"Subject_53","2",50,2
"10059",189,20,60,2.5,1,1.3095,1,48,"Subject_53","2",50,2
"10060",190,100,1,7,1,1.094,1,48,"Subject_53","2",700,1
"10061",191,100,3,1.01,0,1.5436,0,48,"Subject_53","2",101,1
"10062",192,20,60,13,1,1.1634,1,48,"Subject_53","2",260,2
"10063",193,100,1,1.5,1,1.1198,1,48,"Subject_53","2",150,1
"10064",194,20,3,1.05,0,1.3294,1,48,"Subject_53","2",21,2
"10065",195,20,30,1.8,1,2.1592,0,48,"Subject_53","2",36,2
"10066",196,100,60,1.02,0,1.0546,1,48,"Subject_53","2",102,1
"10067",197,20,5,1.5,0,1.4761,1,48,"Subject_53","2",30,2
"10068",198,100,14,13,1,1.1326,0,48,"Subject_53","2",1300,1
"10069",199,20,14,10,1,2.2146,1,48,"Subject_53","2",200,2
"10070",200,20,60,1.05,0,1.8398,0,48,"Subject_53","2",21,2
"10071",201,100,60,2.5,1,1.205,1,48,"Subject_53","2",250,1
"10072",202,20,30,1.2,0,2.1085,0,48,"Subject_53","2",24,2
"10073",203,20,8,2,1,2.0682,1,48,"Subject_53","2",40,2
"10074",204,20,30,3,1,1.3901,0,48,"Subject_53","2",60,2
"10075",205,100,1,2,1,2.0471,0,48,"Subject_53","2",200,1
"10076",206,20,1,2,0,1.5355,1,48,"Subject_53","2",40,2
"10077",207,20,14,1.05,0,1.7259,1,48,"Subject_53","2",21,2
"10078",208,20,1,1.1,0,1.4863,1,48,"Subject_53","2",22,2
"10079",209,100,30,10,1,1.7154,1,48,"Subject_53","2",1000,1
"10080",210,100,30,2.5,1,1.538,1,48,"Subject_53","2",250,1
"10081",1,100,8,1.8,1,3.2646,0,49,"Subject_54","1",180,1
"10082",2,20,1,10,1,2.2112,0,49,"Subject_54","1",200,2
"10083",3,20,1,2.5,1,1.6214,1,49,"Subject_54","1",50,2
"10084",4,100,60,1.02,0,1.924,0,49,"Subject_54","1",102,1
"10085",5,100,8,1.02,0,1.7254,0,49,"Subject_54","1",102,1
"10086",6,20,14,1.02,0,1.7249,0,49,"Subject_54","1",20.4,2
"10087",7,20,8,1.02,0,1.7989,1,49,"Subject_54","1",20.4,2
"10088",8,20,14,2,1,3.0636,0,49,"Subject_54","1",40,2
"10089",9,20,8,1.01,0,2.2711,1,49,"Subject_54","1",20.2,2
"10090",10,20,1,1.8,1,2.0948,1,49,"Subject_54","1",36,2
"10091",11,100,3,2,1,1.8029,1,49,"Subject_54","1",200,1
"10092",12,100,5,1.1,0,2.5575,1,49,"Subject_54","1",110,1
"10093",13,100,5,1.8,1,3.0457,1,49,"Subject_54","1",180,1
"10094",14,20,14,13,1,2.3654,1,49,"Subject_54","1",260,2
"10095",15,100,60,13,1,2.1109,0,49,"Subject_54","1",1300,1
"10096",16,100,5,1.05,0,2.8926,0,49,"Subject_54","1",105,1
"10097",17,100,1,2,1,1.5788,1,49,"Subject_54","1",200,1
"10098",18,100,1,4,1,1.409,1,49,"Subject_54","1",400,1
"10099",19,100,5,1.5,1,1.3867,0,49,"Subject_54","1",150,1
"10100",20,20,30,10,1,2.0166,0,49,"Subject_54","1",200,2
"10101",21,100,3,7,1,1.738,1,49,"Subject_54","1",700,1
"10102",22,100,1,5,1,1.6665,1,49,"Subject_54","1",500,1
"10103",23,20,30,7,1,1.656,1,49,"Subject_54","1",140,2
"10104",24,20,3,1.01,0,1.5782,0,49,"Subject_54","1",20.2,2
"10105",25,20,5,13,1,1.4925,1,49,"Subject_54","1",260,2
"10106",26,20,14,3,0,3.0892,1,49,"Subject_54","1",60,2
"10107",27,20,30,5,1,1.9608,0,49,"Subject_54","1",100,2
"10108",28,20,1,1.02,0,1.7279,1,49,"Subject_54","1",20.4,2
"10109",29,100,60,1.01,0,1.3979,0,49,"Subject_54","1",101,1
"10110",30,20,1,3,1,1.5809,0,49,"Subject_54","1",60,2
"10111",31,100,5,10,1,1.1184,0,49,"Subject_54","1",1000,1
"10112",32,20,30,1.05,0,1.0475,0,49,"Subject_54","1",21,2
"10113",33,100,8,1.2,1,2.3346,1,49,"Subject_54","1",120,1
"10114",34,100,5,4,1,1.3126,0,49,"Subject_54","1",400,1
"10115",35,100,8,7,1,1.6179,0,49,"Subject_54","1",700,1
"10116",36,20,1,1.2,0,1.4564,1,49,"Subject_54","1",24,2
"10117",37,20,14,4,1,1.7852,0,49,"Subject_54","1",80,2
"10118",38,20,5,4,1,2.2074,1,49,"Subject_54","1",80,2
"10119",39,20,14,1.2,0,1.5408,0,49,"Subject_54","1",24,2
"10120",40,20,60,2,0,2.1758,0,49,"Subject_54","1",40,2
"10121",41,20,1,7,1,2.0149,1,49,"Subject_54","1",140,2
"10122",42,100,30,1.1,0,2.5394,0,49,"Subject_54","1",110,1
"10123",43,20,30,1.8,0,1.7955,1,49,"Subject_54","1",36,2
"10124",44,20,8,4,1,5.8602,1,49,"Subject_54","1",80,2
"10125",45,100,1,1.1,0,3.5639,0,49,"Subject_54","1",110,1
"10126",46,20,3,7,1,1.501,1,49,"Subject_54","1",140,2
"10127",47,20,3,10,1,1.6516,1,49,"Subject_54","1",200,2
"10128",48,100,5,5,1,2.1763,1,49,"Subject_54","1",500,1
"10129",49,100,3,5,1,1.8952,0,49,"Subject_54","1",500,1
"10130",50,100,3,1.8,1,1.4837,0,49,"Subject_54","1",180,1
"10131",51,100,8,4,1,3.4504,1,49,"Subject_54","1",400,1
"10132",52,100,60,5,0,3.1566,0,49,"Subject_54","1",500,1
"10133",53,100,5,2,1,1.8338,1,49,"Subject_54","1",200,1
"10134",54,100,1,2.5,1,2.1346,1,49,"Subject_54","1",250,1
"10135",55,20,5,10,1,1.1392,1,49,"Subject_54","1",200,2
"10136",56,20,1,1.01,0,2.1511,0,49,"Subject_54","1",20.2,2
"10137",57,20,3,1.1,0,1.2322,0,49,"Subject_54","1",22,2
"10138",58,100,1,1.02,0,1.1098,0,49,"Subject_54","1",102,1
"10139",59,20,14,1.01,0,1.4052,1,49,"Subject_54","1",20.2,2
"10140",60,20,8,5,1,1.662,1,49,"Subject_54","1",100,2
"10141",61,100,1,13,1,1.2429,0,49,"Subject_54","1",1300,1
"10142",62,20,60,5,0,2.1992,1,49,"Subject_54","1",100,2
"10143",63,100,30,1.2,0,2.6589,1,49,"Subject_54","1",120,1
"10144",64,100,3,2.5,1,1.5225,0,49,"Subject_54","1",250,1
"10145",65,20,60,1.02,0,1.3683,0,49,"Subject_54","1",20.4,2
"10146",66,100,5,13,1,1.3215,1,49,"Subject_54","1",1300,1
"10147",67,20,1,13,1,1.5483,0,49,"Subject_54","1",260,2
"10148",68,100,1,10,1,1.4402,0,49,"Subject_54","1",1000,1
"10149",69,100,8,2.5,1,3.0993,1,49,"Subject_54","1",250,1
"10150",70,20,30,13,1,2.285,0,49,"Subject_54","1",260,2
"10151",71,20,8,3,1,1.8249,0,49,"Subject_54","1",60,2
"10152",72,20,1,4,1,1.9241,1,49,"Subject_54","1",80,2
"10153",73,100,8,5,1,3.9264,0,49,"Subject_54","1",500,1
"10154",74,100,8,1.01,0,2.1987,1,49,"Subject_54","1",101,1
"10155",75,100,60,3,0,4.6702,1,49,"Subject_54","1",300,1
"10156",76,20,60,7,0,2.1536,0,49,"Subject_54","1",140,2
"10157",77,100,30,10,1,1.4873,0,49,"Subject_54","1",1000,1
"10158",78,20,8,2,1,2.1149,0,49,"Subject_54","1",40,2
"10159",79,20,3,2.5,1,1.4329,1,49,"Subject_54","1",50,2
"10160",80,20,14,2.5,1,1.4926,0,49,"Subject_54","1",50,2
"10161",81,100,3,1.5,1,2.601,1,49,"Subject_54","1",150,1
"10162",82,20,30,2.5,1,1.6547,1,49,"Subject_54","1",50,2
"10163",83,20,1,1.05,0,1.503,1,49,"Subject_54","1",21,2
"10164",84,20,60,1.2,0,1.3618,0,49,"Subject_54","1",24,2
"10165",85,20,5,1.01,0,1.1168,1,49,"Subject_54","1",20.2,2
"10166",86,100,30,7,1,2.3467,1,49,"Subject_54","1",700,1
"10167",87,20,30,1.01,0,1.5329,1,49,"Subject_54","1",20.2,2
"10168",88,20,1,1.5,1,1.7622,1,49,"Subject_54","1",30,2
"10169",89,20,30,4,1,3.8185,1,49,"Subject_54","1",80,2
"10170",90,100,30,5,1,1.5242,1,49,"Subject_54","1",500,1
"10171",91,20,8,1.8,1,2.7327,0,49,"Subject_54","1",36,2
"10172",92,100,5,3,1,1.6522,0,49,"Subject_54","1",300,1
"10173",93,100,3,1.02,0,1.2795,1,49,"Subject_54","1",102,1
"10174",94,100,14,1.01,0,1.333,1,49,"Subject_54","1",101,1
"10175",95,100,8,2,1,2.8994,1,49,"Subject_54","1",200,1
"10176",96,100,5,7,1,1.4379,1,49,"Subject_54","1",700,1
"10177",97,20,30,2,1,3.2769,0,49,"Subject_54","1",40,2
"10178",98,100,14,1.2,1,4.7135,0,49,"Subject_54","1",120,1
"10179",99,100,1,1.05,0,1.5933,0,49,"Subject_54","1",105,1
"10180",100,100,1,1.01,0,2.3103,1,49,"Subject_54","1",101,1
"10181",101,100,3,3,1,1.4318,0,49,"Subject_54","1",300,1
"10182",102,100,5,1.02,0,1.2986,0,49,"Subject_54","1",102,1
"10183",103,100,60,1.1,0,1.561,0,49,"Subject_54","1",110,1
"10184",104,20,3,4,1,1.3601,0,49,"Subject_54","1",80,2
"10185",105,20,60,2.5,0,2.1497,0,49,"Subject_54","1",50,2
"10186",106,20,3,13,1,1.3259,0,49,"Subject_54","1",260,2
"10187",107,100,60,2,1,1.2322,1,49,"Subject_54","1",200,1
"10188",108,100,30,1.05,0,1.0135,0,49,"Subject_54","1",105,1
"10189",109,100,14,10,1,1.6279,0,49,"Subject_54","1",1000,1
"10190",110,100,3,1.01,0,1.2129,1,49,"Subject_54","1",101,1
"10191",111,20,1,2,1,1.5052,0,49,"Subject_54","1",40,2
"10192",112,20,60,13,1,1.3901,0,49,"Subject_54","1",260,2
"10193",113,20,60,3,0,2.5893,0,49,"Subject_54","1",60,2
"10194",114,100,8,3,1,1.4186,0,49,"Subject_54","1",300,1
"10195",115,20,30,1.02,0,1.505,0,49,"Subject_54","1",20.4,2
"10196",116,20,60,1.1,0,1.3498,0,49,"Subject_54","1",22,2
"10197",117,20,60,1.5,0,1.6397,0,49,"Subject_54","1",30,2
"10198",118,100,60,7,1,2.7835,1,49,"Subject_54","1",700,1
"10199",119,20,14,1.1,0,1.1686,0,49,"Subject_54","1",22,2
"10200",120,20,5,2,0,2.0075,1,49,"Subject_54","1",40,2
"10201",121,20,1,5,1,2.4098,1,49,"Subject_54","1",100,2
"10202",122,20,5,1.1,0,1.2557,0,49,"Subject_54","1",22,2
"10203",123,100,3,4,1,1.3276,1,49,"Subject_54","1",400,1
"10204",124,20,30,1.1,0,1.6262,0,49,"Subject_54","1",22,2
"10205",125,20,60,10,0,1.9321,0,49,"Subject_54","1",200,2
"10206",126,20,1,1.1,0,2.9242,1,49,"Subject_54","1",22,2
"10207",127,100,14,2.5,1,2.5459,0,49,"Subject_54","1",250,1
"10208",128,100,3,13,1,1.49,1,49,"Subject_54","1",1300,1
"10209",129,100,60,1.2,0,2.1731,1,49,"Subject_54","1",120,1
"10210",130,100,14,1.8,1,2.1469,1,49,"Subject_54","1",180,1
"10211",131,100,8,1.1,0,1.6198,0,49,"Subject_54","1",110,1
"10212",132,20,14,1.5,0,2.6983,0,49,"Subject_54","1",30,2
"10213",133,100,14,4,0,4.1524,1,49,"Subject_54","1",400,1
"10214",134,100,1,1.5,1,1.975,0,49,"Subject_54","1",150,1
"10215",135,20,5,5,1,2.4438,0,49,"Subject_54","1",100,2
"10216",136,20,8,2.5,1,2.7825,1,49,"Subject_54","1",50,2
"10217",137,100,14,1.5,1,1.7842,1,49,"Subject_54","1",150,1
"10218",138,20,14,10,1,1.6021,1,49,"Subject_54","1",200,2
"10219",139,20,30,1.5,0,2.9672,0,49,"Subject_54","1",30,2
"10220",140,100,5,1.2,1,2.6015,0,49,"Subject_54","1",120,1
"10221",141,20,3,1.02,0,1.5756,0,49,"Subject_54","1",20.4,2
"10222",142,100,30,13,1,2.0773,0,49,"Subject_54","1",1300,1
"10223",143,20,5,1.8,1,1.9465,0,49,"Subject_54","1",36,2
"10224",144,100,14,3,1,1.6651,0,49,"Subject_54","1",300,1
"10225",145,100,8,10,1,2.2952,1,49,"Subject_54","1",1000,1
"10226",146,20,8,7,0,1.6024,0,49,"Subject_54","1",140,2
"10227",147,100,3,1.2,1,3.202,0,49,"Subject_54","1",120,1
"10228",148,20,14,7,1,1.871,0,49,"Subject_54","1",140,2
"10229",149,20,3,5,1,1.3343,0,49,"Subject_54","1",100,2
"10230",150,100,8,13,1,1.9645,0,49,"Subject_54","1",1300,1
"10231",151,100,8,1.05,0,3.5494,1,49,"Subject_54","1",105,1
"10232",152,20,3,1.8,1,2.5088,1,49,"Subject_54","1",36,2
"10233",153,20,8,13,1,1.6166,0,49,"Subject_54","1",260,2
"10234",154,100,1,7,1,1.5758,0,49,"Subject_54","1",700,1
"10235",155,20,3,3,1,1.3347,1,49,"Subject_54","1",60,2
"10236",156,100,14,1.1,0,1.4749,0,49,"Subject_54","1",110,1
"10237",157,20,5,2.5,1,1.4662,1,49,"Subject_54","1",50,2
"10238",158,20,14,5,1,2.2971,0,49,"Subject_54","1",100,2
"10239",159,20,8,1.05,0,2.0572,1,49,"Subject_54","1",21,2
"10240",160,100,14,1.02,0,1.7521,1,49,"Subject_54","1",102,1
"10241",161,20,14,1.8,1,1.6197,0,49,"Subject_54","1",36,2
"10242",162,20,60,1.05,0,1.8694,0,49,"Subject_54","1",21,2
"10243",163,100,14,1.05,0,1.1744,0,49,"Subject_54","1",105,1
"10244",164,20,5,1.02,0,1.9095,1,49,"Subject_54","1",20.4,2
"10245",165,100,30,1.02,0,1.5485,0,49,"Subject_54","1",102,1
"10246",166,20,60,4,0,3.1037,0,49,"Subject_54","1",80,2
"10247",167,20,14,1.05,0,1.6929,0,49,"Subject_54","1",21,2
"10248",168,20,30,1.2,0,2.0808,1,49,"Subject_54","1",24,2
"10249",169,20,3,1.05,0,1.4301,1,49,"Subject_54","1",21,2
"10250",170,100,5,1.01,0,1.3426,1,49,"Subject_54","1",101,1
"10251",171,20,5,7,1,2.1711,1,49,"Subject_54","1",140,2
"10252",172,100,30,3,1,1.1359,1,49,"Subject_54","1",300,1
"10253",173,100,3,1.05,0,1.1189,0,49,"Subject_54","1",105,1
"10254",174,100,3,10,1,1.6394,1,49,"Subject_54","1",1000,1
"10255",175,100,14,5,1,2.0661,1,49,"Subject_54","1",500,1
"10256",176,20,3,2,1,1.6744,1,49,"Subject_54","1",40,2
"10257",177,20,8,1.2,0,2.8971,1,49,"Subject_54","1",24,2
"10258",178,100,60,4,0,2.4533,1,49,"Subject_54","1",400,1
"10259",179,20,60,1.8,0,4.2846,0,49,"Subject_54","1",36,2
"10260",180,100,60,1.05,0,1.8985,0,49,"Subject_54","1",105,1
"10261",181,20,3,1.5,1,1.7486,1,49,"Subject_54","1",30,2
"10262",182,100,30,4,1,1.5429,0,49,"Subject_54","1",400,1
"10263",183,100,3,1.1,0,3.8164,1,49,"Subject_54","1",110,1
"10264",184,100,30,1.01,0,1.4729,0,49,"Subject_54","1",101,1
"10265",185,20,5,1.5,1,4.4937,0,49,"Subject_54","1",30,2
"10266",186,100,5,2.5,1,1.6013,0,49,"Subject_54","1",250,1
"10267",187,20,8,1.1,0,1.7069,1,49,"Subject_54","1",22,2
"10268",188,20,5,3,1,1.7042,0,49,"Subject_54","1",60,2
"10269",189,20,8,10,1,1.1108,0,49,"Subject_54","1",200,2
"10270",190,100,1,1.8,1,1.4322,0,49,"Subject_54","1",180,1
"10271",191,100,60,2.5,1,2.0532,0,49,"Subject_54","1",250,1
"10272",192,100,14,13,1,1.3069,1,49,"Subject_54","1",1300,1
"10273",193,100,14,2,1,1.8418,0,49,"Subject_54","1",200,1
"10274",194,20,5,1.2,0,1.4859,0,49,"Subject_54","1",24,2
"10275",195,100,30,2,1,3.0617,1,49,"Subject_54","1",200,1
"10276",196,100,60,1.8,0,1.8764,1,49,"Subject_54","1",180,1
"10277",197,20,30,3,1,3.3376,1,49,"Subject_54","1",60,2
"10278",198,100,8,1.5,1,2.6345,1,49,"Subject_54","1",150,1
"10279",199,100,30,2.5,1,1.9616,1,49,"Subject_54","1",250,1
"10280",200,100,14,7,1,1.0896,1,49,"Subject_54","1",700,1
"10281",201,100,1,3,1,2.4227,0,49,"Subject_54","1",300,1
"10282",202,20,8,1.5,0,2.6472,0,49,"Subject_54","1",30,2
"10283",203,100,1,1.2,1,2.679,1,49,"Subject_54","1",120,1
"10284",204,20,60,1.01,0,1.9316,0,49,"Subject_54","1",20.2,2
"10285",205,100,30,1.5,0,2.2488,1,49,"Subject_54","1",150,1
"10286",206,20,3,1.2,0,1.34,0,49,"Subject_54","1",24,2
"10287",207,20,5,1.05,0,1.3455,0,49,"Subject_54","1",21,2
"10288",208,100,60,10,1,1.5687,1,49,"Subject_54","1",1000,1
"10289",209,100,60,1.5,0,2.54,0,49,"Subject_54","1",150,1
"10290",210,100,30,1.8,1,3.4371,1,49,"Subject_54","1",180,1
